images/059A06.JPG,6
images/046A18.JPG,18
images/035A09.JPG,9
images/036A05.JPG,5
images/072A21.JPG,21
images/013A44.JPG,44
images/038A01.JPG,1
images/028A14.JPG,14
images/051A12.JPG,12
images/031A04.JPG,4
images/045A48.JPG,48
images/017A07.JPG,7
images/024A19.JPG,19
images/075A07.JPG,7
images/009A16b.JPG,16
images/048A16.JPG,16
images/058A17.JPG,17
images/030A18.JPG,18
images/059A03.JPG,3
images/004A30.JPG,30
images/030A20.JPG,20
images/030A16.JPG,16
images/023A18.JPG,18
images/032A10.JPG,10
images/035A00.JPG,0
images/032A33.JPG,33
images/043A13.JPG,13
images/074A11.JPG,11
images/063A00.JPG,0
images/005A48.JPG,48
images/032A06.JPG,6
images/026A17.JPG,17
images/077A00.JPG,0
images/007A37.JPG,37
images/046A14.JPG,14
images/021A18.JPG,18
images/074A00.JPG,0
images/082A03.JPG,3
images/026A00.JPG,0
images/054A19.JPG,19
images/023A00.JPG,0
images/077A09.JPG,9
images/061A10.JPG,10
images/004A62.JPG,62
images/028A46.JPG,46
images/082A23.JPG,23
images/030A04.JPG,4
images/054A17.JPG,17
images/043A19.JPG,19
images/005A31.JPG,31
images/013A23.JPG,23
images/075A05.JPG,5
images/011A05.JPG,5
images/054A11.JPG,11
images/021A03.JPG,3
images/046A16.JPG,16
images/072A41.JPG,41
images/004A51.JPG,51
images/031A09.JPG,9
images/065A03a.JPG,3
images/046A10.JPG,10
images/024A17.JPG,17
images/068A09.JPG,9
images/040A07.JPG,7
images/017A19.JPG,19
images/077A04.JPG,4
images/042A06.JPG,6
images/011A13.JPG,13
images/006A69.JPG,69
images/079A02.JPG,2
images/040A05.JPG,5
images/065A02a.JPG,2
images/029A31.JPG,31
images/065A04.JPG,4
images/058A15.JPG,15
images/010A07a.JPG,7
images/013A00.JPG,0
images/013A18.JPG,18
images/079A04.JPG,4
images/080A10.JPG,10
images/023A03.JPG,3
images/036A06.JPG,6
images/061A18.JPG,18
images/023A07.JPG,7
images/077A12.JPG,12
images/048A17.JPG,17
images/079A07.JPG,7
images/021A27.JPG,27
images/004A40.JPG,40
images/035A23a.JPG,23
images/049A15.JPG,15
images/018A11.JPG,11
images/017A38.JPG,38
images/024A10.JPG,10
images/018A06.JPG,6
images/046A06.JPG,6
images/082A20.JPG,20
images/059A16.JPG,16
images/013A30.JPG,30
images/015A12.JPG,12
images/038A21.JPG,21
images/039A10.JPG,10
images/036A13.JPG,13
images/080A02.JPG,2
images/046A12.JPG,12
images/016A17.JPG,17
images/033A35.JPG,35
images/040A16.JPG,16
images/011A40.JPG,40
images/080A14.JPG,14
images/007A01.JPG,1
images/057A00.JPG,0
images/074A10.JPG,10
images/080A09.JPG,9
images/021A35.JPG,35
images/061A07.JPG,7
images/039A50.JPG,50
images/075A01.JPG,1
images/038A04.JPG,4
images/049A06.JPG,6
images/020A11.JPG,11
images/049A04.JPG,4
images/039A02.JPG,2
images/038A14.JPG,14
images/032A15.JPG,15
images/075A02.JPG,2
images/077A02.JPG,2
images/009A13.JPG,13
images/049A08.JPG,8
images/009A03.JPG,3
images/042A24.JPG,24
images/058A10.JPG,10
images/016A18.JPG,18
images/041A09.JPG,9
images/042A01.JPG,1
images/065A06b.JPG,6
images/040A19.JPG,19
images/031A16.JPG,16
images/030A26.JPG,26
images/035A16.JPG,16
images/004A63.JPG,63
images/010A16.JPG,16
images/075A00.JPG,0
images/061A26.JPG,26
images/054A16.JPG,16
images/074A03.JPG,3
images/026A15.JPG,15
images/029A22.JPG,22
images/045A25.JPG,25
images/023A14.JPG,14
images/040A14.JPG,14
images/082A18.JPG,18
images/065A09.JPG,9
images/010A09.JPG,9
images/078A07.JPG,7
images/017A22.JPG,22
images/045A12.JPG,12
images/029A10.JPG,10
images/010A01.JPG,1
images/068A10a.JPG,10
images/049A05.JPG,5
images/076A00.JPG,0
images/076A12.JPG,12
images/039A52.JPG,52
images/005A35.JPG,35
images/054A13.JPG,13
images/057A18.JPG,18
images/009A16a.JPG,16
images/054A00.JPG,0
images/072A17.JPG,17
images/078A12.JPG,12
images/029A23.JPG,23
images/016A01.JPG,1
images/061A15.JPG,15
images/043A17.JPG,17
images/004A53.JPG,53
images/042A12.JPG,12
images/038A00.JPG,0
images/057A23.JPG,23
images/006A28.JPG,28
images/051A05.JPG,5
images/063A25.JPG,25
images/006A36.JPG,36
images/075A08.JPG,8
images/040A00.JPG,0
images/063A20.JPG,20
images/017A36.JPG,36
images/043A04.JPG,4
images/057A07.JPG,7
images/041A20.JPG,20
images/032A35.JPG,35
images/010A07b.JPG,7
images/026A07.JPG,7
images/026A06.JPG,6
images/011A14.JPG,14
images/079A13.JPG,13
images/051A15.JPG,15
images/051A18.JPG,18
images/043A15.JPG,15
images/010A04.JPG,4
images/015A10.JPG,10
images/058A00.JPG,0
images/015A19.JPG,19
images/077A03.JPG,3
images/038A05.JPG,5
images/004A37.JPG,37
images/021A39.JPG,39
images/015A14.JPG,14
images/059A04.JPG,4
images/029A05.JPG,5
images/061A19.JPG,19
images/009A09.JPG,9
images/005A45.JPG,45
images/059A02a.JPG,2
images/039A45.JPG,45
images/057A12.JPG,12
images/046A17.JPG,17
images/043A00.JPG,0
images/011A17.JPG,17
images/016A19.JPG,19
images/054A18.JPG,18
images/017A26.JPG,26
images/074A12.JPG,12
images/031A00.JPG,0
images/077A07.JPG,7
images/051A00.JPG,0
images/041A04.JPG,4
images/049A07.JPG,7
images/065A02b.JPG,2
images/059A02b.JPG,2
images/006A55.JPG,55
images/078A02.JPG,2
images/075A03.JPG,3
images/036A03.JPG,3
images/041A00.JPG,0
images/079A03.JPG,3
images/043A27.JPG,27
images/035A23b.JPG,23
images/007A39.JPG,39
images/005A61.JPG,61
images/006A61.JPG,61
images/049A10.JPG,10
images/036A01.JPG,1
images/036A19.JPG,19
images/072A13.JPG,13
images/076A05.JPG,5
images/043A03.JPG,3
images/021A05.JPG,5
images/079A00.JPG,0
images/005A30.JPG,30
images/080A08.JPG,8
images/028A35.JPG,35
images/015A04.JPG,4
images/049A12.JPG,12
images/065A03b.JPG,3
images/049A16.JPG,16
images/017A29.JPG,29
images/061A30.JPG,30
images/021A16.JPG,16
images/007A45.JPG,45
images/057A25.JPG,25
images/005A18.JPG,18
images/026A04.JPG,4
images/041A13.JPG,13
images/031A11.JPG,11
images/082A21.JPG,21
images/024A05.JPG,5
images/058A06.JPG,6
images/051A02.JPG,2
images/038A23.JPG,23
images/017A05.JPG,5
images/043A23.JPG,23
images/072A14.JPG,14
images/072A34.JPG,34
images/033A18.JPG,18
images/031A03.JPG,3
images/078A06.JPG,6
images/048A52.JPG,52
images/030A23.JPG,23
images/029A04.JPG,4
images/076A01.JPG,1
images/059A07.JPG,7
images/078A09.JPG,9
images/009A14.JPG,14
images/042A28.JPG,28
images/076A09.JPG,9
images/017A12.JPG,12
images/038A34.JPG,34
images/080A05.JPG,5
images/011A34.JPG,34
images/078A03.JPG,3
images/048A46.JPG,46
images/033A05.JPG,5
images/018A22.JPG,22
images/016A05.JPG,5
images/046A04.JPG,4
images/051A16.JPG,16
images/068A00.JPG,0
images/018A29.JPG,29
images/006A42.JPG,42
images/039A17.JPG,17
images/063A22.JPG,22
images/004A48.JPG,48
images/032A20.JPG,20
images/063A09.JPG,9
images/059A12.JPG,12
images/013A25.JPG,25
images/039A05.JPG,5
images/072A07.JPG,7
images/075A11.JPG,11
images/065A07b.JPG,7
images/074A09.JPG,9
images/006A46.JPG,46
images/033A10.JPG,10
images/061A06.JPG,6
images/023A25.JPG,25
images/032A28.JPG,28
images/036A15.JPG,15
images/048A54.JPG,54
images/079A11.JPG,11
images/080A04.JPG,4
images/072A25.JPG,25
images/042A05.JPG,5
images/051A17.JPG,17
images/042A10.JPG,10
images/030A17.JPG,17
images/015A09.JPG,9
images/057A17.JPG,17
images/042A08.JPG,8
images/077A06.JPG,6
images/021A06.JPG,6
images/076A04.JPG,4
images/004A21.JPG,21
images/040A02.JPG,2
images/024A23.JPG,23
images/015A07.JPG,7
images/032A24.JPG,24
images/024A07.JPG,7
images/054A09.JPG,9
images/007A22.JPG,22
images/048A27.JPG,27
images/082A00.JPG,0
images/077A08.JPG,8
images/076A08.JPG,8
images/041A21.JPG,21
images/046A02.JPG,2
images/038A08.JPG,8
images/048A18.JPG,18
images/054A06.JPG,6
images/080A03.JPG,3
images/078A13.JPG,13
images/042A00.JPG,0
images/058A01.JPG,1
images/006A24.JPG,24
images/076A16.JPG,16
images/082A31.JPG,31
images/038A10.JPG,10
images/021A11.JPG,11
images/028A41.JPG,41
images/041A19.JPG,19
images/033A21.JPG,21
images/043A10.JPG,10
images/076A03.JPG,3
images/065A11.JPG,11
images/015A01.JPG,1
images/024A28.JPG,28
images/068A11.JPG,11
images/082A25.JPG,25
images/078A08.JPG,8
images/076A15.JPG,15
images/026A18.JPG,18
images/016A07.JPG,7
images/046A00.JPG,0
images/029A16.JPG,16
images/015A03.JPG,3
images/016A14.JPG,14
images/080A01.JPG,1
images/039A15.JPG,15
images/020A36.JPG,36
images/051A14.JPG,14
images/006A31.JPG,31
images/078A04.JPG,4
images/011A27.JPG,27
images/039A35.JPG,35
images/020A04.JPG,4
images/020A13.JPG,13
images/065A07a.JPG,7
images/080A00.JPG,0
images/029A29.JPG,29
images/035A14.JPG,14
images/017A32.JPG,32
images/041A24.JPG,24
images/054A10.JPG,10
images/078A15.JPG,15
images/026A13.JPG,13
images/018A36.JPG,36
images/042A18.JPG,18
images/048A10.JPG,10
images/020A18.JPG,18
images/020A20.JPG,20
images/005A24.JPG,24
images/023A05.JPG,5
images/036A08.JPG,8
images/040A03a.JPG,3
images/079A09.JPG,9
images/016A10.JPG,10
images/024A18.JPG,18
images/031A19.JPG,19
images/010A15.JPG,15
images/023A29.JPG,29
images/072A29.JPG,29
images/074A05.JPG,5
images/017A15.JPG,15
images/057A06.JPG,6
images/063A02.JPG,2
images/031A15.JPG,15
images/054A02.JPG,2
images/076A14.JPG,14
images/041A06.JPG,6
images/009A05.JPG,5
images/058A05.JPG,5
images/006A40.JPG,40
images/031A12.JPG,12
images/045A18.JPG,18
images/065A12.JPG,12
images/045A19.JPG,19
images/005A49.JPG,49
images/010A06.JPG,6
images/029A13.JPG,13
images/077A13.JPG,13
images/048A09.JPG,9
images/045A17.JPG,17
images/028A18.JPG,18
images/077A10.JPG,10
images/074A08.JPG,8
images/023A22.JPG,22
images/063A33.JPG,33
images/018A28.JPG,28
images/024A30.JPG,30
images/054A12.JPG,12
images/061A17.JPG,17
images/065A10.JPG,10
images/018A18.JPG,18
images/038A03.JPG,3
images/009A22a.JPG,22
images/011A15.JPG,15
images/010A12.JPG,12
images/042A20.JPG,20
images/016A12.JPG,12
images/058A02.JPG,2
images/020A02.JPG,2
images/013A21.JPG,21
images/033A02.JPG,2
images/024A25.JPG,25
images/033A30.JPG,30
images/046A08.JPG,8
images/077A01.JPG,1
images/074A01.JPG,1
images/038A11.JPG,11
images/020A16.JPG,16
images/023A16.JPG,16
images/031A14.JPG,14
images/036A17.JPG,17
images/016A16.JPG,16
images/079A10.JPG,10
images/016A04.JPG,4
images/026A11.JPG,11
images/009A22b.JPG,22
images/068A03.JPG,3
images/011A02.JPG,2
images/004A28.JPG,28
images/005A52.JPG,52
images/020A26.JPG,26
images/057A05.JPG,5
images/035A05.JPG,5
images/048A30.JPG,30
images/016A08.JPG,8
images/078A14.JPG,14
images/046A20.JPG,20
images/045A03.JPG,3
images/011A30.JPG,30
images/039A19.JPG,19
images/079A01.JPG,1
images/076A11.JPG,11
images/080A07.JPG,7
images/013A08.JPG,8
images/011A20.JPG,20
images/072A19.JPG,19
images/021A30.JPG,30
images/018A25.JPG,25
images/079A06.JPG,6
images/028A34.JPG,34
images/068A12.JPG,12
images/045A06.JPG,6
images/028A26.JPG,26
images/030A05.JPG,5
images/079A12.JPG,12
images/033A39.JPG,39
images/063A04.JPG,4
images/072A27.JPG,27
images/026A02.JPG,2
images/079A08.JPG,8
images/007A23.JPG,23
images/010A05.JPG,5
images/061A29.JPG,29
images/011A07.JPG,7
images/018A16.JPG,16
images/063A08.JPG,8
images/006A67.JPG,67
images/020A24.JPG,24
images/039A16.JPG,16
images/058A03.JPG,3
images/065A13.JPG,13
images/046A01.JPG,1
images/078A10.JPG,10
images/074A13.JPG,13
images/068A04.JPG,4
images/029A01.JPG,1
images/048A00.JPG,0
images/076A13.JPG,13
images/075A10.JPG,10
images/035A01.JPG,1
images/051A24.JPG,24
images/074A04.JPG,4
images/058A13.JPG,13
images/082A27.JPG,27
images/028A16.JPG,16
images/068A13.JPG,13
images/077A15.JPG,15
images/009A01.JPG,1
images/039A07.JPG,7
images/015A17.JPG,17
images/024A00.JPG,0
images/063A18.JPG,18
images/074A15.JPG,15
images/054A04.JPG,4
images/013A41.JPG,41
images/076A06.JPG,6
images/077A14.JPG,14
images/075A06.JPG,6
images/078A05.JPG,5
images/059A14.JPG,14
images/040A12.JPG,12
images/072A11.JPG,11
images/009A18.JPG,18
images/030A10.JPG,10
images/051A08.JPG,8
images/082A22.JPG,22
images/045A28.JPG,28
images/077A11.JPG,11
images/031A06.JPG,6
images/032A13.JPG,13
images/078A00.JPG,0
images/065A06a.JPG,6
images/074A02.JPG,2
images/015A00.JPG,0
images/007A38.JPG,38
images/082A16.JPG,16
images/023A09.JPG,9
images/080A13.JPG,13
images/072A02.JPG,2
images/061A32.JPG,32
images/013A19.JPG,19
images/036A00.JPG,0
images/028A28.JPG,28
images/040A09.JPG,9
images/038A13.JPG,13
images/015A15.JPG,15
images/021A23.JPG,23
images/076A02.JPG,2
images/033A25.JPG,25
images/035A08.JPG,8
images/020A08.JPG,8
images/065A08.JPG,8
images/029A33.JPG,33
images/013A16.JPG,16
images/032A40.JPG,40
images/048A49.JPG,49
images/021A20.JPG,20
images/074A06.JPG,6
images/035A07.JPG,7
images/076A10.JPG,10
images/033A44.JPG,44
images/032A18.JPG,18
images/076A07.JPG,7
images/029A20.JPG,20
images/004A19.JPG,19
images/048A11.JPG,11
images/013A34.JPG,34
images/068A14.JPG,14
images/033A14.JPG,14
images/017A42.JPG,42
images/010A18.JPG,18
images/017A17.JPG,17
images/031A07.JPG,7
images/077A16.JPG,16
images/035A18.JPG,18
images/011A42.JPG,42
images/035A03.JPG,3
images/079A05.JPG,5
images/009A00.JPG,0
images/080A06.JPG,6
images/048A15.JPG,15
images/045A08.JPG,8
images/049A17.JPG,17
images/078A11.JPG,11
images/041A02.JPG,2
images/061A25.JPG,25
images/040A21.JPG,21
images/042A14.JPG,14
images/018A34.JPG,34
images/036A20.JPG,20
images/028A37.JPG,37
images/057A16.JPG,16
images/080A12.JPG,12
images/005A40.JPG,40
images/004A26.JPG,26
images/048A33.JPG,33
images/078A01.JPG,1
images/029A11.JPG,11
images/076A17.JPG,17
images/040A06.JPG,6
images/040A10.JPG,10
images/031A02.JPG,2
images/074A14.JPG,14
images/030A07.JPG,7
images/018A33.JPG,33
images/040A03b.JPG,3
images/039A13.JPG,13
images/006A51.JPG,51
images/007A26.JPG,26
images/036A18.JPG,18
images/048A50.JPG,50
images/074A07.JPG,7
images/061A04.JPG,4
images/042A04.JPG,4
images/036A11.JPG,11
images/072A45.JPG,45
images/011A11.JPG,11
images/010A10.JPG,10
images/039A11.JPG,11
images/023A21.JPG,21
images/035A21.JPG,21
images/043A05.JPG,5
images/058A04.JPG,4
images/009A11.JPG,11
images/016A03.JPG,3
images/030A00.JPG,0
images/045A32.JPG,32
images/045A43.JPG,43
images/045A40.JPG,40
images/032A08.JPG,8
images/038A17.JPG,17
images/020A22.JPG,22
images/028A20.JPG,20
images/007A18.JPG,18
images/020A30.JPG,30
images/026A19.JPG,19
images/035A12.JPG,12
images/015A05.JPG,5
images/068A10b.JPG,10
