images/023A09.JPG,9
images/074A12.JPG,12
images/063A33.JPG,33
images/038A13.JPG,13
images/002A23.JPG,23
images/074A01.JPG,1
images/006A36.JPG,36
images/079A08.JPG,8
images/071A24.JPG,24
images/069A05.JPG,5
images/029A11.JPG,11
images/052A19.JPG,19
images/019A18.JPG,18
images/070A02.JPG,2
images/006A28.JPG,28
images/080A00.JPG,0
images/061A30.JPG,30
images/036A08.JPG,8
images/074A11.JPG,11
images/002A20.JPG,20
images/056A06.JPG,6
images/018A11.JPG,11
images/050A10.JPG,10
images/038A00.JPG,0
images/004A48.JPG,48
images/046A14.JPG,14
images/054A04.JPG,4
images/050A06.JPG,6
images/058A15.JPG,15
images/019A07.JPG,7
images/064A01.JPG,1
images/067A33.JPG,33
images/015A14.JPG,14
images/008A33.JPG,33
images/002A15.JPG,15
images/027A41.JPG,41
images/046A08.JPG,8
images/050A14.JPG,14
images/054A10.JPG,10
images/015A12.JPG,12
images/068A04.JPG,4
images/008A17.JPG,17
images/055A04.JPG,4
images/080A03.JPG,3
images/064A04.JPG,4
images/082A25.JPG,25
images/034A44.JPG,44
images/054A06.JPG,6
images/082A16.JPG,16
images/063A02.JPG,2
images/018A29.JPG,29
images/036A05.JPG,5
images/020A20.JPG,20
images/027A02.JPG,2
images/067A39.JPG,39
images/044A25.JPG,25
images/060A04.JPG,4
images/018A06.JPG,6
images/071A27.JPG,27
images/061A06.JPG,6
images/015A17.JPG,17
images/052A07.JPG,7
images/063A00.JPG,0
images/082A31.JPG,31
images/007A26.JPG,26
images/006A31.JPG,31
images/071A10.JPG,10
images/080A12.JPG,12
images/038A34.JPG,34
images/010A04.JPG,4
images/010A15.JPG,15
images/080A08.JPG,8
images/050A03.JPG,3
images/042A06.JPG,6
images/006A46.JPG,46
images/029A29.JPG,29
images/036A11.JPG,11
images/008A21.JPG,21
images/071A18.JPG,18
images/036A17.JPG,17
images/080A14.JPG,14
images/076A13.JPG,13
images/003A49.JPG,49
images/009A13.JPG,13
images/059A04.JPG,4
images/057A23.JPG,23
images/067A04.JPG,4
images/071A35.JPG,35
images/008A12.JPG,12
images/024A30.JPG,30
images/002A03.JPG,3
images/063A04.JPG,4
images/062A38.JPG,38
images/059A07.JPG,7
images/036A06.JPG,6
images/003A61.JPG,61
images/042A10.JPG,10
images/023A29.JPG,29
images/050A22.JPG,22
images/024A17.JPG,17
images/006A42.JPG,42
images/020A18.JPG,18
images/054A12.JPG,12
images/015A05.JPG,5
images/076A00.JPG,0
images/074A09.JPG,9
images/072A14.JPG,14
images/069A02.JPG,2
images/034A11.JPG,11
images/057A07.JPG,7
images/061A25.JPG,25
images/046A10.JPG,10
images/025A12.JPG,12
images/064A15.JPG,15
images/002A29.JPG,29
images/038A11.JPG,11
images/038A08.JPG,8
images/007A18.JPG,18
images/065A07b.JPG,7
images/052A18.JPG,18
images/029A01.JPG,1
images/025A39.JPG,39
images/080A06.JPG,6
images/072A19.JPG,19
images/070A06.JPG,6
images/063A25.JPG,25
images/052A14.JPG,14
images/079A03.JPG,3
images/020A11.JPG,11
images/009A05.JPG,5
images/071A44.JPG,44
images/020A16.JPG,16
images/023A25.JPG,25
images/052A17.JPG,17
images/006A69.JPG,69
images/076A09.JPG,9
images/005A24.JPG,24
images/060A19.JPG,19
images/082A18.JPG,18
images/067A14.JPG,14
images/044A15.JPG,15
images/008A08.JPG,8
images/020A26.JPG,26
images/005A35.JPG,35
images/050A18.JPG,18
images/064A10.JPG,10
images/029A05.JPG,5
images/025A34.JPG,34
images/070A14.JPG,14
images/010A01.JPG,1
images/070A00.JPG,0
images/069A00.JPG,0
images/002A04.JPG,4
images/020A02.JPG,2
images/042A18.JPG,18
images/029A31.JPG,31
images/052A20.JPG,20
images/056A15.JPG,15
images/019A23.JPG,23
images/062A53.JPG,53
images/021A03.JPG,3
images/059A14.JPG,14
images/058A04.JPG,4
images/054A02.JPG,2
images/082A23.JPG,23
images/074A00.JPG,0
images/038A10.JPG,10
images/047A15.JPG,15
images/024A19.JPG,19
images/004A21.JPG,21
images/057A17.JPG,17
images/079A01.JPG,1
images/038A05.JPG,5
images/069A10.JPG,10
images/054A11.JPG,11
images/044A03.JPG,3
images/020A24.JPG,24
images/006A67.JPG,67
images/069A09.JPG,9
images/070A09.JPG,9
images/080A02.JPG,2
images/060A12.JPG,12
images/072A29.JPG,29
images/047A13.JPG,13
images/064A03.JPG,3
images/067A26.JPG,26
images/070A05.JPG,5
images/060A20.JPG,20
images/055A12.JPG,12
images/044A17.JPG,17
images/052A02.JPG,2
images/023A00.JPG,0
images/034A16.JPG,16
images/069A07.JPG,7
images/047A05.JPG,5
images/067A30.JPG,30
images/055A08.JPG,8
images/071A00.JPG,0
images/029A23.JPG,23
images/025A03.JPG,3
images/065A03a.JPG,3
images/002A21.JPG,21
images/015A15.JPG,15
images/044A13.JPG,13
images/034A02.JPG,2
images/044A01.JPG,1
images/041A24.JPG,24
images/074A07.JPG,7
images/024A25.JPG,25
images/060A02.JPG,2
images/070A03.JPG,3
images/080A09.JPG,9
images/042A00.JPG,0
images/046A12.JPG,12
images/002A36.JPG,36
images/036A19.JPG,19
images/054A13.JPG,13
images/056A10.JPG,10
images/044A21.JPG,21
images/019A00.JPG,0
images/076A14.JPG,14
images/008A29.JPG,29
images/029A20.JPG,20
images/062A41.JPG,41
images/025A23.JPG,23
images/029A16.JPG,16
images/044A18.JPG,18
images/015A07.JPG,7
images/020A22.JPG,22
images/009A22a.JPG,22
images/052A13.JPG,13
images/003A51.JPG,51
images/015A01.JPG,1
images/003A18.JPG,18
images/060A05.JPG,5
images/057A16.JPG,16
images/044A07.JPG,7
images/024A05.JPG,5
images/065A11.JPG,11
images/074A15.JPG,15
images/076A06.JPG,6
images/034A04.JPG,4
images/005A31.JPG,31
images/037A17.JPG,17
images/042A04.JPG,4
images/042A20.JPG,20
images/042A05.JPG,5
images/080A07.JPG,7
images/047A09.JPG,9
images/058A01.JPG,1
images/004A62.JPG,62
images/076A03.JPG,3
images/025A28.JPG,28
images/079A02.JPG,2
images/018A22.JPG,22
images/065A03b.JPG,3
images/002A05.JPG,5
images/034A18.JPG,18
images/074A02.JPG,2
images/046A18.JPG,18
images/009A16a.JPG,16
images/061A19.JPG,19
images/025A00.JPG,0
images/076A05.JPG,5
images/029A33.JPG,33
images/019A12.JPG,12
images/076A12.JPG,12
images/004A19.JPG,19
images/018A25.JPG,25
images/038A03.JPG,3
images/003A25.JPG,25
images/041A19.JPG,19
images/007A45.JPG,45
images/029A10.JPG,10
images/023A14.JPG,14
images/037A18.JPG,18
images/047A23.JPG,23
images/054A16.JPG,16
images/019A30.JPG,30
images/019A15.JPG,15
images/071A42.JPG,42
images/082A22.JPG,22
images/024A28.JPG,28
images/007A23.JPG,23
images/027A20.JPG,20
images/005A30.JPG,30
images/061A18.JPG,18
images/080A01.JPG,1
images/036A13.JPG,13
images/056A01.JPG,1
images/076A08.JPG,8
images/023A18.JPG,18
images/058A02.JPG,2
images/019A05.JPG,5
images/079A13.JPG,13
images/007A22.JPG,22
images/047A33.JPG,33
images/009A22b.JPG,22
images/060A06.JPG,6
images/046A16.JPG,16
images/054A19.JPG,19
images/009A16b.JPG,16
images/021A39.JPG,39
images/056A02.JPG,2
images/004A63.JPG,63
images/025A22.JPG,22
images/023A03.JPG,3
images/047A11.JPG,11
images/072A07.JPG,7
images/021A05.JPG,5
images/007A01.JPG,1
images/063A22.JPG,22
images/020A08.JPG,8
images/065A02b.JPG,2
images/023A22.JPG,22
images/027A36.JPG,36
images/058A10.JPG,10
images/009A01.JPG,1
images/036A03.JPG,3
images/072A27.JPG,27
images/041A09.JPG,9
images/060A10.JPG,10
images/060A07.JPG,7
images/002A31.JPG,31
images/037A04.JPG,4
images/080A04.JPG,4
images/070A08.JPG,8
images/059A16.JPG,16
images/046A04.JPG,4
images/019A27.JPG,27
images/068A10a.JPG,10
images/018A16.JPG,16
images/062A15.JPG,15
images/015A09.JPG,9
images/079A09.JPG,9
images/038A17.JPG,17
images/018A33.JPG,33
images/072A13.JPG,13
images/067A21.JPG,21
images/079A06.JPG,6
images/008A30.JPG,30
images/055A23.JPG,23
images/065A07a.JPG,7
images/069A03.JPG,3
images/079A05.JPG,5
images/020A13.JPG,13
images/072A41.JPG,41
images/029A22.JPG,22
images/018A34.JPG,34
images/037A08.JPG,8
images/047A20.JPG,20
images/034A35.JPG,35
images/003A35.JPG,35
images/008A31.JPG,31
images/059A02a.JPG,2
images/041A04.JPG,4
images/023A05.JPG,5
images/006A55.JPG,55
images/024A10.JPG,10
images/061A15.JPG,15
images/062A03.JPG,3
images/018A36.JPG,36
images/008A41.JPG,41
images/079A10.JPG,10
images/036A01.JPG,1
images/021A35.JPG,35
images/041A06.JPG,6
images/068A03.JPG,3
images/003A20.JPG,20
images/021A18.JPG,18
images/072A25.JPG,25
images/004A53.JPG,53
images/036A00.JPG,0
images/057A06.JPG,6
images/072A02.JPG,2
images/023A16.JPG,16
images/055A14.JPG,14
images/068A11.JPG,11
images/080A05.JPG,5
images/065A06b.JPG,6
images/034A39.JPG,39
images/004A28.JPG,28
images/008A18.JPG,18
images/002A12.JPG,12
images/006A24.JPG,24
images/062A47.JPG,47
images/057A05.JPG,5
images/065A02a.JPG,2
images/015A19.JPG,19
images/015A00.JPG,0
images/002A26.JPG,26
images/054A17.JPG,17
images/034A30.JPG,30
images/005A48.JPG,48
images/074A14.JPG,14
images/021A11.JPG,11
images/058A05.JPG,5
images/024A23.JPG,23
images/058A13.JPG,13
images/027A16.JPG,16
images/079A12.JPG,12
images/055A06.JPG,6
images/002A16.JPG,16
images/052A04.JPG,4
images/069A04.JPG,4
images/018A28.JPG,28
images/006A61.JPG,61
images/062A16.JPG,16
images/024A07.JPG,7
images/018A18.JPG,18
images/038A23.JPG,23
images/027A25.JPG,25
images/065A08.JPG,8
images/005A45.JPG,45
images/015A10.JPG,10
images/074A10.JPG,10
images/076A10.JPG,10
images/009A11.JPG,11
images/038A14.JPG,14
images/008A03.JPG,3
images/047A06.JPG,6
images/027A18.JPG,18
images/063A20.JPG,20
images/042A24.JPG,24
images/015A04.JPG,4
images/004A26.JPG,26
images/076A17.JPG,17
images/057A18.JPG,18
images/042A12.JPG,12
images/027A11.JPG,11
images/071A43.JPG,43
images/004A51.JPG,51
images/059A03.JPG,3
images/058A06.JPG,6
images/036A18.JPG,18
images/046A01.JPG,1
images/047A18.JPG,18
images/010A09.JPG,9
images/041A20.JPG,20
images/044A05.JPG,5
images/021A06.JPG,6
images/074A04.JPG,4
images/010A05.JPG,5
images/038A04.JPG,4
images/076A16.JPG,16
images/034A15.JPG,15
images/067A28.JPG,28
images/005A49.JPG,49
images/068A14.JPG,14
images/068A09.JPG,9
images/015A03.JPG,3
images/074A08.JPG,8
images/037A01.JPG,1
images/025A15.JPG,15
images/076A11.JPG,11
images/008A13.JPG,13
images/021A27.JPG,27
images/003A58.JPG,58
images/074A06.JPG,6
images/067A23.JPG,23
images/009A14.JPG,14
images/074A13.JPG,13
images/006A40.JPG,40
images/009A03.JPG,3
images/019A03.JPG,3
images/058A00.JPG,0
images/063A09.JPG,9
images/065A06a.JPG,6
images/052A16.JPG,16
images/034A25.JPG,25
images/071A23.JPG,23
images/010A07b.JPG,7
images/071A22.JPG,22
images/069A06.JPG,6
images/006A51.JPG,51
images/056A03.JPG,3
images/027A22.JPG,22
images/004A40.JPG,40
images/046A00.JPG,0
images/038A21.JPG,21
images/082A20.JPG,20
images/071A45.JPG,45
images/055A05.JPG,5
images/020A30.JPG,30
images/072A17.JPG,17
images/034A21.JPG,21
images/076A07.JPG,7
images/068A00.JPG,0
images/004A30.JPG,30
images/029A13.JPG,13
images/021A30.JPG,30
images/037A11.JPG,11
images/024A18.JPG,18
images/050A00.JPG,0
images/063A08.JPG,8
images/061A32.JPG,32
images/061A26.JPG,26
images/068A10b.JPG,10
images/050A16.JPG,16
images/010A10.JPG,10
images/024A00.JPG,0
images/069A13.JPG,13
images/010A18.JPG,18
images/079A11.JPG,11
images/076A15.JPG,15
images/037A06.JPG,6
images/008A16.JPG,16
images/061A04.JPG,4
images/057A25.JPG,25
images/042A01.JPG,1
images/079A00.JPG,0
images/063A18.JPG,18
images/065A09.JPG,9
images/072A11.JPG,11
images/056A04.JPG,4
images/002A07.JPG,7
images/037A13.JPG,13
images/003A47.JPG,47
images/007A37.JPG,37
images/062A45.JPG,45
images/027A13.JPG,13
images/076A01.JPG,1
images/070A12.JPG,12
images/067A17.JPG,17
images/047A55.JPG,55
images/069A11.JPG,11
images/064A19.JPG,19
images/046A06.JPG,6
images/008A06.JPG,6
images/062A35.JPG,35
images/082A03.JPG,3
images/041A02.JPG,2
images/007A39.JPG,39
images/054A09.JPG,9
images/059A06.JPG,6
images/025A19.JPG,19
images/007A38.JPG,38
images/037A19.JPG,19
images/021A16.JPG,16
images/065A13.JPG,13
images/042A08.JPG,8
images/009A00.JPG,0
images/041A13.JPG,13
images/005A52.JPG,52
images/005A40.JPG,40
images/062A54.JPG,54
images/065A10.JPG,10
images/055A22.JPG,22
images/009A09.JPG,9
images/020A36.JPG,36
images/082A21.JPG,21
images/065A04.JPG,4
images/068A12.JPG,12
images/041A00.JPG,0
images/054A18.JPG,18
images/076A02.JPG,2
images/079A04.JPG,4
images/036A20.JPG,20
images/037A02.JPG,2
images/080A10.JPG,10
images/023A07.JPG,7
images/002A38.JPG,38
images/061A07.JPG,7
images/074A05.JPG,5
images/072A21.JPG,21
images/061A29.JPG,29
images/005A61.JPG,61
images/070A07.JPG,7
images/046A02.JPG,2
images/047A12.JPG,12
images/003A60.JPG,60
images/068A13.JPG,13
images/072A34.JPG,34
images/008A35.JPG,35
images/038A01.JPG,1
images/060A08.JPG,8
images/058A03.JPG,3
images/004A37.JPG,37
images/010A06.JPG,6
images/076A04.JPG,4
images/042A28.JPG,28
images/071A40.JPG,40
images/042A14.JPG,14
images/058A17.JPG,17
images/010A12.JPG,12
images/065A12.JPG,12
images/036A15.JPG,15
images/061A17.JPG,17
images/047A27.JPG,27
images/047A45.JPG,45
images/056A12.JPG,12
images/025A07.JPG,7
images/009A18.JPG,18
images/054A00.JPG,0
images/023A21.JPG,21
images/062A30.JPG,30
images/072A45.JPG,45
images/060A17.JPG,17
images/020A04.JPG,4
images/002A18.JPG,18
images/060A11.JPG,11
images/029A04.JPG,4
images/059A12.JPG,12
images/003A23.JPG,23
images/037A09.JPG,9
images/057A00.JPG,0
images/082A00.JPG,0
images/003A38.JPG,38
images/010A07a.JPG,7
images/057A12.JPG,12
images/070A01.JPG,1
images/074A03.JPG,3
images/046A20.JPG,20
images/052A10.JPG,10
images/082A27.JPG,27
images/021A20.JPG,20
images/046A17.JPG,17
images/021A23.JPG,23
images/010A16.JPG,16
images/059A02b.JPG,2
images/062A18.JPG,18
images/027A30.JPG,30
images/079A07.JPG,7
images/005A18.JPG,18
images/034A13.JPG,13
images/025A18.JPG,18
images/041A21.JPG,21
images/080A13.JPG,13
images/037A00.JPG,0
images/061A10.JPG,10
