images/026A07.JPG,7
images/045A28.JPG,28
images/030A05.JPG,5
images/038A04.JPG,4
images/038A23.JPG,23
images/024A28.JPG,28
images/008A18.JPG,18
images/065A10.JPG,10
images/029A31.JPG,31
images/067A33.JPG,33
images/006A24.JPG,24
images/053A02.JPG,2
images/033A10.JPG,10
images/002A04.JPG,4
images/041A21.JPG,21
images/053A13.JPG,13
images/072A07.JPG,7
images/002A20.JPG,20
images/081A00.JPG,0
images/072A19.JPG,19
images/022A25.JPG,25
images/040A14.JPG,14
images/043A04.JPG,4
images/075A10.JPG,10
images/002A16.JPG,16
images/061A19.JPG,19
images/031A14.JPG,14
images/008A12.JPG,12
images/003A61.JPG,61
images/029A16.JPG,16
images/065A07a.JPG,7
images/082A18.JPG,18
images/076A17.JPG,17
images/051A15.JPG,15
images/018A18.JPG,18
images/024A07.JPG,7
images/066A11.JPG,11
images/036A03.JPG,3
images/025A39.JPG,39
images/028A41.JPG,41
images/032A24.JPG,24
images/044A01.JPG,1
images/046A17.JPG,17
images/012A21.JPG,21
images/011A14.JPG,14
images/062A45.JPG,45
images/026A18.JPG,18
images/032A06.JPG,6
images/048A18.JPG,18
images/053A03.JPG,3
images/025A12.JPG,12
images/013A19.JPG,19
images/043A03.JPG,3
images/066A09.JPG,9
images/041A02.JPG,2
images/045A03.JPG,3
images/033A39.JPG,39
images/059A06.JPG,6
images/010A18.JPG,18
images/008A17.JPG,17
images/046A12.JPG,12
images/018A29.JPG,29
images/006A28.JPG,28
images/002A21.JPG,21
images/041A19.JPG,19
images/048A16.JPG,16
images/045A18.JPG,18
images/006A31.JPG,31
images/012A23.JPG,23
images/061A18.JPG,18
images/046A16.JPG,16
images/055A05.JPG,5
images/076A09.JPG,9
images/025A34.JPG,34
images/060A11.JPG,11
images/005A61.JPG,61
images/072A21.JPG,21
images/031A15.JPG,15
images/059A02b.JPG,2
images/011A40.JPG,40
images/012A24.JPG,24
images/037A04.JPG,4
images/013A23.JPG,23
images/031A19.JPG,19
images/036A13.JPG,13
images/005A45.JPG,45
images/011A42.JPG,42
images/061A06.JPG,6
images/010A09.JPG,9
images/076A05.JPG,5
images/070A14.JPG,14
images/082A22.JPG,22
images/043A15.JPG,15
images/059A03.JPG,3
images/039A10.JPG,10
images/055A22.JPG,22
images/060A06.JPG,6
images/076A03.JPG,3
images/033A18.JPG,18
images/030A04.JPG,4
images/022A16.JPG,16
images/040A12.JPG,12
images/003A18.JPG,18
images/012A26.JPG,26
images/076A15.JPG,15
images/076A01.JPG,1
images/025A28.JPG,28
images/063A02.JPG,2
images/012A36.JPG,36
images/062A35.JPG,35
images/075A11.JPG,11
images/002A18.JPG,18
images/024A18.JPG,18
images/071A22.JPG,22
images/044A05.JPG,5
images/036A20.JPG,20
images/025A22.JPG,22
images/010A04.JPG,4
images/025A18.JPG,18
images/054A06.JPG,6
images/072A25.JPG,25
images/057A00.JPG,0
images/054A00.JPG,0
images/071A45.JPG,45
images/003A23.JPG,23
images/006A61.JPG,61
images/003A38.JPG,38
images/059A14.JPG,14
images/066A06a.JPG,6
images/036A06.JPG,6
images/063A09.JPG,9
images/048A52.JPG,52
images/004A30.JPG,30
images/008A30.JPG,30
images/057A05.JPG,5
images/060A10.JPG,10
images/081A05.JPG,5
images/041A04.JPG,4
images/072A34.JPG,34
images/051A08.JPG,8
images/046A06.JPG,6
images/030A26.JPG,26
images/076A08.JPG,8
images/032A15.JPG,15
images/045A12.JPG,12
images/071A23.JPG,23
images/063A04.JPG,4
images/031A09.JPG,9
images/082A31.JPG,31
images/057A17.JPG,17
images/061A30.JPG,30
images/071A44.JPG,44
images/030A20.JPG,20
images/067A21.JPG,21
images/008A08.JPG,8
images/057A07.JPG,7
images/018A22.JPG,22
images/082A23.JPG,23
images/040A07.JPG,7
images/065A07b.JPG,7
images/076A06.JPG,6
images/076A11.JPG,11
images/066A02b.JPG,2
images/038A01.JPG,1
images/064A04.JPG,4
images/076A10.JPG,10
images/060A12.JPG,12
images/028A46.JPG,46
images/046A18.JPG,18
images/048A46.JPG,46
images/005A18.JPG,18
images/072A27.JPG,27
images/053A11.JPG,11
images/039A17.JPG,17
images/028A20.JPG,20
images/067A17.JPG,17
images/066A03.JPG,3
images/051A18.JPG,18
images/031A04.JPG,4
images/040A03a.JPG,3
images/061A04.JPG,4
images/039A15.JPG,15
images/062A30.JPG,30
images/082A20.JPG,20
images/062A16.JPG,16
images/076A02.JPG,2
images/076A13.JPG,13
images/011A34.JPG,34
images/063A00.JPG,0
images/012A04.JPG,4
images/067A23.JPG,23
images/002A29.JPG,29
images/057A12.JPG,12
images/004A48.JPG,48
images/032A20.JPG,20
images/053A08.JPG,8
images/018A06.JPG,6
images/065A04.JPG,4
images/054A19.JPG,19
images/039A35.JPG,35
images/011A17.JPG,17
images/002A26.JPG,26
images/076A04.JPG,4
images/065A11.JPG,11
images/067A39.JPG,39
images/048A10.JPG,10
images/012A30.JPG,30
images/072A14.JPG,14
images/032A13.JPG,13
images/071A18.JPG,18
images/053A04.JPG,4
images/018A16.JPG,16
images/066A10.JPG,10
images/039A16.JPG,16
images/005A24.JPG,24
images/076A07.JPG,7
images/037A19.JPG,19
images/006A42.JPG,42
images/018A25.JPG,25
images/006A67.JPG,67
images/036A00.JPG,0
images/008A29.JPG,29
images/059A02a.JPG,2
images/043A05.JPG,5
images/044A25.JPG,25
images/045A48.JPG,48
images/062A15.JPG,15
images/004A53.JPG,53
images/031A11.JPG,11
images/048A49.JPG,49
images/013A00.JPG,0
images/062A18.JPG,18
images/008A16.JPG,16
images/006A40.JPG,40
images/026A15.JPG,15
images/013A34.JPG,34
images/008A03.JPG,3
images/064A10.JPG,10
images/048A00.JPG,0
images/046A02.JPG,2
images/072A11.JPG,11
images/040A06.JPG,6
images/040A02.JPG,2
images/011A11.JPG,11
images/063A25.JPG,25
images/057A18.JPG,18
images/011A07.JPG,7
images/012A32.JPG,32
images/040A19.JPG,19
images/066A04.JPG,4
images/060A05.JPG,5
images/071A43.JPG,43
images/055A12.JPG,12
images/082A27.JPG,27
images/059A16.JPG,16
images/032A28.JPG,28
images/060A19.JPG,19
images/082A25.JPG,25
images/051A02.JPG,2
images/008A21.JPG,21
images/022A30.JPG,30
images/048A27.JPG,27
images/043A13.JPG,13
images/059A12.JPG,12
images/054A18.JPG,18
images/030A00.JPG,0
images/026A06.JPG,6
images/029A04.JPG,4
images/033A21.JPG,21
images/059A07.JPG,7
images/054A16.JPG,16
images/045A17.JPG,17
images/033A14.JPG,14
images/048A30.JPG,30
images/070A05.JPG,5
images/026A19.JPG,19
images/039A07.JPG,7
images/013A44.JPG,44
images/032A10.JPG,10
images/010A10.JPG,10
images/022A26.JPG,26
images/067A28.JPG,28
images/024A00.JPG,0
images/004A63.JPG,63
images/066A02a.JPG,2
images/051A12.JPG,12
images/037A09.JPG,9
images/082A03.JPG,3
images/036A17.JPG,17
images/025A03.JPG,3
images/031A06.JPG,6
images/010A01.JPG,1
images/003A20.JPG,20
images/012A34.JPG,34
images/064A19.JPG,19
images/026A02.JPG,2
images/054A10.JPG,10
images/055A14.JPG,14
images/002A23.JPG,23
images/002A38.JPG,38
images/081A01.JPG,1
images/071A40.JPG,40
images/006A55.JPG,55
images/031A12.JPG,12
images/012A07.JPG,7
images/028A18.JPG,18
images/030A07.JPG,7
images/018A36.JPG,36
images/061A10.JPG,10
images/010A05.JPG,5
images/004A62.JPG,62
images/070A06.JPG,6
images/011A30.JPG,30
images/004A26.JPG,26
images/010A16.JPG,16
images/075A05.JPG,5
images/039A13.JPG,13
images/043A10.JPG,10
images/046A08.JPG,8
images/004A51.JPG,51
images/045A08.JPG,8
images/036A11.JPG,11
images/024A19.JPG,19
images/055A08.JPG,8
images/048A50.JPG,50
images/071A24.JPG,24
images/062A03.JPG,3
images/081A10.JPG,10
images/046A10.JPG,10
images/044A03.JPG,3
images/030A18.JPG,18
images/051A00.JPG,0
images/063A20.JPG,20
images/044A13.JPG,13
images/040A05.JPG,5
images/024A10.JPG,10
images/018A11.JPG,11
images/048A33.JPG,33
images/012A18.JPG,18
images/063A33.JPG,33
images/031A07.JPG,7
images/064A15.JPG,15
images/045A06.JPG,6
images/046A20.JPG,20
images/036A01.JPG,1
images/070A02.JPG,2
images/040A00.JPG,0
images/004A19.JPG,19
images/012A12.JPG,12
images/063A22.JPG,22
images/065A06b.JPG,6
images/026A11.JPG,11
images/026A04.JPG,4
images/082A00.JPG,0
images/008A33.JPG,33
images/061A32.JPG,32
images/072A45.JPG,45
images/046A00.JPG,0
images/053A18.JPG,18
images/018A34.JPG,34
images/055A06.JPG,6
images/005A52.JPG,52
images/060A20.JPG,20
images/037A02.JPG,2
images/040A21.JPG,21
images/066A07.JPG,7
images/062A53.JPG,53
images/006A51.JPG,51
images/037A06.JPG,6
images/024A17.JPG,17
images/076A16.JPG,16
images/065A03b.JPG,3
images/024A25.JPG,25
images/048A09.JPG,9
images/026A00.JPG,0
images/071A27.JPG,27
images/031A00.JPG,0
images/051A24.JPG,24
images/070A00.JPG,0
images/070A01.JPG,1
images/038A10.JPG,10
images/022A07.JPG,7
images/072A41.JPG,41
images/010A15.JPG,15
images/037A17.JPG,17
images/067A04.JPG,4
images/041A09.JPG,9
images/053A06.JPG,6
images/041A13.JPG,13
images/053A01.JPG,1
images/065A08.JPG,8
images/012A25.JPG,25
images/070A07.JPG,7
images/006A46.JPG,46
images/070A03.JPG,3
images/039A52.JPG,52
images/032A18.JPG,18
images/040A10.JPG,10
images/043A17.JPG,17
images/002A12.JPG,12
images/043A19.JPG,19
images/029A11.JPG,11
images/032A08.JPG,8
images/060A02.JPG,2
images/036A18.JPG,18
images/029A10.JPG,10
images/038A00.JPG,0
images/022A23.JPG,23
images/030A23.JPG,23
images/003A47.JPG,47
images/051A16.JPG,16
images/066A06b.JPG,6
images/063A18.JPG,18
images/053A12.JPG,12
images/008A13.JPG,13
images/011A13.JPG,13
images/003A25.JPG,25
images/046A04.JPG,4
images/081A12.JPG,12
images/010A07b.JPG,7
images/025A15.JPG,15
images/003A60.JPG,60
images/040A09.JPG,9
images/062A41.JPG,41
images/002A36.JPG,36
images/029A01.JPG,1
images/061A25.JPG,25
images/011A15.JPG,15
images/070A08.JPG,8
images/032A40.JPG,40
images/028A35.JPG,35
images/030A16.JPG,16
images/013A08.JPG,8
images/059A04.JPG,4
images/054A11.JPG,11
images/022A28.JPG,28
images/029A05.JPG,5
images/061A26.JPG,26
images/037A08.JPG,8
images/045A40.JPG,40
images/003A58.JPG,58
images/067A30.JPG,30
images/030A10.JPG,10
images/044A18.JPG,18
images/010A06.JPG,6
images/039A50.JPG,50
images/002A15.JPG,15
images/057A06.JPG,6
images/061A29.JPG,29
images/037A01.JPG,1
images/072A13.JPG,13
images/038A03.JPG,3
images/024A05.JPG,5
images/033A30.JPG,30
images/076A12.JPG,12
images/031A16.JPG,16
images/041A06.JPG,6
images/031A02.JPG,2
images/067A26.JPG,26
images/054A04.JPG,4
images/062A54.JPG,54
images/048A15.JPG,15
images/025A07.JPG,7
images/060A04.JPG,4
images/025A23.JPG,23
images/038A05.JPG,5
images/043A00.JPG,0
images/033A25.JPG,25
images/012A27.JPG,27
images/003A49.JPG,49
images/002A03.JPG,3
images/011A20.JPG,20
images/025A19.JPG,19
images/071A10.JPG,10
images/067A14.JPG,14
images/011A05.JPG,5
images/039A45.JPG,45
images/033A44.JPG,44
images/038A08.JPG,8
images/006A69.JPG,69
images/013A41.JPG,41
images/028A37.JPG,37
images/065A03a.JPG,3
images/002A05.JPG,5
images/029A23.JPG,23
images/054A17.JPG,17
images/037A18.JPG,18
images/036A15.JPG,15
images/029A33.JPG,33
images/061A17.JPG,17
images/038A21.JPG,21
images/065A02b.JPG,2
images/055A23.JPG,23
images/004A28.JPG,28
images/045A32.JPG,32
images/026A17.JPG,17
images/065A06a.JPG,6
images/044A07.JPG,7
images/029A29.JPG,29
images/037A11.JPG,11
images/030A17.JPG,17
images/065A09.JPG,9
images/054A13.JPG,13
images/054A02.JPG,2
images/060A17.JPG,17
images/051A17.JPG,17
images/057A16.JPG,16
images/041A20.JPG,20
images/045A25.JPG,25
images/028A26.JPG,26
images/075A08.JPG,8
images/022A18.JPG,18
images/046A01.JPG,1
images/072A02.JPG,2
images/062A38.JPG,38
images/008A41.JPG,41
images/039A02.JPG,2
images/051A05.JPG,5
images/036A08.JPG,8
images/004A37.JPG,37
images/038A34.JPG,34
images/061A15.JPG,15
images/033A05.JPG,5
images/029A22.JPG,22
images/008A35.JPG,35
images/002A31.JPG,31
images/043A27.JPG,27
images/004A21.JPG,21
images/075A02.JPG,2
images/041A24.JPG,24
images/033A35.JPG,35
images/053A10.JPG,10
images/029A20.JPG,20
images/066A00.JPG,0
images/055A04.JPG,4
images/031A03.JPG,3
images/081A03.JPG,3
images/081A07.JPG,7
images/003A51.JPG,51
images/081A06.JPG,6
images/070A09.JPG,9
images/057A25.JPG,25
images/040A16.JPG,16
images/005A49.JPG,49
images/036A19.JPG,19
images/045A19.JPG,19
images/039A11.JPG,11
images/072A17.JPG,17
images/010A07a.JPG,7
images/004A40.JPG,40
images/075A06.JPG,6
images/060A07.JPG,7
images/037A13.JPG,13
images/081A04.JPG,4
images/039A19.JPG,19
images/071A00.JPG,0
images/013A30.JPG,30
images/005A30.JPG,30
images/005A40.JPG,40
images/075A01.JPG,1
images/005A48.JPG,48
images/065A13.JPG,13
images/032A33.JPG,33
images/008A31.JPG,31
images/076A14.JPG,14
images/082A16.JPG,16
images/045A43.JPG,43
images/044A17.JPG,17
images/028A34.JPG,34
images/046A14.JPG,14
images/022A00.JPG,0
images/022A11.JPG,11
images/005A35.JPG,35
images/057A23.JPG,23
images/076A00.JPG,0
images/054A12.JPG,12
images/066A08.JPG,8
images/022A20.JPG,20
images/082A21.JPG,21
images/013A21.JPG,21
images/013A16.JPG,16
images/041A00.JPG,0
images/028A16.JPG,16
images/038A11.JPG,11
images/051A14.JPG,14
images/075A03.JPG,3
images/053A00.JPG,0
images/032A35.JPG,35
images/026A13.JPG,13
images/038A17.JPG,17
images/018A28.JPG,28
images/044A15.JPG,15
images/024A30.JPG,30
images/018A33.JPG,33
images/072A29.JPG,29
images/071A42.JPG,42
images/037A00.JPG,0
images/064A03.JPG,3
images/065A12.JPG,12
images/024A23.JPG,23
images/010A12.JPG,12
images/039A05.JPG,5
images/012A14.JPG,14
images/048A11.JPG,11
images/002A07.JPG,7
images/054A09.JPG,9
images/044A21.JPG,21
images/064A01.JPG,1
images/081A11.JPG,11
images/028A28.JPG,28
images/036A05.JPG,5
images/065A02a.JPG,2
images/038A14.JPG,14
images/048A54.JPG,54
images/013A25.JPG,25
images/008A06.JPG,6
images/040A03b.JPG,3
images/048A17.JPG,17
images/003A35.JPG,35
images/075A07.JPG,7
images/071A35.JPG,35
images/053A15.JPG,15
images/070A12.JPG,12
images/025A00.JPG,0
images/075A00.JPG,0
images/061A07.JPG,7
images/011A27.JPG,27
images/062A47.JPG,47
images/060A08.JPG,8
images/011A02.JPG,2
images/029A13.JPG,13
images/022A27.JPG,27
images/063A08.JPG,8
images/028A14.JPG,14
images/033A02.JPG,2
images/081A08.JPG,8
images/038A13.JPG,13
images/006A36.JPG,36
images/013A18.JPG,18
images/081A02.JPG,2
images/022A14.JPG,14
images/005A31.JPG,31
images/043A23.JPG,23
