images/078A00.JPG,0
images/022A26.JPG,26
images/002A20.JPG,20
images/079A04.JPG,4
images/015A05.JPG,5
images/028A28.JPG,28
images/080A01.JPG,1
images/056A12.JPG,12
images/067A14.JPG,14
images/011A42.JPG,42
images/077A06.JPG,6
images/075A02.JPG,2
images/024A30.JPG,30
images/027A02.JPG,2
images/048A54.JPG,54
images/022A20.JPG,20
images/035A21.JPG,21
images/017A12.JPG,12
images/074A08.JPG,8
images/011A13.JPG,13
images/011A34.JPG,34
images/081A00.JPG,0
images/050A22.JPG,22
images/014A16.JPG,16
images/059A02a.JPG,2
images/045A25.JPG,25
images/022A18.JPG,18
images/002A38.JPG,38
images/054A18.JPG,18
images/069A04.JPG,4
images/043A05.JPG,5
images/008A08.JPG,8
images/002A05.JPG,5
images/052A18.JPG,18
images/012A12.JPG,12
images/005A48.JPG,48
images/012A07.JPG,7
images/017A38.JPG,38
images/066A08.JPG,8
images/065A11.JPG,11
images/048A27.JPG,27
images/046A14.JPG,14
images/002A12.JPG,12
images/001A29.JPG,29
images/080A03.JPG,3
images/079A10.JPG,10
images/050A03.JPG,3
images/080A00.JPG,0
images/009A03.JPG,3
images/035A14.JPG,14
images/078A15.JPG,15
images/076A02.JPG,2
images/079A06.JPG,6
images/068A14.JPG,14
images/008A17.JPG,17
images/029A05.JPG,5
images/007A26.JPG,26
images/071A42.JPG,42
images/007A37.JPG,37
images/045A48.JPG,48
images/052A13.JPG,13
images/015A03.JPG,3
images/076A07.JPG,7
images/082A27.JPG,27
images/002A07.JPG,7
images/035A16.JPG,16
images/008A06.JPG,6
images/060A02.JPG,2
images/076A01.JPG,1
images/079A03.JPG,3
images/014A30.JPG,30
images/043A23.JPG,23
images/011A27.JPG,27
images/060A10.JPG,10
images/015A12.JPG,12
images/011A11.JPG,11
images/035A09.JPG,9
images/034A25.JPG,25
images/079A11.JPG,11
images/048A17.JPG,17
images/034A15.JPG,15
images/002A18.JPG,18
images/024A19.JPG,19
images/043A03.JPG,3
images/008A30.JPG,30
images/080A12.JPG,12
images/007A38.JPG,38
images/059A03.JPG,3
images/007A18.JPG,18
images/077A11.JPG,11
images/045A43.JPG,43
images/031A14.JPG,14
images/054A10.JPG,10
images/001A02.JPG,2
images/026A11.JPG,11
images/060A04.JPG,4
images/009A13.JPG,13
images/071A35.JPG,35
images/080A05.JPG,5
images/074A14.JPG,14
images/029A20.JPG,20
images/036A18.JPG,18
images/067A28.JPG,28
images/031A04.JPG,4
images/026A17.JPG,17
images/043A13.JPG,13
images/046A00.JPG,0
images/034A02.JPG,2
images/050A06.JPG,6
images/027A13.JPG,13
images/060A05.JPG,5
images/001A43b.JPG,43
images/046A16.JPG,16
images/078A04.JPG,4
images/046A18.JPG,18
images/066A03.JPG,3
images/069A00.JPG,0
images/013A21.JPG,21
images/005A24.JPG,24
images/076A03.JPG,3
images/036A01.JPG,1
images/065A04.JPG,4
images/079A13.JPG,13
images/035A05.JPG,5
images/045A19.JPG,19
images/071A18.JPG,18
images/013A23.JPG,23
images/076A04.JPG,4
images/071A22.JPG,22
images/074A02.JPG,2
images/008A35.JPG,35
images/022A28.JPG,28
images/068A12.JPG,12
images/044A18.JPG,18
images/068A11.JPG,11
images/077A12.JPG,12
images/029A23.JPG,23
images/040A14.JPG,14
images/029A10.JPG,10
images/029A04.JPG,4
images/013A19.JPG,19
images/012A30.JPG,30
images/029A33.JPG,33
images/056A01.JPG,1
images/022A14.JPG,14
images/004A48.JPG,48
images/072A14.JPG,14
images/043A04.JPG,4
images/044A17.JPG,17
images/067A30.JPG,30
images/066A02b.JPG,2
images/007A45.JPG,45
images/054A12.JPG,12
images/029A31.JPG,31
images/044A01.JPG,1
images/052A10.JPG,10
images/076A14.JPG,14
images/036A05.JPG,5
images/013A30.JPG,30
images/075A03.JPG,3
images/046A08.JPG,8
images/024A00.JPG,0
images/052A02.JPG,2
images/026A06.JPG,6
images/058A10.JPG,10
images/012A23.JPG,23
images/007A23.JPG,23
images/035A01.JPG,1
images/005A40.JPG,40
images/067A39.JPG,39
images/034A30.JPG,30
images/082A18.JPG,18
images/060A08.JPG,8
images/036A00.JPG,0
images/008A31.JPG,31
images/011A05.JPG,5
images/081A10.JPG,10
images/015A09.JPG,9
images/048A49.JPG,49
images/066A02a.JPG,2
images/026A13.JPG,13
images/009A11.JPG,11
images/076A15.JPG,15
images/046A10.JPG,10
images/054A02.JPG,2
images/008A18.JPG,18
images/017A22.JPG,22
images/078A10.JPG,10
images/058A00.JPG,0
images/065A13.JPG,13
images/040A03a.JPG,3
images/009A22a.JPG,22
images/056A03.JPG,3
images/068A03.JPG,3
images/048A00.JPG,0
images/075A05.JPG,5
images/024A28.JPG,28
images/081A06.JPG,6
images/027A30.JPG,30
images/082A31.JPG,31
images/040A02.JPG,2
images/082A03.JPG,3
images/075A00.JPG,0
images/046A12.JPG,12
images/076A10.JPG,10
images/074A05.JPG,5
images/031A09.JPG,9
images/074A12.JPG,12
images/001A22.JPG,22
images/056A02.JPG,2
images/069A05.JPG,5
images/036A08.JPG,8
images/034A11.JPG,11
images/081A11.JPG,11
images/045A17.JPG,17
images/024A23.JPG,23
images/052A19.JPG,19
images/072A07.JPG,7
images/011A30.JPG,30
images/035A00.JPG,0
images/024A05.JPG,5
images/035A12.JPG,12
images/056A10.JPG,10
images/043A19.JPG,19
images/031A12.JPG,12
images/001A08.JPG,8
images/012A14.JPG,14
images/017A17.JPG,17
images/017A05.JPG,5
images/005A35.JPG,35
images/019A05.JPG,5
images/081A03.JPG,3
images/079A08.JPG,8
images/031A06.JPG,6
images/058A03.JPG,3
images/040A09.JPG,9
images/080A14.JPG,14
images/028A35.JPG,35
images/076A05.JPG,5
images/052A16.JPG,16
images/082A22.JPG,22
images/082A00.JPG,0
images/078A01.JPG,1
images/065A06a.JPG,6
images/035A18.JPG,18
images/077A04.JPG,4
images/069A11.JPG,11
images/054A13.JPG,13
images/069A10.JPG,10
images/048A10.JPG,10
images/066A10.JPG,10
images/012A25.JPG,25
images/001A18.JPG,18
images/024A25.JPG,25
images/019A27.JPG,27
images/066A00.JPG,0
images/079A07.JPG,7
images/078A05.JPG,5
images/014A03.JPG,3
images/031A02.JPG,2
images/013A00.JPG,0
images/026A04.JPG,4
images/068A10b.JPG,10
images/029A16.JPG,16
images/008A41.JPG,41
images/079A00.JPG,0
images/078A13.JPG,13
images/012A27.JPG,27
images/009A09.JPG,9
images/031A19.JPG,19
images/004A40.JPG,40
images/005A61.JPG,61
images/050A10.JPG,10
images/043A17.JPG,17
images/028A18.JPG,18
images/071A24.JPG,24
images/001A14.JPG,14
images/059A02b.JPG,2
images/040A05.JPG,5
images/056A06.JPG,6
images/044A13.JPG,13
images/080A07.JPG,7
images/024A17.JPG,17
images/031A07.JPG,7
images/001A19.JPG,19
images/019A03.JPG,3
images/078A14.JPG,14
images/012A36.JPG,36
images/040A16.JPG,16
images/036A20.JPG,20
images/004A26.JPG,26
images/046A17.JPG,17
images/072A13.JPG,13
images/069A02.JPG,2
images/014A18.JPG,18
images/079A05.JPG,5
images/074A09.JPG,9
images/022A23.JPG,23
images/072A11.JPG,11
images/080A10.JPG,10
images/015A04.JPG,4
images/065A07a.JPG,7
images/009A22b.JPG,22
images/044A03.JPG,3
images/078A03.JPG,3
images/029A22.JPG,22
images/024A07.JPG,7
images/012A26.JPG,26
images/004A62.JPG,62
images/072A45.JPG,45
images/081A12.JPG,12
images/048A33.JPG,33
images/036A15.JPG,15
images/052A14.JPG,14
images/015A14.JPG,14
images/034A39.JPG,39
images/035A07.JPG,7
images/009A01.JPG,1
images/066A09.JPG,9
images/001A40.JPG,40
images/067A23.JPG,23
images/019A18.JPG,18
images/065A09.JPG,9
images/077A15.JPG,15
images/082A25.JPG,25
images/072A27.JPG,27
images/054A04.JPG,4
images/077A09.JPG,9
images/059A16.JPG,16
images/015A10.JPG,10
images/011A14.JPG,14
images/011A17.JPG,17
images/076A12.JPG,12
images/060A06.JPG,6
images/065A12.JPG,12
images/080A13.JPG,13
images/058A04.JPG,4
images/059A04.JPG,4
images/072A25.JPG,25
images/075A07.JPG,7
images/024A10.JPG,10
images/029A11.JPG,11
images/027A20.JPG,20
images/043A27.JPG,27
images/043A00.JPG,0
images/036A11.JPG,11
images/081A08.JPG,8
images/001A16.JPG,16
images/071A27.JPG,27
images/014A14.JPG,14
images/040A10.JPG,10
images/011A40.JPG,40
images/080A09.JPG,9
images/076A00.JPG,0
images/027A25.JPG,25
images/045A06.JPG,6
images/081A04.JPG,4
images/011A07.JPG,7
images/077A10.JPG,10
images/071A44.JPG,44
images/004A30.JPG,30
images/002A31.JPG,31
images/050A18.JPG,18
images/078A12.JPG,12
images/069A06.JPG,6
images/002A23.JPG,23
images/027A41.JPG,41
images/082A21.JPG,21
images/035A23a.JPG,23
images/076A17.JPG,17
images/002A15.JPG,15
images/066A06b.JPG,6
images/067A21.JPG,21
images/065A10.JPG,10
images/026A19.JPG,19
images/074A15.JPG,15
images/028A41.JPG,41
images/022A27.JPG,27
images/077A13.JPG,13
images/014A40.JPG,40
images/052A07.JPG,7
images/072A41.JPG,41
images/060A07.JPG,7
images/054A09.JPG,9
images/002A03.JPG,3
images/067A04.JPG,4
images/059A14.JPG,14
images/029A13.JPG,13
images/069A13.JPG,13
images/045A28.JPG,28
images/054A06.JPG,6
images/046A04.JPG,4
images/014A12.JPG,12
images/022A16.JPG,16
images/081A05.JPG,5
images/004A51.JPG,51
images/002A21.JPG,21
images/015A15.JPG,15
images/050A16.JPG,16
images/035A03.JPG,3
images/019A23.JPG,23
images/009A00.JPG,0
images/002A26.JPG,26
images/012A32.JPG,32
images/013A08.JPG,8
images/001A05.JPG,5
images/034A13.JPG,13
images/013A44.JPG,44
images/054A19.JPG,19
images/043A15.JPG,15
images/054A16.JPG,16
images/076A06.JPG,6
images/028A16.JPG,16
images/060A19.JPG,19
images/048A30.JPG,30
images/074A00.JPG,0
images/027A11.JPG,11
images/045A03.JPG,3
images/013A41.JPG,41
images/068A09.JPG,9
images/076A08.JPG,8
images/014A36.JPG,36
images/081A07.JPG,7
images/077A01.JPG,1
images/068A00.JPG,0
images/077A00.JPG,0
images/019A07.JPG,7
images/060A17.JPG,17
images/017A42.JPG,42
images/045A18.JPG,18
images/004A19.JPG,19
images/013A25.JPG,25
images/071A40.JPG,40
images/078A06.JPG,6
images/048A16.JPG,16
images/065A06b.JPG,6
images/008A29.JPG,29
images/074A04.JPG,4
images/065A02b.JPG,2
images/067A33.JPG,33
images/005A45.JPG,45
images/031A11.JPG,11
images/004A63.JPG,63
images/071A43.JPG,43
images/005A52.JPG,52
images/079A02.JPG,2
images/012A24.JPG,24
images/028A37.JPG,37
images/040A00.JPG,0
images/076A13.JPG,13
images/026A00.JPG,0
images/017A19.JPG,19
images/052A20.JPG,20
images/072A19.JPG,19
images/017A07.JPG,7
images/078A07.JPG,7
images/015A19.JPG,19
images/009A16b.JPG,16
images/012A34.JPG,34
images/065A07b.JPG,7
images/029A29.JPG,29
images/066A11.JPG,11
images/067A17.JPG,17
images/012A04.JPG,4
images/034A18.JPG,18
images/015A07.JPG,7
images/026A15.JPG,15
images/034A35.JPG,35
images/040A12.JPG,12
images/068A13.JPG,13
images/013A34.JPG,34
images/017A29.JPG,29
images/031A16.JPG,16
images/002A29.JPG,29
images/004A53.JPG,53
images/011A20.JPG,20
images/068A10a.JPG,10
images/060A20.JPG,20
images/022A11.JPG,11
images/022A25.JPG,25
images/027A18.JPG,18
images/002A16.JPG,16
images/026A02.JPG,2
images/059A07.JPG,7
images/058A15.JPG,15
images/052A17.JPG,17
images/019A30.JPG,30
images/028A14.JPG,14
images/043A10.JPG,10
images/008A33.JPG,33
images/071A10.JPG,10
images/072A02.JPG,2
images/008A16.JPG,16
images/007A22.JPG,22
images/040A07.JPG,7
images/001A10.JPG,10
images/027A16.JPG,16
images/007A01.JPG,1
images/011A02.JPG,2
images/044A21.JPG,21
images/078A11.JPG,11
images/074A07.JPG,7
images/022A00.JPG,0
images/005A18.JPG,18
images/013A16.JPG,16
images/004A37.JPG,37
images/019A15.JPG,15
images/078A09.JPG,9
images/029A01.JPG,1
images/080A04.JPG,4
images/017A36.JPG,36
images/074A01.JPG,1
images/059A12.JPG,12
images/028A46.JPG,46
images/027A36.JPG,36
images/012A18.JPG,18
images/068A04.JPG,4
images/075A01.JPG,1
images/014A42.JPG,42
images/074A03.JPG,3
images/040A03b.JPG,3
images/015A00.JPG,0
images/075A10.JPG,10
images/048A11.JPG,11
images/079A12.JPG,12
images/034A04.JPG,4
images/034A21.JPG,21
images/065A03a.JPG,3
images/077A02.JPG,2
images/080A08.JPG,8
images/056A04.JPG,4
images/078A08.JPG,8
images/077A07.JPG,7
images/074A10.JPG,10
images/009A14.JPG,14
images/077A03.JPG,3
images/022A30.JPG,30
images/031A15.JPG,15
images/078A02.JPG,2
images/048A50.JPG,50
images/012A21.JPG,21
images/048A52.JPG,52
images/054A00.JPG,0
images/036A03.JPG,3
images/074A13.JPG,13
images/076A11.JPG,11
images/076A16.JPG,16
images/048A46.JPG,46
images/035A23b.JPG,23
images/028A20.JPG,20
images/065A08.JPG,8
images/034A16.JPG,16
images/079A09.JPG,9
images/067A26.JPG,26
images/036A13.JPG,13
images/080A02.JPG,2
images/059A06.JPG,6
images/040A19.JPG,19
images/072A17.JPG,17
images/054A11.JPG,11
images/005A31.JPG,31
images/036A19.JPG,19
images/004A21.JPG,21
images/009A05.JPG,5
images/065A02a.JPG,2
images/082A16.JPG,16
images/007A39.JPG,39
images/046A01.JPG,1
images/011A15.JPG,15
images/002A36.JPG,36
images/082A23.JPG,23
images/058A01.JPG,1
images/034A44.JPG,44
images/044A05.JPG,5
images/060A11.JPG,11
images/060A12.JPG,12
images/045A12.JPG,12
images/017A26.JPG,26
images/015A01.JPG,1
images/014A22.JPG,22
images/071A00.JPG,0
images/040A21.JPG,21
images/072A29.JPG,29
images/058A05.JPG,5
images/017A32.JPG,32
images/001A28.JPG,28
images/026A07.JPG,7
images/035A08.JPG,8
images/058A17.JPG,17
images/066A07.JPG,7
images/050A14.JPG,14
images/017A15.JPG,15
images/081A02.JPG,2
images/005A49.JPG,49
images/001A43a.JPG,43
images/015A17.JPG,17
images/058A02.JPG,2
images/040A06.JPG,6
images/077A16.JPG,16
images/069A03.JPG,3
images/022A07.JPG,7
images/069A09.JPG,9
images/019A00.JPG,0
images/056A15.JPG,15
images/008A12.JPG,12
images/028A26.JPG,26
images/031A03.JPG,3
images/031A00.JPG,0
images/005A30.JPG,30
images/075A08.JPG,8
images/058A13.JPG,13
images/082A20.JPG,20
images/075A11.JPG,11
images/045A32.JPG,32
images/080A06.JPG,6
images/008A03.JPG,3
images/045A40.JPG,40
images/048A09.JPG,9
images/036A06.JPG,6
images/046A06.JPG,6
images/045A08.JPG,8
images/077A08.JPG,8
images/028A34.JPG,34
images/077A14.JPG,14
images/074A11.JPG,11
images/008A21.JPG,21
images/054A17.JPG,17
images/027A22.JPG,22
images/052A04.JPG,4
images/044A25.JPG,25
images/072A21.JPG,21
images/058A06.JPG,6
images/065A03b.JPG,3
images/048A18.JPG,18
images/074A06.JPG,6
images/019A12.JPG,12
images/004A28.JPG,28
images/066A04.JPG,4
images/048A15.JPG,15
images/076A09.JPG,9
images/009A18.JPG,18
images/079A01.JPG,1
images/013A18.JPG,18
images/050A00.JPG,0
images/071A23.JPG,23
images/046A02.JPG,2
images/001A33.JPG,33
images/026A18.JPG,18
images/081A01.JPG,1
images/066A06a.JPG,6
images/069A07.JPG,7
images/044A07.JPG,7
images/009A16a.JPG,16
images/044A15.JPG,15
images/072A34.JPG,34
images/071A45.JPG,45
images/024A18.JPG,18
images/046A20.JPG,20
images/008A13.JPG,13
images/075A06.JPG,6
images/002A04.JPG,4
images/036A17.JPG,17
