images/005A45.JPG,45
images/076A07.JPG,7
images/002A04.JPG,4
images/008A12.JPG,12
images/080A14.JPG,14
images/027A36.JPG,36
images/027A30.JPG,30
images/043A05.JPG,5
images/071A35.JPG,35
images/014A22.JPG,22
images/046A18.JPG,18
images/025A28.JPG,28
images/005A18.JPG,18
images/027A25.JPG,25
images/079A04.JPG,4
images/062A18.JPG,18
images/066A07.JPG,7
images/004A28.JPG,28
images/003A20.JPG,20
images/012A27.JPG,27
images/002A26.JPG,26
images/013A34.JPG,34
images/058A06.JPG,6
images/047A55.JPG,55
images/033A35.JPG,35
images/037A00.JPG,0
images/037A13.JPG,13
images/047A13.JPG,13
images/049A15.JPG,15
images/056A06.JPG,6
images/012A21.JPG,21
images/005A49.JPG,49
images/033A25.JPG,25
images/018A06.JPG,6
images/036A17.JPG,17
images/053A13.JPG,13
images/028A20.JPG,20
images/077A11.JPG,11
images/014A36.JPG,36
images/072A27.JPG,27
images/076A06.JPG,6
images/039A07.JPG,7
images/067A14.JPG,14
images/042A01.JPG,1
images/004A51.JPG,51
images/054A11.JPG,11
images/046A17.JPG,17
images/068A10a.JPG,10
images/055A05.JPG,5
images/003A51.JPG,51
images/056A04.JPG,4
images/040A00.JPG,0
images/077A00.JPG,0
images/047A15.JPG,15
images/054A13.JPG,13
images/047A33.JPG,33
images/007A37.JPG,37
images/054A02.JPG,2
images/060A17.JPG,17
images/070A08.JPG,8
images/079A10.JPG,10
images/030A20.JPG,20
images/062A16.JPG,16
images/045A48.JPG,48
images/071A10.JPG,10
images/056A12.JPG,12
images/076A14.JPG,14
images/071A42.JPG,42
images/003A35.JPG,35
images/046A10.JPG,10
images/069A09.JPG,9
images/070A07.JPG,7
images/003A18.JPG,18
images/052A19.JPG,19
images/072A07.JPG,7
images/047A06.JPG,6
images/030A10.JPG,10
images/060A20.JPG,20
images/066A10.JPG,10
images/008A18.JPG,18
images/036A00.JPG,0
images/021A35.JPG,35
images/047A27.JPG,27
images/052A02.JPG,2
images/052A18.JPG,18
images/040A09.JPG,9
images/060A06.JPG,6
images/030A18.JPG,18
images/012A25.JPG,25
images/042A14.JPG,14
images/082A31.JPG,31
images/040A21.JPG,21
images/078A02.JPG,2
images/045A28.JPG,28
images/070A01.JPG,1
images/077A13.JPG,13
images/077A07.JPG,7
images/003A58.JPG,58
images/062A38.JPG,38
images/076A10.JPG,10
images/067A39.JPG,39
images/037A09.JPG,9
images/069A03.JPG,3
images/037A06.JPG,6
images/046A08.JPG,8
images/047A05.JPG,5
images/020A18.JPG,18
images/062A45.JPG,45
images/071A27.JPG,27
images/072A02.JPG,2
images/058A13.JPG,13
images/018A28.JPG,28
images/008A17.JPG,17
images/012A36.JPG,36
images/031A03.JPG,3
images/079A09.JPG,9
images/070A09.JPG,9
images/042A28.JPG,28
images/072A17.JPG,17
images/054A00.JPG,0
images/013A19.JPG,19
images/030A23.JPG,23
images/053A03.JPG,3
images/068A03.JPG,3
images/057A06.JPG,6
images/021A39.JPG,39
images/003A47.JPG,47
images/046A00.JPG,0
images/079A03.JPG,3
images/046A01.JPG,1
images/079A07.JPG,7
images/082A00.JPG,0
images/045A18.JPG,18
images/028A16.JPG,16
images/060A11.JPG,11
images/050A14.JPG,14
images/047A12.JPG,12
images/071A43.JPG,43
images/072A25.JPG,25
images/050A22.JPG,22
images/002A03.JPG,3
images/047A09.JPG,9
images/003A23.JPG,23
images/063A33.JPG,33
images/005A40.JPG,40
images/082A27.JPG,27
images/012A18.JPG,18
images/072A34.JPG,34
images/063A02.JPG,2
images/077A02.JPG,2
images/037A19.JPG,19
images/076A12.JPG,12
images/027A16.JPG,16
images/077A14.JPG,14
images/004A30.JPG,30
images/079A01.JPG,1
images/080A03.JPG,3
images/003A38.JPG,38
images/063A20.JPG,20
images/013A44.JPG,44
images/079A06.JPG,6
images/027A02.JPG,2
images/027A18.JPG,18
images/021A06.JPG,6
images/077A08.JPG,8
images/050A10.JPG,10
images/049A07.JPG,7
images/021A11.JPG,11
images/043A03.JPG,3
images/031A14.JPG,14
images/070A02.JPG,2
images/025A39.JPG,39
images/004A21.JPG,21
images/012A23.JPG,23
images/076A02.JPG,2
images/071A23.JPG,23
images/046A04.JPG,4
images/018A22.JPG,22
images/036A01.JPG,1
images/054A10.JPG,10
images/058A10.JPG,10
images/039A19.JPG,19
images/029A16.JPG,16
images/039A16.JPG,16
images/008A41.JPG,41
images/039A15.JPG,15
images/030A05.JPG,5
images/042A10.JPG,10
images/066A09.JPG,9
images/025A00.JPG,0
images/079A08.JPG,8
images/012A24.JPG,24
images/025A18.JPG,18
images/079A00.JPG,0
images/020A36.JPG,36
images/045A17.JPG,17
images/030A00.JPG,0
images/067A26.JPG,26
images/078A11.JPG,11
images/058A05.JPG,5
images/078A06.JPG,6
images/025A03.JPG,3
images/028A34.JPG,34
images/049A08.JPG,8
images/012A12.JPG,12
images/077A15.JPG,15
images/071A44.JPG,44
images/004A37.JPG,37
images/078A10.JPG,10
images/014A18.JPG,18
images/082A21.JPG,21
images/021A18.JPG,18
images/069A06.JPG,6
images/031A15.JPG,15
images/004A63.JPG,63
images/014A12.JPG,12
images/063A22.JPG,22
images/052A10.JPG,10
images/040A02.JPG,2
images/054A16.JPG,16
images/043A10.JPG,10
images/071A24.JPG,24
images/043A17.JPG,17
images/056A03.JPG,3
images/002A20.JPG,20
images/082A20.JPG,20
images/028A26.JPG,26
images/066A11.JPG,11
images/028A18.JPG,18
images/055A04.JPG,4
images/021A27.JPG,27
images/053A15.JPG,15
images/045A12.JPG,12
images/002A16.JPG,16
images/060A12.JPG,12
images/053A01.JPG,1
images/012A26.JPG,26
images/080A05.JPG,5
images/012A30.JPG,30
images/012A14.JPG,14
images/047A45.JPG,45
images/078A00.JPG,0
images/004A53.JPG,53
images/072A13.JPG,13
images/066A06b.JPG,6
images/058A00.JPG,0
images/008A29.JPG,29
images/046A20.JPG,20
images/076A17.JPG,17
images/057A07.JPG,7
images/029A23.JPG,23
images/037A02.JPG,2
images/012A07.JPG,7
images/040A03a.JPG,3
images/045A03.JPG,3
images/008A03.JPG,3
images/020A13.JPG,13
images/045A06.JPG,6
images/066A00.JPG,0
images/021A20.JPG,20
images/049A05.JPG,5
images/069A07.JPG,7
images/055A08.JPG,8
images/018A25.JPG,25
images/046A06.JPG,6
images/067A30.JPG,30
images/066A02b.JPG,2
images/078A01.JPG,1
images/030A26.JPG,26
images/020A24.JPG,24
images/037A17.JPG,17
images/040A06.JPG,6
images/043A13.JPG,13
images/077A10.JPG,10
images/052A20.JPG,20
images/057A17.JPG,17
images/050A03.JPG,3
images/029A20.JPG,20
images/060A19.JPG,19
images/045A43.JPG,43
images/020A02.JPG,2
images/067A33.JPG,33
images/068A11.JPG,11
images/063A25.JPG,25
images/003A60.JPG,60
images/030A04.JPG,4
images/043A04.JPG,4
images/036A19.JPG,19
images/025A15.JPG,15
images/013A30.JPG,30
images/033A05.JPG,5
images/040A16.JPG,16
images/050A18.JPG,18
images/082A16.JPG,16
images/003A25.JPG,25
images/005A61.JPG,61
images/069A11.JPG,11
images/002A38.JPG,38
images/021A23.JPG,23
images/002A07.JPG,7
images/047A23.JPG,23
images/053A02.JPG,2
images/031A00.JPG,0
images/080A04.JPG,4
images/076A09.JPG,9
images/070A00.JPG,0
images/057A05.JPG,5
images/072A29.JPG,29
images/013A23.JPG,23
images/046A02.JPG,2
images/007A39.JPG,39
images/077A09.JPG,9
images/008A33.JPG,33
images/082A22.JPG,22
images/040A07.JPG,7
images/055A14.JPG,14
images/025A12.JPG,12
images/058A17.JPG,17
images/002A05.JPG,5
images/043A27.JPG,27
images/054A12.JPG,12
images/069A02.JPG,2
images/053A06.JPG,6
images/057A16.JPG,16
images/014A14.JPG,14
images/040A14.JPG,14
images/043A00.JPG,0
images/053A04.JPG,4
images/013A00.JPG,0
images/067A28.JPG,28
images/045A19.JPG,19
images/052A07.JPG,7
images/020A20.JPG,20
images/053A10.JPG,10
images/050A16.JPG,16
images/076A16.JPG,16
images/060A04.JPG,4
images/040A03b.JPG,3
images/005A48.JPG,48
images/050A06.JPG,6
images/062A03.JPG,3
images/072A45.JPG,45
images/027A13.JPG,13
images/004A19.JPG,19
images/053A12.JPG,12
images/077A12.JPG,12
images/014A42.JPG,42
images/045A32.JPG,32
images/056A02.JPG,2
images/002A29.JPG,29
images/028A41.JPG,41
images/056A15.JPG,15
images/002A18.JPG,18
images/005A35.JPG,35
images/002A23.JPG,23
images/018A11.JPG,11
images/057A18.JPG,18
images/012A34.JPG,34
images/025A22.JPG,22
images/053A08.JPG,8
images/031A16.JPG,16
images/077A04.JPG,4
images/036A15.JPG,15
images/004A40.JPG,40
images/058A04.JPG,4
images/037A08.JPG,8
images/054A18.JPG,18
images/079A12.JPG,12
images/036A11.JPG,11
images/018A16.JPG,16
images/029A05.JPG,5
images/033A02.JPG,2
images/020A04.JPG,4
images/049A16.JPG,16
images/052A16.JPG,16
images/040A05.JPG,5
images/036A03.JPG,3
images/030A07.JPG,7
images/054A06.JPG,6
images/039A05.JPG,5
images/062A35.JPG,35
images/068A09.JPG,9
images/078A07.JPG,7
images/078A13.JPG,13
images/021A16.JPG,16
images/062A30.JPG,30
images/063A04.JPG,4
images/003A61.JPG,61
images/031A02.JPG,2
images/008A16.JPG,16
images/028A46.JPG,46
images/039A02.JPG,2
images/008A31.JPG,31
images/002A12.JPG,12
images/067A17.JPG,17
images/069A04.JPG,4
images/040A10.JPG,10
images/018A33.JPG,33
images/079A13.JPG,13
images/079A05.JPG,5
images/031A07.JPG,7
images/080A13.JPG,13
images/029A29.JPG,29
images/080A01.JPG,1
images/068A14.JPG,14
images/080A10.JPG,10
images/005A30.JPG,30
images/054A04.JPG,4
images/068A04.JPG,4
images/004A48.JPG,48
images/071A18.JPG,18
images/060A08.JPG,8
images/047A11.JPG,11
images/078A09.JPG,9
images/028A28.JPG,28
images/014A03.JPG,3
images/013A41.JPG,41
images/020A16.JPG,16
images/033A18.JPG,18
images/020A08.JPG,8
images/037A11.JPG,11
images/008A08.JPG,8
images/082A25.JPG,25
images/045A08.JPG,8
images/033A30.JPG,30
images/025A19.JPG,19
images/007A26.JPG,26
images/004A26.JPG,26
images/062A47.JPG,47
images/066A04.JPG,4
images/029A10.JPG,10
images/043A23.JPG,23
images/057A23.JPG,23
images/008A21.JPG,21
images/082A23.JPG,23
images/036A20.JPG,20
images/080A12.JPG,12
images/036A06.JPG,6
images/004A62.JPG,62
images/049A17.JPG,17
images/068A12.JPG,12
images/080A06.JPG,6
images/036A13.JPG,13
images/053A11.JPG,11
images/067A23.JPG,23
images/012A32.JPG,32
images/029A13.JPG,13
images/031A04.JPG,4
images/066A08.JPG,8
images/063A08.JPG,8
images/043A15.JPG,15
images/060A05.JPG,5
images/055A06.JPG,6
images/029A04.JPG,4
images/005A31.JPG,31
images/071A00.JPG,0
images/077A06.JPG,6
images/042A08.JPG,8
images/029A11.JPG,11
images/031A11.JPG,11
images/078A03.JPG,3
images/007A22.JPG,22
images/049A06.JPG,6
images/078A04.JPG,4
images/058A15.JPG,15
images/031A12.JPG,12
images/078A05.JPG,5
images/037A01.JPG,1
images/070A05.JPG,5
images/029A01.JPG,1
images/007A18.JPG,18
images/046A14.JPG,14
images/007A23.JPG,23
images/071A45.JPG,45
images/066A02a.JPG,2
images/054A19.JPG,19
images/014A16.JPG,16
images/069A00.JPG,0
images/033A44.JPG,44
images/071A40.JPG,40
images/008A30.JPG,30
images/002A31.JPG,31
images/039A17.JPG,17
images/002A36.JPG,36
images/076A11.JPG,11
images/050A00.JPG,0
images/002A21.JPG,21
images/020A22.JPG,22
images/052A13.JPG,13
images/039A11.JPG,11
images/029A22.JPG,22
images/029A31.JPG,31
images/077A03.JPG,3
images/042A04.JPG,4
images/036A18.JPG,18
images/033A39.JPG,39
images/076A01.JPG,1
images/063A09.JPG,9
images/078A15.JPG,15
images/039A13.JPG,13
images/058A02.JPG,2
images/060A10.JPG,10
images/031A06.JPG,6
images/057A25.JPG,25
images/062A15.JPG,15
images/008A13.JPG,13
images/072A19.JPG,19
images/078A12.JPG,12
images/027A11.JPG,11
images/027A20.JPG,20
images/027A41.JPG,41
images/055A23.JPG,23
images/080A09.JPG,9
images/068A13.JPG,13
images/069A13.JPG,13
images/025A34.JPG,34
images/053A00.JPG,0
images/021A03.JPG,3
images/039A52.JPG,52
images/056A01.JPG,1
images/052A14.JPG,14
images/049A04.JPG,4
images/082A18.JPG,18
images/031A09.JPG,9
images/052A04.JPG,4
images/054A09.JPG,9
images/057A12.JPG,12
images/077A01.JPG,1
images/039A35.JPG,35
images/068A10b.JPG,10
images/021A05.JPG,5
images/060A02.JPG,2
images/030A16.JPG,16
images/045A40.JPG,40
images/042A24.JPG,24
images/037A04.JPG,4
images/020A11.JPG,11
images/008A06.JPG,6
images/042A18.JPG,18
images/057A00.JPG,0
images/033A14.JPG,14
images/029A33.JPG,33
images/039A45.JPG,45
images/037A18.JPG,18
images/067A21.JPG,21
images/036A08.JPG,8
images/030A17.JPG,17
images/012A04.JPG,4
images/077A16.JPG,16
images/072A14.JPG,14
images/062A54.JPG,54
images/070A12.JPG,12
images/055A12.JPG,12
images/063A18.JPG,18
images/056A10.JPG,10
images/042A05.JPG,5
images/067A04.JPG,4
images/013A08.JPG,8
images/018A36.JPG,36
images/042A12.JPG,12
images/040A12.JPG,12
images/025A23.JPG,23
images/080A02.JPG,2
images/070A03.JPG,3
images/045A25.JPG,25
images/076A03.JPG,3
images/025A07.JPG,7
images/058A03.JPG,3
images/007A01.JPG,1
images/021A30.JPG,30
images/018A29.JPG,29
images/066A06a.JPG,6
images/080A07.JPG,7
images/036A05.JPG,5
images/079A02.JPG,2
images/002A15.JPG,15
images/052A17.JPG,17
images/060A07.JPG,7
images/062A41.JPG,41
images/003A49.JPG,49
images/070A14.JPG,14
images/078A08.JPG,8
images/033A21.JPG,21
images/013A18.JPG,18
images/039A50.JPG,50
images/049A10.JPG,10
images/028A35.JPG,35
images/042A00.JPG,0
images/049A12.JPG,12
images/080A08.JPG,8
images/047A20.JPG,20
images/046A12.JPG,12
images/054A17.JPG,17
images/014A30.JPG,30
images/020A30.JPG,30
images/078A14.JPG,14
images/069A05.JPG,5
images/058A01.JPG,1
images/040A19.JPG,19
images/055A22.JPG,22
images/069A10.JPG,10
images/062A53.JPG,53
images/005A52.JPG,52
images/018A18.JPG,18
images/076A00.JPG,0
images/076A04.JPG,4
images/079A11.JPG,11
images/076A13.JPG,13
images/014A40.JPG,40
images/008A35.JPG,35
images/028A37.JPG,37
images/007A38.JPG,38
images/031A19.JPG,19
images/072A11.JPG,11
images/013A21.JPG,21
images/063A00.JPG,0
images/042A06.JPG,6
images/046A16.JPG,16
images/068A00.JPG,0
images/018A34.JPG,34
images/066A03.JPG,3
images/076A05.JPG,5
images/070A06.JPG,6
images/071A22.JPG,22
images/072A41.JPG,41
images/007A45.JPG,45
images/076A15.JPG,15
images/072A21.JPG,21
images/005A24.JPG,24
images/053A18.JPG,18
images/042A20.JPG,20
images/047A18.JPG,18
images/039A10.JPG,10
images/080A00.JPG,0
images/082A03.JPG,3
images/020A26.JPG,26
images/027A22.JPG,22
images/013A16.JPG,16
images/043A19.JPG,19
images/033A10.JPG,10
images/028A14.JPG,14
images/076A08.JPG,8
images/013A25.JPG,25
