images/032A33.JPG,33
images/028A41.JPG,41
images/016A12.JPG,12
images/016A03.JPG,3
images/079A07.JPG,7
images/029A20.JPG,20
images/080A00.JPG,0
images/047A15.JPG,15
images/076A08.JPG,8
images/065A06b.JPG,6
images/055A04.JPG,4
images/002A26.JPG,26
images/059A06.JPG,6
images/058A00.JPG,0
images/044A03.JPG,3
images/053A12.JPG,12
images/065A10.JPG,10
images/032A08.JPG,8
images/067A04.JPG,4
images/070A05.JPG,5
images/080A02.JPG,2
images/059A07.JPG,7
images/044A07.JPG,7
images/017A07.JPG,7
images/019A03.JPG,3
images/024A25.JPG,25
images/061A04.JPG,4
images/017A12.JPG,12
images/053A04.JPG,4
images/009A11.JPG,11
images/029A01.JPG,1
images/040A00.JPG,0
images/076A00.JPG,0
images/008A17.JPG,17
images/007A38.JPG,38
images/044A25.JPG,25
images/047A12.JPG,12
images/002A38.JPG,38
images/022A28.JPG,28
images/007A23.JPG,23
images/071A40.JPG,40
images/039A45.JPG,45
images/043A10.JPG,10
images/016A04.JPG,4
images/006A61.JPG,61
images/029A29.JPG,29
images/043A03.JPG,3
images/009A09.JPG,9
images/049A07.JPG,7
images/022A26.JPG,26
images/044A05.JPG,5
images/059A14.JPG,14
images/007A45.JPG,45
images/058A04.JPG,4
images/028A28.JPG,28
images/040A03b.JPG,3
images/049A12.JPG,12
images/082A27.JPG,27
images/054A02.JPG,2
images/024A00.JPG,0
images/018A06.JPG,6
images/080A01.JPG,1
images/065A04.JPG,4
images/031A09.JPG,9
images/027A20.JPG,20
images/050A03.JPG,3
images/079A10.JPG,10
images/081A08.JPG,8
images/073A00.JPG,0
images/037A06.JPG,6
images/007A22.JPG,22
images/044A15.JPG,15
images/043A04.JPG,4
images/046A06.JPG,6
images/046A18.JPG,18
images/050A10.JPG,10
images/029A31.JPG,31
images/081A12.JPG,12
images/055A08.JPG,8
images/028A16.JPG,16
images/014A36.JPG,36
images/052A02.JPG,2
images/001A02.JPG,2
images/059A04.JPG,4
images/006A42.JPG,42
images/024A17.JPG,17
images/018A33.JPG,33
images/081A11.JPG,11
images/082A18.JPG,18
images/013A21.JPG,21
images/073A11.JPG,11
images/039A10.JPG,10
images/070A00.JPG,0
images/040A14.JPG,14
images/005A35.JPG,35
images/005A30.JPG,30
images/043A23.JPG,23
images/040A21.JPG,21
images/039A02.JPG,2
images/059A02b.JPG,2
images/015A00.JPG,0
images/060A17.JPG,17
images/061A29.JPG,29
images/054A17.JPG,17
images/065A07a.JPG,7
images/005A18.JPG,18
images/005A61.JPG,61
images/008A41.JPG,41
images/028A26.JPG,26
images/076A12.JPG,12
images/052A14.JPG,14
images/071A35.JPG,35
images/009A13.JPG,13
images/052A20.JPG,20
images/017A17.JPG,17
images/001A18.JPG,18
images/032A35.JPG,35
images/046A04.JPG,4
images/029A11.JPG,11
images/080A03.JPG,3
images/014A40.JPG,40
images/014A14.JPG,14
images/040A19.JPG,19
images/019A00.JPG,0
images/031A15.JPG,15
images/071A24.JPG,24
images/054A10.JPG,10
images/008A03.JPG,3
images/014A03.JPG,3
images/055A22.JPG,22
images/037A04.JPG,4
images/076A02.JPG,2
images/060A12.JPG,12
images/047A20.JPG,20
images/031A07.JPG,7
images/037A09.JPG,9
images/032A24.JPG,24
images/082A16.JPG,16
images/082A22.JPG,22
images/001A19.JPG,19
images/061A06.JPG,6
images/005A52.JPG,52
images/061A17.JPG,17
images/017A29.JPG,29
images/033A35.JPG,35
images/005A49.JPG,49
images/015A19.JPG,19
images/047A33.JPG,33
images/031A02.JPG,2
images/037A02.JPG,2
images/049A10.JPG,10
images/071A44.JPG,44
images/013A08.JPG,8
images/024A05.JPG,5
images/014A30.JPG,30
images/060A08.JPG,8
images/004A26.JPG,26
images/013A44.JPG,44
images/073A06.JPG,6
images/033A02.JPG,2
images/054A12.JPG,12
images/063A22.JPG,22
images/060A04.JPG,4
images/027A25.JPG,25
images/071A42.JPG,42
images/039A11.JPG,11
images/022A16.JPG,16
images/060A07.JPG,7
images/016A14.JPG,14
images/052A19.JPG,19
images/053A15.JPG,15
images/046A20.JPG,20
images/002A36.JPG,36
images/046A17.JPG,17
images/039A15.JPG,15
images/043A13.JPG,13
images/058A02.JPG,2
images/076A04.JPG,4
images/079A00.JPG,0
images/007A37.JPG,37
images/043A00.JPG,0
images/008A35.JPG,35
images/065A02b.JPG,2
images/071A43.JPG,43
images/063A18.JPG,18
images/082A03.JPG,3
images/074A07.JPG,7
images/076A14.JPG,14
images/067A14.JPG,14
images/079A04.JPG,4
images/052A17.JPG,17
images/060A05.JPG,5
images/032A28.JPG,28
images/015A14.JPG,14
images/073A16.JPG,16
images/004A19.JPG,19
images/044A21.JPG,21
images/033A30.JPG,30
images/018A25.JPG,25
images/001A16.JPG,16
images/037A08.JPG,8
images/058A06.JPG,6
images/004A30.JPG,30
images/074A14.JPG,14
images/065A03a.JPG,3
images/071A10.JPG,10
images/006A46.JPG,46
images/067A23.JPG,23
images/022A18.JPG,18
images/039A17.JPG,17
images/002A18.JPG,18
images/006A31.JPG,31
images/008A16.JPG,16
images/004A48.JPG,48
images/071A27.JPG,27
images/053A02.JPG,2
images/004A40.JPG,40
images/053A03.JPG,3
images/080A10.JPG,10
images/033A25.JPG,25
images/024A07.JPG,7
images/060A19.JPG,19
images/079A03.JPG,3
images/004A37.JPG,37
images/055A23.JPG,23
images/058A10.JPG,10
images/070A02.JPG,2
images/009A22a.JPG,22
images/015A17.JPG,17
images/008A30.JPG,30
images/050A22.JPG,22
images/046A12.JPG,12
images/024A19.JPG,19
images/076A06.JPG,6
images/067A28.JPG,28
images/070A07.JPG,7
images/080A09.JPG,9
images/028A14.JPG,14
images/016A07.JPG,7
images/022A14.JPG,14
images/044A13.JPG,13
images/046A01.JPG,1
images/002A03.JPG,3
images/004A53.JPG,53
images/018A34.JPG,34
images/051A24.JPG,24
images/051A17.JPG,17
images/055A14.JPG,14
images/080A05.JPG,5
images/037A19.JPG,19
images/054A00.JPG,0
images/046A02.JPG,2
images/019A18.JPG,18
images/070A01.JPG,1
images/032A15.JPG,15
images/013A41.JPG,41
images/067A17.JPG,17
images/080A07.JPG,7
images/053A01.JPG,1
images/018A36.JPG,36
images/009A00.JPG,0
images/047A45.JPG,45
images/015A03.JPG,3
images/032A06.JPG,6
images/080A13.JPG,13
images/058A17.JPG,17
images/067A30.JPG,30
images/059A16.JPG,16
images/047A11.JPG,11
images/043A19.JPG,19
images/054A04.JPG,4
images/031A12.JPG,12
images/060A10.JPG,10
images/076A17.JPG,17
images/017A42.JPG,42
images/017A38.JPG,38
images/079A01.JPG,1
images/079A09.JPG,9
images/029A22.JPG,22
images/074A13.JPG,13
images/081A06.JPG,6
images/080A06.JPG,6
images/001A29.JPG,29
images/065A06a.JPG,6
images/027A16.JPG,16
images/017A15.JPG,15
images/015A04.JPG,4
images/051A05.JPG,5
images/076A09.JPG,9
images/002A15.JPG,15
images/043A15.JPG,15
images/017A36.JPG,36
images/058A01.JPG,1
images/051A16.JPG,16
images/018A22.JPG,22
images/028A18.JPG,18
images/071A23.JPG,23
images/080A12.JPG,12
images/051A15.JPG,15
images/049A16.JPG,16
images/016A17.JPG,17
images/054A13.JPG,13
images/031A06.JPG,6
images/019A27.JPG,27
images/002A31.JPG,31
images/024A23.JPG,23
images/063A04.JPG,4
images/024A18.JPG,18
images/070A03.JPG,3
images/008A29.JPG,29
images/040A02.JPG,2
images/055A12.JPG,12
images/006A36.JPG,36
images/080A08.JPG,8
images/074A09.JPG,9
images/008A31.JPG,31
images/070A09.JPG,9
images/009A01.JPG,1
images/060A20.JPG,20
images/005A40.JPG,40
images/029A04.JPG,4
images/002A21.JPG,21
images/017A05.JPG,5
images/001A22.JPG,22
images/082A25.JPG,25
images/040A09.JPG,9
images/046A16.JPG,16
images/063A33.JPG,33
images/029A33.JPG,33
images/081A01.JPG,1
images/002A16.JPG,16
images/082A20.JPG,20
images/067A33.JPG,33
images/031A16.JPG,16
images/004A21.JPG,21
images/031A14.JPG,14
images/065A03b.JPG,3
images/013A25.JPG,25
images/076A15.JPG,15
images/017A19.JPG,19
images/006A51.JPG,51
images/050A14.JPG,14
images/047A18.JPG,18
images/028A34.JPG,34
images/043A05.JPG,5
images/008A06.JPG,6
images/019A12.JPG,12
images/022A07.JPG,7
images/037A18.JPG,18
images/079A13.JPG,13
images/053A06.JPG,6
images/027A02.JPG,2
images/071A00.JPG,0
images/073A01.JPG,1
images/065A13.JPG,13
images/047A13.JPG,13
images/013A34.JPG,34
images/063A02.JPG,2
images/053A00.JPG,0
images/006A67.JPG,67
images/009A05.JPG,5
images/040A05.JPG,5
images/065A07b.JPG,7
images/009A22b.JPG,22
images/039A07.JPG,7
images/013A23.JPG,23
images/073A13.JPG,13
images/007A18.JPG,18
images/008A18.JPG,18
images/022A25.JPG,25
images/027A41.JPG,41
images/031A19.JPG,19
images/060A06.JPG,6
images/014A12.JPG,12
images/081A10.JPG,10
images/032A40.JPG,40
images/002A12.JPG,12
images/001A40.JPG,40
images/076A10.JPG,10
images/033A39.JPG,39
images/074A06.JPG,6
images/067A26.JPG,26
images/043A17.JPG,17
images/016A05.JPG,5
images/058A03.JPG,3
images/029A13.JPG,13
images/024A10.JPG,10
images/022A27.JPG,27
images/074A00.JPG,0
images/052A13.JPG,13
images/029A10.JPG,10
images/076A05.JPG,5
images/007A01.JPG,1
images/033A05.JPG,5
images/070A06.JPG,6
images/051A08.JPG,8
images/028A35.JPG,35
images/014A16.JPG,16
images/002A07.JPG,7
images/073A12.JPG,12
images/007A39.JPG,39
images/051A02.JPG,2
images/032A13.JPG,13
images/071A22.JPG,22
images/016A01.JPG,1
images/031A00.JPG,0
images/079A08.JPG,8
images/016A10.JPG,10
images/073A09.JPG,9
images/008A21.JPG,21
images/033A44.JPG,44
images/050A06.JPG,6
images/019A15.JPG,15
images/006A69.JPG,69
images/018A16.JPG,16
images/073A08.JPG,8
images/019A23.JPG,23
images/033A18.JPG,18
images/037A01.JPG,1
images/074A11.JPG,11
images/055A06.JPG,6
images/073A05.JPG,5
images/013A00.JPG,0
images/079A12.JPG,12
images/074A08.JPG,8
images/054A16.JPG,16
images/014A18.JPG,18
images/061A26.JPG,26
images/040A03a.JPG,3
images/061A07.JPG,7
images/027A30.JPG,30
images/014A42.JPG,42
images/017A26.JPG,26
images/074A01.JPG,1
images/081A00.JPG,0
images/071A45.JPG,45
images/050A18.JPG,18
images/044A17.JPG,17
images/019A05.JPG,5
images/027A11.JPG,11
images/081A04.JPG,4
images/052A18.JPG,18
images/028A37.JPG,37
images/065A08.JPG,8
images/015A15.JPG,15
images/027A22.JPG,22
images/019A30.JPG,30
images/037A17.JPG,17
images/013A30.JPG,30
images/061A15.JPG,15
images/018A29.JPG,29
images/009A18.JPG,18
images/053A10.JPG,10
images/053A11.JPG,11
images/076A07.JPG,7
images/028A20.JPG,20
images/039A19.JPG,19
images/049A05.JPG,5
images/065A09.JPG,9
images/006A24.JPG,24
images/059A02a.JPG,2
images/046A08.JPG,8
images/013A18.JPG,18
images/070A14.JPG,14
images/016A16.JPG,16
images/001A33.JPG,33
images/074A15.JPG,15
images/070A08.JPG,8
images/040A06.JPG,6
images/047A06.JPG,6
images/015A01.JPG,1
images/063A08.JPG,8
images/004A51.JPG,51
images/017A32.JPG,32
images/074A04.JPG,4
images/040A12.JPG,12
images/015A09.JPG,9
images/060A11.JPG,11
images/008A13.JPG,13
images/002A29.JPG,29
images/033A14.JPG,14
images/024A30.JPG,30
images/079A06.JPG,6
images/039A13.JPG,13
images/059A03.JPG,3
images/076A01.JPG,1
images/015A10.JPG,10
images/081A03.JPG,3
images/060A02.JPG,2
images/046A10.JPG,10
images/001A28.JPG,28
images/016A18.JPG,18
images/043A27.JPG,27
images/054A11.JPG,11
images/039A52.JPG,52
images/049A15.JPG,15
images/039A16.JPG,16
images/047A05.JPG,5
images/029A16.JPG,16
images/016A08.JPG,8
images/009A03.JPG,3
images/063A20.JPG,20
images/015A12.JPG,12
images/081A07.JPG,7
images/033A10.JPG,10
images/001A14.JPG,14
images/065A02a.JPG,2
images/063A25.JPG,25
images/015A05.JPG,5
images/073A04.JPG,4
images/031A03.JPG,3
images/049A04.JPG,4
images/067A39.JPG,39
images/004A62.JPG,62
images/051A00.JPG,0
images/063A09.JPG,9
images/001A43b.JPG,43
images/044A01.JPG,1
images/050A16.JPG,16
images/018A18.JPG,18
images/037A00.JPG,0
images/013A16.JPG,16
images/008A08.JPG,8
images/047A09.JPG,9
images/022A11.JPG,11
images/039A35.JPG,35
images/040A10.JPG,10
images/074A05.JPG,5
images/070A12.JPG,12
images/022A20.JPG,20
images/076A13.JPG,13
images/063A00.JPG,0
images/065A12.JPG,12
images/039A50.JPG,50
images/067A21.JPG,21
images/001A43a.JPG,43
images/061A19.JPG,19
images/052A10.JPG,10
images/053A08.JPG,8
images/073A02.JPG,2
images/049A17.JPG,17
images/016A19.JPG,19
images/074A03.JPG,3
images/019A07.JPG,7
images/006A28.JPG,28
images/074A12.JPG,12
images/051A12.JPG,12
images/029A23.JPG,23
images/061A30.JPG,30
images/061A10.JPG,10
images/031A11.JPG,11
images/076A03.JPG,3
images/054A18.JPG,18
images/054A09.JPG,9
images/017A22.JPG,22
images/052A04.JPG,4
images/007A26.JPG,26
images/022A30.JPG,30
images/076A11.JPG,11
images/032A18.JPG,18
images/061A25.JPG,25
images/022A00.JPG,0
images/004A63.JPG,63
images/058A15.JPG,15
images/047A23.JPG,23
images/027A18.JPG,18
images/024A28.JPG,28
images/005A48.JPG,48
images/079A11.JPG,11
images/051A18.JPG,18
images/022A23.JPG,23
images/082A23.JPG,23
images/059A12.JPG,12
images/027A13.JPG,13
images/006A40.JPG,40
images/040A07.JPG,7
images/044A18.JPG,18
images/054A06.JPG,6
images/051A14.JPG,14
images/005A24.JPG,24
images/031A04.JPG,4
images/053A18.JPG,18
images/079A05.JPG,5
images/049A06.JPG,6
images/028A46.JPG,46
images/073A14.JPG,14
images/081A02.JPG,2
images/081A05.JPG,5
images/009A16a.JPG,16
images/037A11.JPG,11
images/053A13.JPG,13
images/052A16.JPG,16
images/001A05.JPG,5
images/002A20.JPG,20
images/032A20.JPG,20
images/082A00.JPG,0
images/005A31.JPG,31
images/061A18.JPG,18
images/047A55.JPG,55
images/037A13.JPG,13
images/008A33.JPG,33
images/039A05.JPG,5
images/061A32.JPG,32
images/040A16.JPG,16
images/082A21.JPG,21
images/018A11.JPG,11
images/074A02.JPG,2
images/074A10.JPG,10
images/006A55.JPG,55
images/001A08.JPG,8
images/046A14.JPG,14
images/027A36.JPG,36
images/049A08.JPG,8
images/050A00.JPG,0
images/029A05.JPG,5
images/002A04.JPG,4
images/073A15.JPG,15
images/073A07.JPG,7
images/033A21.JPG,21
images/015A07.JPG,7
images/002A23.JPG,23
images/058A05.JPG,5
images/058A13.JPG,13
images/052A07.JPG,7
images/032A10.JPG,10
images/054A19.JPG,19
images/079A02.JPG,2
images/082A31.JPG,31
images/018A28.JPG,28
images/065A11.JPG,11
images/001A10.JPG,10
images/046A00.JPG,0
images/080A14.JPG,14
images/055A05.JPG,5
images/008A12.JPG,12
images/014A22.JPG,22
images/076A16.JPG,16
images/004A28.JPG,28
images/071A18.JPG,18
images/009A16b.JPG,16
images/073A03.JPG,3
images/080A04.JPG,4
images/013A19.JPG,19
images/009A14.JPG,14
images/005A45.JPG,45
images/002A05.JPG,5
images/047A27.JPG,27
