images/036A01.JPG,1
images/035A01.JPG,1
images/061A25.JPG,25
images/002A20.JPG,20
images/029A05.JPG,5
images/015A09.JPG,9
images/058A04.JPG,4
images/002A31.JPG,31
images/041A13.JPG,13
images/045A48.JPG,48
images/024A07.JPG,7
images/009A05.JPG,5
images/039A13.JPG,13
images/034A39.JPG,39
images/019A30.JPG,30
images/024A28.JPG,28
images/019A05.JPG,5
images/039A35.JPG,35
images/064A19.JPG,19
images/001A05.JPG,5
images/040A02.JPG,2
images/065A12.JPG,12
images/012A18.JPG,18
images/030A05.JPG,5
images/071A42.JPG,42
images/029A04.JPG,4
images/078A00.JPG,0
images/001A29.JPG,29
images/021A16.JPG,16
images/059A04.JPG,4
images/065A04.JPG,4
images/034A21.JPG,21
images/065A06a.JPG,6
images/032A24.JPG,24
images/022A16.JPG,16
images/032A13.JPG,13
images/015A10.JPG,10
images/081A02.JPG,2
images/080A03.JPG,3
images/013A08.JPG,8
images/018A33.JPG,33
images/059A12.JPG,12
images/025A23.JPG,23
images/043A04.JPG,4
images/046A00.JPG,0
images/074A15.JPG,15
images/070A01.JPG,1
images/035A18.JPG,18
images/024A23.JPG,23
images/075A10.JPG,10
images/043A10.JPG,10
images/070A08.JPG,8
images/029A11.JPG,11
images/013A19.JPG,19
images/058A15.JPG,15
images/035A23a.JPG,23
images/024A18.JPG,18
images/082A23.JPG,23
images/069A04.JPG,4
images/027A22.JPG,22
images/056A02.JPG,2
images/037A18.JPG,18
images/001A18.JPG,18
images/032A18.JPG,18
images/082A27.JPG,27
images/071A35.JPG,35
images/064A01.JPG,1
images/021A20.JPG,20
images/006A51.JPG,51
images/025A22.JPG,22
images/002A05.JPG,5
images/001A14.JPG,14
images/074A10.JPG,10
images/056A10.JPG,10
images/076A00.JPG,0
images/035A23b.JPG,23
images/068A13.JPG,13
images/039A50.JPG,50
images/053A00.JPG,0
images/009A16a.JPG,16
images/067A28.JPG,28
images/080A05.JPG,5
images/022A14.JPG,14
images/059A14.JPG,14
images/061A30.JPG,30
images/067A21.JPG,21
images/061A18.JPG,18
images/024A05.JPG,5
images/035A21.JPG,21
images/035A12.JPG,12
images/078A14.JPG,14
images/035A05.JPG,5
images/019A03.JPG,3
images/012A26.JPG,26
images/053A01.JPG,1
images/076A03.JPG,3
images/001A22.JPG,22
images/046A01.JPG,1
images/006A55.JPG,55
images/050A03.JPG,3
images/050A16.JPG,16
images/002A38.JPG,38
images/074A08.JPG,8
images/077A11.JPG,11
images/057A18.JPG,18
images/032A40.JPG,40
images/067A14.JPG,14
images/035A09.JPG,9
images/053A11.JPG,11
images/002A18.JPG,18
images/025A18.JPG,18
images/078A05.JPG,5
images/080A08.JPG,8
images/036A15.JPG,15
images/082A31.JPG,31
images/029A01.JPG,1
images/028A34.JPG,34
images/074A04.JPG,4
images/074A05.JPG,5
images/046A20.JPG,20
images/074A11.JPG,11
images/045A28.JPG,28
images/064A15.JPG,15
images/028A26.JPG,26
images/021A06.JPG,6
images/074A12.JPG,12
images/069A06.JPG,6
images/007A01.JPG,1
images/072A07.JPG,7
images/034A30.JPG,30
images/040A06.JPG,6
images/027A36.JPG,36
images/079A05.JPG,5
images/077A15.JPG,15
images/034A16.JPG,16
images/071A24.JPG,24
images/013A00.JPG,0
images/061A17.JPG,17
images/082A25.JPG,25
images/041A21.JPG,21
images/076A04.JPG,4
images/076A13.JPG,13
images/065A07b.JPG,7
images/081A01.JPG,1
images/075A00.JPG,0
images/028A46.JPG,46
images/028A14.JPG,14
images/028A18.JPG,18
images/002A16.JPG,16
images/074A09.JPG,9
images/018A29.JPG,29
images/065A06b.JPG,6
images/040A19.JPG,19
images/018A18.JPG,18
images/071A44.JPG,44
images/056A06.JPG,6
images/056A04.JPG,4
images/037A00.JPG,0
images/080A02.JPG,2
images/002A26.JPG,26
images/065A03a.JPG,3
images/019A15.JPG,15
images/041A20.JPG,20
images/012A07.JPG,7
images/037A09.JPG,9
images/067A17.JPG,17
images/015A00.JPG,0
images/053A08.JPG,8
images/045A18.JPG,18
images/045A06.JPG,6
images/078A11.JPG,11
images/061A10.JPG,10
images/061A29.JPG,29
images/077A13.JPG,13
images/057A00.JPG,0
images/041A19.JPG,19
images/067A39.JPG,39
images/079A04.JPG,4
images/074A00.JPG,0
images/079A12.JPG,12
images/076A15.JPG,15
images/019A27.JPG,27
images/043A13.JPG,13
images/037A19.JPG,19
images/075A11.JPG,11
images/012A24.JPG,24
images/036A18.JPG,18
images/036A13.JPG,13
images/022A07.JPG,7
images/068A03.JPG,3
images/001A33.JPG,33
images/030A04.JPG,4
images/057A12.JPG,12
images/079A10.JPG,10
images/029A29.JPG,29
images/078A12.JPG,12
images/053A03.JPG,3
images/039A15.JPG,15
images/072A19.JPG,19
images/036A03.JPG,3
images/071A27.JPG,27
images/071A45.JPG,45
images/072A41.JPG,41
images/028A28.JPG,28
images/069A05.JPG,5
images/075A07.JPG,7
images/037A11.JPG,11
images/077A00.JPG,0
images/034A35.JPG,35
images/041A06.JPG,6
images/074A03.JPG,3
images/068A10a.JPG,10
images/029A33.JPG,33
images/077A09.JPG,9
images/075A05.JPG,5
images/080A07.JPG,7
images/072A02.JPG,2
images/013A34.JPG,34
images/046A12.JPG,12
images/039A10.JPG,10
images/028A16.JPG,16
images/043A00.JPG,0
images/065A10.JPG,10
images/025A19.JPG,19
images/015A12.JPG,12
images/039A16.JPG,16
images/040A12.JPG,12
images/019A18.JPG,18
images/001A40.JPG,40
images/057A16.JPG,16
images/076A08.JPG,8
images/069A11.JPG,11
images/078A02.JPG,2
images/045A12.JPG,12
images/078A15.JPG,15
images/072A25.JPG,25
images/071A23.JPG,23
images/007A18.JPG,18
images/057A06.JPG,6
images/068A04.JPG,4
images/070A12.JPG,12
images/030A17.JPG,17
images/040A09.JPG,9
images/065A11.JPG,11
images/061A06.JPG,6
images/068A10b.JPG,10
images/019A23.JPG,23
images/045A08.JPG,8
images/069A07.JPG,7
images/082A21.JPG,21
images/080A06.JPG,6
images/046A16.JPG,16
images/081A08.JPG,8
images/061A15.JPG,15
images/076A14.JPG,14
images/072A34.JPG,34
images/029A10.JPG,10
images/032A10.JPG,10
images/075A02.JPG,2
images/032A06.JPG,6
images/071A40.JPG,40
images/019A12.JPG,12
images/028A37.JPG,37
images/021A27.JPG,27
images/077A07.JPG,7
images/041A00.JPG,0
images/040A21.JPG,21
images/041A02.JPG,2
images/013A30.JPG,30
images/079A08.JPG,8
images/024A25.JPG,25
images/002A15.JPG,15
images/015A19.JPG,19
images/002A21.JPG,21
images/006A61.JPG,61
images/067A04.JPG,4
images/058A05.JPG,5
images/058A03.JPG,3
images/061A07.JPG,7
images/027A30.JPG,30
images/074A07.JPG,7
images/068A14.JPG,14
images/036A05.JPG,5
images/037A17.JPG,17
images/070A02.JPG,2
images/082A03.JPG,3
images/041A04.JPG,4
images/028A41.JPG,41
images/018A36.JPG,36
images/076A09.JPG,9
images/013A41.JPG,41
images/039A05.JPG,5
images/030A16.JPG,16
images/069A10.JPG,10
images/065A13.JPG,13
images/001A02.JPG,2
images/072A29.JPG,29
images/025A03.JPG,3
images/074A13.JPG,13
images/025A12.JPG,12
images/074A01.JPG,1
images/040A05.JPG,5
images/076A12.JPG,12
images/058A01.JPG,1
images/022A27.JPG,27
images/040A10.JPG,10
images/013A16.JPG,16
images/069A02.JPG,2
images/040A00.JPG,0
images/015A14.JPG,14
images/072A21.JPG,21
images/019A00.JPG,0
images/040A14.JPG,14
images/058A06.JPG,6
images/034A04.JPG,4
images/061A19.JPG,19
images/022A00.JPG,0
images/034A18.JPG,18
images/074A14.JPG,14
images/029A16.JPG,16
images/056A01.JPG,1
images/006A28.JPG,28
images/072A27.JPG,27
images/036A20.JPG,20
images/064A03.JPG,3
images/034A44.JPG,44
images/070A14.JPG,14
images/025A07.JPG,7
images/024A30.JPG,30
images/024A19.JPG,19
images/013A44.JPG,44
images/021A11.JPG,11
images/057A17.JPG,17
images/081A07.JPG,7
images/021A30.JPG,30
images/057A25.JPG,25
images/067A30.JPG,30
images/077A10.JPG,10
images/068A12.JPG,12
images/006A46.JPG,46
images/018A11.JPG,11
images/041A09.JPG,9
images/053A10.JPG,10
images/043A23.JPG,23
images/080A01.JPG,1
images/021A05.JPG,5
images/040A03a.JPG,3
images/001A43b.JPG,43
images/053A18.JPG,18
images/030A10.JPG,10
images/046A17.JPG,17
images/075A08.JPG,8
images/077A12.JPG,12
images/018A06.JPG,6
images/079A09.JPG,9
images/046A14.JPG,14
images/070A09.JPG,9
images/027A41.JPG,41
images/046A06.JPG,6
images/006A42.JPG,42
images/081A05.JPG,5
images/053A12.JPG,12
images/069A00.JPG,0
images/012A14.JPG,14
images/039A45.JPG,45
images/061A32.JPG,32
images/078A03.JPG,3
images/077A03.JPG,3
images/043A05.JPG,5
images/081A04.JPG,4
images/069A13.JPG,13
images/056A12.JPG,12
images/028A35.JPG,35
images/021A03.JPG,3
images/012A23.JPG,23
images/080A00.JPG,0
images/081A12.JPG,12
images/009A13.JPG,13
images/082A20.JPG,20
images/002A29.JPG,29
images/027A25.JPG,25
images/074A06.JPG,6
images/065A02a.JPG,2
images/037A08.JPG,8
images/080A12.JPG,12
images/012A04.JPG,4
images/076A16.JPG,16
images/012A12.JPG,12
images/025A15.JPG,15
images/024A10.JPG,10
images/006A67.JPG,67
images/029A23.JPG,23
images/077A04.JPG,4
images/045A43.JPG,43
images/045A25.JPG,25
images/039A17.JPG,17
images/012A27.JPG,27
images/079A13.JPG,13
images/065A02b.JPG,2
images/009A11.JPG,11
images/050A00.JPG,0
images/035A14.JPG,14
images/078A10.JPG,10
images/040A03b.JPG,3
images/057A05.JPG,5
images/015A17.JPG,17
images/081A06.JPG,6
images/015A15.JPG,15
images/024A00.JPG,0
images/058A13.JPG,13
images/037A04.JPG,4
images/007A26.JPG,26
images/046A18.JPG,18
images/082A22.JPG,22
images/050A14.JPG,14
images/079A02.JPG,2
images/001A16.JPG,16
images/077A08.JPG,8
images/076A02.JPG,2
images/043A19.JPG,19
images/028A20.JPG,20
images/034A25.JPG,25
images/030A00.JPG,0
images/078A07.JPG,7
images/024A17.JPG,17
images/001A08.JPG,8
images/027A02.JPG,2
images/059A06.JPG,6
images/007A45.JPG,45
images/009A22b.JPG,22
images/076A17.JPG,17
images/059A03.JPG,3
images/046A08.JPG,8
images/053A06.JPG,6
images/009A01.JPG,1
images/012A32.JPG,32
images/057A07.JPG,7
images/018A16.JPG,16
images/002A36.JPG,36
images/035A03.JPG,3
images/046A10.JPG,10
images/045A03.JPG,3
images/050A22.JPG,22
images/081A10.JPG,10
images/025A00.JPG,0
images/001A10.JPG,10
images/009A22a.JPG,22
images/046A04.JPG,4
images/056A15.JPG,15
images/082A16.JPG,16
images/001A19.JPG,19
images/053A04.JPG,4
images/022A28.JPG,28
images/022A23.JPG,23
images/022A26.JPG,26
images/058A00.JPG,0
images/076A06.JPG,6
images/002A03.JPG,3
images/069A03.JPG,3
images/009A16b.JPG,16
images/015A04.JPG,4
images/009A00.JPG,0
images/027A11.JPG,11
images/079A07.JPG,7
images/030A20.JPG,20
images/036A06.JPG,6
images/080A14.JPG,14
images/021A39.JPG,39
images/077A06.JPG,6
images/034A15.JPG,15
images/050A10.JPG,10
images/080A10.JPG,10
images/043A03.JPG,3
images/071A22.JPG,22
images/046A02.JPG,2
images/065A03b.JPG,3
images/053A15.JPG,15
images/043A27.JPG,27
images/012A21.JPG,21
images/061A04.JPG,4
images/056A03.JPG,3
images/036A11.JPG,11
images/036A08.JPG,8
images/027A20.JPG,20
images/002A23.JPG,23
images/065A07a.JPG,7
images/006A40.JPG,40
images/036A17.JPG,17
images/071A18.JPG,18
images/072A45.JPG,45
images/072A13.JPG,13
images/037A13.JPG,13
images/025A39.JPG,39
images/013A21.JPG,21
images/064A10.JPG,10
images/075A06.JPG,6
images/019A07.JPG,7
images/078A09.JPG,9
images/022A25.JPG,25
images/078A06.JPG,6
images/053A02.JPG,2
images/061A26.JPG,26
images/070A07.JPG,7
images/076A11.JPG,11
images/029A22.JPG,22
images/001A28.JPG,28
images/068A00.JPG,0
images/002A12.JPG,12
images/012A34.JPG,34
images/050A18.JPG,18
images/059A02a.JPG,2
images/012A25.JPG,25
images/058A17.JPG,17
images/058A02.JPG,2
images/080A04.JPG,4
images/013A18.JPG,18
images/039A07.JPG,7
images/006A31.JPG,31
images/025A28.JPG,28
images/030A18.JPG,18
images/021A35.JPG,35
images/022A11.JPG,11
images/065A09.JPG,9
images/080A13.JPG,13
images/039A52.JPG,52
images/078A13.JPG,13
images/013A23.JPG,23
images/043A17.JPG,17
images/032A15.JPG,15
images/076A05.JPG,5
images/027A13.JPG,13
images/078A01.JPG,1
images/032A08.JPG,8
images/035A07.JPG,7
images/018A34.JPG,34
images/081A11.JPG,11
images/075A03.JPG,3
images/072A14.JPG,14
images/018A25.JPG,25
images/076A01.JPG,1
images/007A37.JPG,37
images/029A31.JPG,31
images/030A23.JPG,23
images/064A04.JPG,4
images/032A33.JPG,33
images/072A11.JPG,11
images/075A01.JPG,1
images/059A16.JPG,16
images/079A06.JPG,6
images/079A00.JPG,0
images/071A00.JPG,0
images/067A33.JPG,33
images/058A10.JPG,10
images/077A16.JPG,16
images/035A16.JPG,16
images/078A04.JPG,4
images/007A39.JPG,39
images/027A16.JPG,16
images/037A06.JPG,6
images/074A02.JPG,2
images/072A17.JPG,17
images/053A13.JPG,13
images/057A23.JPG,23
images/032A35.JPG,35
images/045A32.JPG,32
images/045A17.JPG,17
images/045A40.JPG,40
images/070A03.JPG,3
images/036A19.JPG,19
images/040A16.JPG,16
images/012A36.JPG,36
images/076A10.JPG,10
images/050A06.JPG,6
images/037A01.JPG,1
images/039A19.JPG,19
images/070A06.JPG,6
images/021A23.JPG,23
images/009A14.JPG,14
images/082A00.JPG,0
images/006A24.JPG,24
images/068A11.JPG,11
images/069A09.JPG,9
images/007A38.JPG,38
images/070A00.JPG,0
images/065A08.JPG,8
images/030A07.JPG,7
images/007A23.JPG,23
images/002A04.JPG,4
images/035A08.JPG,8
images/081A03.JPG,3
images/082A18.JPG,18
images/009A03.JPG,3
images/025A34.JPG,34
images/080A09.JPG,9
images/022A20.JPG,20
images/037A02.JPG,2
images/034A11.JPG,11
images/036A00.JPG,0
images/077A01.JPG,1
images/041A24.JPG,24
images/079A11.JPG,11
images/034A02.JPG,2
images/015A05.JPG,5
images/039A02.JPG,2
images/007A22.JPG,22
images/006A69.JPG,69
images/039A11.JPG,11
images/002A07.JPG,7
images/067A23.JPG,23
images/043A15.JPG,15
images/015A07.JPG,7
images/015A01.JPG,1
images/022A18.JPG,18
images/035A00.JPG,0
images/029A20.JPG,20
images/068A09.JPG,9
images/071A43.JPG,43
images/079A01.JPG,1
images/018A22.JPG,22
images/070A05.JPG,5
images/059A02b.JPG,2
images/071A10.JPG,10
images/079A03.JPG,3
images/034A13.JPG,13
images/078A08.JPG,8
images/009A18.JPG,18
images/001A43a.JPG,43
images/015A03.JPG,3
images/009A09.JPG,9
images/013A25.JPG,25
images/076A07.JPG,7
images/012A30.JPG,30
images/021A18.JPG,18
images/067A26.JPG,26
images/081A00.JPG,0
images/006A36.JPG,36
images/027A18.JPG,18
images/077A14.JPG,14
images/018A28.JPG,28
images/022A30.JPG,30
images/077A02.JPG,2
images/040A07.JPG,7
images/029A13.JPG,13
images/032A28.JPG,28
images/045A19.JPG,19
images/059A07.JPG,7
images/030A26.JPG,26
images/032A20.JPG,20
