images/007A01.JPG,1
images/010A07b.JPG,7
images/081A10.JPG,10
images/062A41.JPG,41
images/064A10.JPG,10
images/043A05.JPG,5
images/039A11.JPG,11
images/059A12.JPG,12
images/021A05.JPG,5
images/061A30.JPG,30
images/054A11.JPG,11
images/037A02.JPG,2
images/035A18.JPG,18
images/029A23.JPG,23
images/036A00.JPG,0
images/030A20.JPG,20
images/079A13.JPG,13
images/007A39.JPG,39
images/010A10.JPG,10
images/073A01.JPG,1
images/062A47.JPG,47
images/002A21.JPG,21
images/006A69.JPG,69
images/026A17.JPG,17
images/012A32.JPG,32
images/080A08.JPG,8
images/010A12.JPG,12
images/002A05.JPG,5
images/041A19.JPG,19
images/010A05.JPG,5
images/034A16.JPG,16
images/039A02.JPG,2
images/043A03.JPG,3
images/035A23b.JPG,23
images/076A17.JPG,17
images/036A20.JPG,20
images/024A28.JPG,28
images/080A14.JPG,14
images/061A06.JPG,6
images/050A10.JPG,10
images/035A03.JPG,3
images/039A19.JPG,19
images/073A02.JPG,2
images/033A35.JPG,35
images/029A29.JPG,29
images/010A16.JPG,16
images/050A03.JPG,3
images/065A10.JPG,10
images/071A18.JPG,18
images/016A19.JPG,19
images/037A11.JPG,11
images/005A35.JPG,35
images/009A05.JPG,5
images/073A14.JPG,14
images/031A14.JPG,14
images/073A06.JPG,6
images/016A16.JPG,16
images/028A35.JPG,35
images/029A16.JPG,16
images/069A06.JPG,6
images/005A30.JPG,30
images/041A02.JPG,2
images/014A30.JPG,30
images/080A09.JPG,9
images/016A04.JPG,4
images/023A00.JPG,0
images/037A17.JPG,17
images/076A03.JPG,3
images/013A30.JPG,30
images/012A26.JPG,26
images/076A07.JPG,7
images/069A03.JPG,3
images/025A22.JPG,22
images/029A10.JPG,10
images/070A02.JPG,2
images/031A04.JPG,4
images/016A17.JPG,17
images/062A30.JPG,30
images/059A16.JPG,16
images/080A02.JPG,2
images/077A08.JPG,8
images/002A31.JPG,31
images/006A28.JPG,28
images/066A06b.JPG,6
images/034A25.JPG,25
images/002A29.JPG,29
images/076A13.JPG,13
images/034A13.JPG,13
images/037A08.JPG,8
images/070A05.JPG,5
images/070A14.JPG,14
images/002A26.JPG,26
images/016A08.JPG,8
images/032A24.JPG,24
images/059A03.JPG,3
images/070A00.JPG,0
images/071A40.JPG,40
images/012A24.JPG,24
images/010A04.JPG,4
images/076A06.JPG,6
images/066A00.JPG,0
images/063A00.JPG,0
images/006A51.JPG,51
images/024A00.JPG,0
images/061A19.JPG,19
images/023A03.JPG,3
images/025A03.JPG,3
images/018A36.JPG,36
images/062A18.JPG,18
images/021A16.JPG,16
images/013A08.JPG,8
images/082A31.JPG,31
images/039A07.JPG,7
images/057A18.JPG,18
images/050A16.JPG,16
images/057A16.JPG,16
images/018A25.JPG,25
images/039A05.JPG,5
images/026A18.JPG,18
images/025A07.JPG,7
images/028A34.JPG,34
images/036A13.JPG,13
images/063A22.JPG,22
images/059A06.JPG,6
images/081A06.JPG,6
images/034A11.JPG,11
images/036A05.JPG,5
images/041A00.JPG,0
images/012A12.JPG,12
images/081A11.JPG,11
images/023A09.JPG,9
images/032A13.JPG,13
images/065A02b.JPG,2
images/077A01.JPG,1
images/030A26.JPG,26
images/023A16.JPG,16
images/031A06.JPG,6
images/063A25.JPG,25
images/028A14.JPG,14
images/082A00.JPG,0
images/003A61.JPG,61
images/061A32.JPG,32
images/057A23.JPG,23
images/071A45.JPG,45
images/062A15.JPG,15
images/079A03.JPG,3
images/050A14.JPG,14
images/058A02.JPG,2
images/066A08.JPG,8
images/061A04.JPG,4
images/023A29.JPG,29
images/032A40.JPG,40
images/021A35.JPG,35
images/066A09.JPG,9
images/076A04.JPG,4
images/018A11.JPG,11
images/024A10.JPG,10
images/002A04.JPG,4
images/073A05.JPG,5
images/022A23.JPG,23
images/034A21.JPG,21
images/025A15.JPG,15
images/014A40.JPG,40
images/009A16a.JPG,16
images/069A05.JPG,5
images/064A19.JPG,19
images/058A17.JPG,17
images/059A04.JPG,4
images/010A06.JPG,6
images/013A25.JPG,25
images/030A04.JPG,4
images/057A25.JPG,25
images/024A07.JPG,7
images/079A02.JPG,2
images/043A17.JPG,17
images/077A04.JPG,4
images/009A22b.JPG,22
images/007A38.JPG,38
images/070A12.JPG,12
images/073A04.JPG,4
images/055A04.JPG,4
images/032A33.JPG,33
images/066A02b.JPG,2
images/065A12.JPG,12
images/063A04.JPG,4
images/028A26.JPG,26
images/039A13.JPG,13
images/066A06a.JPG,6
images/080A01.JPG,1
images/054A10.JPG,10
images/050A06.JPG,6
images/062A45.JPG,45
images/028A41.JPG,41
images/010A07a.JPG,7
images/076A12.JPG,12
images/021A30.JPG,30
images/014A03.JPG,3
images/076A15.JPG,15
images/029A20.JPG,20
images/033A25.JPG,25
images/003A49.JPG,49
images/016A01.JPG,1
images/061A15.JPG,15
images/021A03.JPG,3
images/081A00.JPG,0
images/076A08.JPG,8
images/054A16.JPG,16
images/002A18.JPG,18
images/069A13.JPG,13
images/080A00.JPG,0
images/079A04.JPG,4
images/031A16.JPG,16
images/065A08.JPG,8
images/009A14.JPG,14
images/031A15.JPG,15
images/035A09.JPG,9
images/035A23a.JPG,23
images/041A20.JPG,20
images/030A18.JPG,18
images/073A13.JPG,13
images/028A20.JPG,20
images/057A06.JPG,6
images/080A07.JPG,7
images/065A03a.JPG,3
images/035A08.JPG,8
images/009A00.JPG,0
images/079A07.JPG,7
images/081A08.JPG,8
images/069A04.JPG,4
images/003A35.JPG,35
images/021A27.JPG,27
images/081A07.JPG,7
images/058A13.JPG,13
images/054A13.JPG,13
images/082A20.JPG,20
images/033A10.JPG,10
images/054A04.JPG,4
images/026A19.JPG,19
images/021A20.JPG,20
images/007A22.JPG,22
images/069A10.JPG,10
images/035A05.JPG,5
images/014A22.JPG,22
images/026A15.JPG,15
images/077A00.JPG,0
images/005A18.JPG,18
images/012A14.JPG,14
images/055A12.JPG,12
images/080A13.JPG,13
images/024A23.JPG,23
images/077A02.JPG,2
images/034A44.JPG,44
images/003A38.JPG,38
images/034A04.JPG,4
images/071A35.JPG,35
images/034A30.JPG,30
images/003A25.JPG,25
images/041A21.JPG,21
images/076A00.JPG,0
images/080A05.JPG,5
images/005A31.JPG,31
images/076A11.JPG,11
images/016A12.JPG,12
images/029A04.JPG,4
images/026A13.JPG,13
images/002A23.JPG,23
images/033A18.JPG,18
images/024A19.JPG,19
images/007A45.JPG,45
images/006A40.JPG,40
images/024A05.JPG,5
images/021A06.JPG,6
images/003A18.JPG,18
images/066A02a.JPG,2
images/039A10.JPG,10
images/039A52.JPG,52
images/006A67.JPG,67
images/021A39.JPG,39
images/012A36.JPG,36
images/033A05.JPG,5
images/039A35.JPG,35
images/039A15.JPG,15
images/035A14.JPG,14
images/030A17.JPG,17
images/010A18.JPG,18
images/037A06.JPG,6
images/030A07.JPG,7
images/018A33.JPG,33
images/065A04.JPG,4
images/073A03.JPG,3
images/082A18.JPG,18
images/082A21.JPG,21
images/023A22.JPG,22
images/054A00.JPG,0
images/081A02.JPG,2
images/073A16.JPG,16
images/010A01.JPG,1
images/013A23.JPG,23
images/025A28.JPG,28
images/033A30.JPG,30
images/012A34.JPG,34
images/032A10.JPG,10
images/058A04.JPG,4
images/079A00.JPG,0
images/010A09.JPG,9
images/054A12.JPG,12
images/054A18.JPG,18
images/077A13.JPG,13
images/026A06.JPG,6
images/036A19.JPG,19
images/002A12.JPG,12
images/031A02.JPG,2
images/009A09.JPG,9
images/070A06.JPG,6
images/070A01.JPG,1
images/062A54.JPG,54
images/066A07.JPG,7
images/080A12.JPG,12
images/032A08.JPG,8
images/032A15.JPG,15
images/018A29.JPG,29
images/006A55.JPG,55
images/036A06.JPG,6
images/037A00.JPG,0
images/077A07.JPG,7
images/050A18.JPG,18
images/062A03.JPG,3
images/005A48.JPG,48
images/061A26.JPG,26
images/003A47.JPG,47
images/032A18.JPG,18
images/058A03.JPG,3
images/037A13.JPG,13
images/059A02a.JPG,2
images/063A02.JPG,2
images/012A27.JPG,27
images/006A36.JPG,36
images/030A23.JPG,23
images/012A25.JPG,25
images/058A05.JPG,5
images/025A00.JPG,0
images/058A15.JPG,15
images/023A05.JPG,5
images/013A16.JPG,16
images/061A18.JPG,18
images/010A15.JPG,15
images/043A27.JPG,27
images/030A16.JPG,16
images/054A19.JPG,19
images/018A16.JPG,16
images/071A00.JPG,0
images/081A12.JPG,12
images/073A09.JPG,9
images/041A06.JPG,6
images/025A39.JPG,39
images/076A09.JPG,9
images/055A14.JPG,14
images/022A11.JPG,11
images/057A17.JPG,17
images/054A02.JPG,2
images/012A21.JPG,21
images/003A51.JPG,51
images/009A18.JPG,18
images/005A52.JPG,52
images/009A11.JPG,11
images/013A18.JPG,18
images/081A05.JPG,5
images/077A16.JPG,16
images/036A08.JPG,8
images/012A07.JPG,7
images/064A15.JPG,15
images/082A25.JPG,25
images/076A02.JPG,2
images/066A11.JPG,11
images/058A01.JPG,1
images/032A06.JPG,6
images/022A16.JPG,16
images/012A23.JPG,23
images/025A34.JPG,34
images/043A13.JPG,13
images/026A07.JPG,7
images/016A14.JPG,14
images/043A04.JPG,4
images/073A07.JPG,7
images/006A61.JPG,61
images/026A02.JPG,2
images/021A23.JPG,23
images/036A01.JPG,1
images/003A23.JPG,23
images/025A23.JPG,23
images/029A31.JPG,31
images/018A18.JPG,18
images/065A06b.JPG,6
images/065A09.JPG,9
images/055A08.JPG,8
images/061A10.JPG,10
images/039A16.JPG,16
images/002A03.JPG,3
images/006A24.JPG,24
images/079A08.JPG,8
images/081A04.JPG,4
images/009A13.JPG,13
images/006A42.JPG,42
images/066A03.JPG,3
images/076A05.JPG,5
images/014A14.JPG,14
images/003A60.JPG,60
images/030A10.JPG,10
images/079A10.JPG,10
images/003A20.JPG,20
images/016A07.JPG,7
images/055A05.JPG,5
images/028A16.JPG,16
images/054A17.JPG,17
images/005A24.JPG,24
images/070A07.JPG,7
images/063A09.JPG,9
images/064A01.JPG,1
images/026A11.JPG,11
images/007A26.JPG,26
images/014A36.JPG,36
images/043A00.JPG,0
images/013A34.JPG,34
images/016A10.JPG,10
images/077A03.JPG,3
images/035A01.JPG,1
images/070A03.JPG,3
images/071A22.JPG,22
images/063A08.JPG,8
images/026A04.JPG,4
images/016A05.JPG,5
images/065A03b.JPG,3
images/007A18.JPG,18
images/077A06.JPG,6
images/076A01.JPG,1
images/035A07.JPG,7
images/065A11.JPG,11
images/079A05.JPG,5
images/064A03.JPG,3
images/079A11.JPG,11
images/030A05.JPG,5
images/022A30.JPG,30
images/077A12.JPG,12
images/071A24.JPG,24
images/034A39.JPG,39
images/076A14.JPG,14
images/066A10.JPG,10
images/041A13.JPG,13
images/007A23.JPG,23
images/036A11.JPG,11
images/013A00.JPG,0
images/043A10.JPG,10
images/014A42.JPG,42
images/029A05.JPG,5
images/031A00.JPG,0
images/082A16.JPG,16
images/041A09.JPG,9
images/039A45.JPG,45
images/022A07.JPG,7
images/012A18.JPG,18
images/070A09.JPG,9
images/043A15.JPG,15
images/062A16.JPG,16
images/018A22.JPG,22
images/062A38.JPG,38
images/031A19.JPG,19
images/002A16.JPG,16
images/002A07.JPG,7
images/058A10.JPG,10
images/079A09.JPG,9
images/033A39.JPG,39
images/037A04.JPG,4
images/013A41.JPG,41
images/035A16.JPG,16
images/025A18.JPG,18
images/035A12.JPG,12
images/007A37.JPG,37
images/037A18.JPG,18
images/012A04.JPG,4
images/082A27.JPG,27
images/016A18.JPG,18
images/077A11.JPG,11
images/059A07.JPG,7
images/022A28.JPG,28
images/024A25.JPG,25
images/076A16.JPG,16
images/029A01.JPG,1
images/057A05.JPG,5
images/029A13.JPG,13
images/082A03.JPG,3
images/071A44.JPG,44
images/071A27.JPG,27
images/076A10.JPG,10
images/080A10.JPG,10
images/069A02.JPG,2
images/081A01.JPG,1
images/012A30.JPG,30
images/014A18.JPG,18
images/023A25.JPG,25
images/035A21.JPG,21
images/037A01.JPG,1
images/005A40.JPG,40
images/014A12.JPG,12
images/022A27.JPG,27
images/037A09.JPG,9
images/041A04.JPG,4
images/039A50.JPG,50
images/062A53.JPG,53
images/009A01.JPG,1
images/024A17.JPG,17
images/034A35.JPG,35
images/043A23.JPG,23
images/057A00.JPG,0
images/043A19.JPG,19
images/018A06.JPG,6
images/025A12.JPG,12
images/063A20.JPG,20
images/063A33.JPG,33
images/077A09.JPG,9
images/054A06.JPG,6
images/029A22.JPG,22
images/035A00.JPG,0
images/034A18.JPG,18
images/002A36.JPG,36
images/022A14.JPG,14
images/055A06.JPG,6
images/023A21.JPG,21
images/029A33.JPG,33
images/003A58.JPG,58
images/022A00.JPG,0
images/016A03.JPG,3
images/058A06.JPG,6
images/032A28.JPG,28
images/039A17.JPG,17
images/065A07b.JPG,7
images/073A00.JPG,0
images/065A02a.JPG,2
images/022A26.JPG,26
images/069A00.JPG,0
images/028A37.JPG,37
images/061A17.JPG,17
images/023A07.JPG,7
images/030A00.JPG,0
images/031A03.JPG,3
images/009A03.JPG,3
images/031A11.JPG,11
images/028A28.JPG,28
images/079A06.JPG,6
images/024A30.JPG,30
images/082A23.JPG,23
images/022A18.JPG,18
images/057A12.JPG,12
images/071A43.JPG,43
images/081A03.JPG,3
images/069A07.JPG,7
images/071A10.JPG,10
images/033A02.JPG,2
images/036A18.JPG,18
images/073A11.JPG,11
images/031A09.JPG,9
images/014A16.JPG,16
images/036A03.JPG,3
images/028A46.JPG,46
images/066A04.JPG,4
images/033A14.JPG,14
images/002A38.JPG,38
images/034A15.JPG,15
images/013A19.JPG,19
images/024A18.JPG,18
images/071A42.JPG,42
images/055A23.JPG,23
images/037A19.JPG,19
images/057A07.JPG,7
images/006A46.JPG,46
images/073A08.JPG,8
images/070A08.JPG,8
images/023A18.JPG,18
images/077A14.JPG,14
images/055A22.JPG,22
images/077A10.JPG,10
images/058A00.JPG,0
images/059A02b.JPG,2
images/028A18.JPG,18
images/033A21.JPG,21
images/080A03.JPG,3
images/059A14.JPG,14
images/054A09.JPG,9
images/065A07a.JPG,7
images/031A12.JPG,12
images/005A61.JPG,61
images/061A29.JPG,29
images/029A11.JPG,11
images/002A20.JPG,20
images/073A15.JPG,15
images/080A04.JPG,4
images/013A44.JPG,44
images/061A07.JPG,7
images/009A22a.JPG,22
images/021A18.JPG,18
images/064A04.JPG,4
images/026A00.JPG,0
images/025A19.JPG,19
images/069A09.JPG,9
images/065A06a.JPG,6
images/032A35.JPG,35
images/023A14.JPG,14
images/005A45.JPG,45
images/018A28.JPG,28
images/032A20.JPG,20
images/022A20.JPG,20
images/009A16b.JPG,16
images/005A49.JPG,49
images/041A24.JPG,24
images/018A34.JPG,34
images/021A11.JPG,11
images/077A15.JPG,15
images/063A18.JPG,18
images/036A17.JPG,17
images/036A15.JPG,15
images/062A35.JPG,35
images/033A44.JPG,44
images/079A01.JPG,1
images/034A02.JPG,2
images/006A31.JPG,31
images/031A07.JPG,7
images/050A22.JPG,22
images/022A25.JPG,25
images/069A11.JPG,11
images/002A15.JPG,15
images/050A00.JPG,0
images/071A23.JPG,23
images/079A12.JPG,12
images/061A25.JPG,25
images/082A22.JPG,22
images/013A21.JPG,21
images/073A12.JPG,12
images/080A06.JPG,6
images/065A13.JPG,13
