images/055A14.JPG,14
images/038A21.JPG,21
images/077A03.JPG,3
images/078A14.JPG,14
images/029A01.JPG,1
images/023A03.JPG,3
images/051A02.JPG,2
images/003A18.JPG,18
images/025A23.JPG,23
images/079A02.JPG,2
images/018A29.JPG,29
images/018A06.JPG,6
images/049A15.JPG,15
images/032A06.JPG,6
images/011A05.JPG,5
images/003A61.JPG,61
images/043A04.JPG,4
images/045A17.JPG,17
images/002A20.JPG,20
images/058A13.JPG,13
images/045A19.JPG,19
images/065A03b.JPG,3
images/047A45.JPG,45
images/075A03.JPG,3
images/063A00.JPG,0
images/048A50.JPG,50
images/009A14.JPG,14
images/080A09.JPG,9
images/077A07.JPG,7
images/081A12.JPG,12
images/045A40.JPG,40
images/059A12.JPG,12
images/017A17.JPG,17
images/002A21.JPG,21
images/039A15.JPG,15
images/052A19.JPG,19
images/065A07b.JPG,7
images/025A19.JPG,19
images/033A35.JPG,35
images/028A20.JPG,20
images/065A03a.JPG,3
images/039A45.JPG,45
images/040A07.JPG,7
images/051A24.JPG,24
images/023A22.JPG,22
images/009A01.JPG,1
images/080A02.JPG,2
images/078A12.JPG,12
images/019A27.JPG,27
images/071A23.JPG,23
images/072A34.JPG,34
images/039A13.JPG,13
images/013A25.JPG,25
images/035A01.JPG,1
images/039A35.JPG,35
images/078A10.JPG,10
images/072A13.JPG,13
images/066A06b.JPG,6
images/081A04.JPG,4
images/023A09.JPG,9
images/063A09.JPG,9
images/022A20.JPG,20
images/018A16.JPG,16
images/055A22.JPG,22
images/017A29.JPG,29
images/040A09.JPG,9
images/052A20.JPG,20
images/017A12.JPG,12
images/019A12.JPG,12
images/023A00.JPG,0
images/015A07.JPG,7
images/068A10a.JPG,10
images/059A03.JPG,3
images/072A41.JPG,41
images/039A07.JPG,7
images/050A22.JPG,22
images/071A40.JPG,40
images/077A15.JPG,15
images/036A00.JPG,0
images/036A15.JPG,15
images/065A13.JPG,13
images/022A25.JPG,25
images/077A12.JPG,12
images/013A08.JPG,8
images/015A14.JPG,14
images/035A18.JPG,18
images/002A15.JPG,15
images/001A43b.JPG,43
images/065A02a.JPG,2
images/033A25.JPG,25
images/060A11.JPG,11
images/005A48.JPG,48
images/002A07.JPG,7
images/078A02.JPG,2
images/081A07.JPG,7
images/043A23.JPG,23
images/065A11.JPG,11
images/071A43.JPG,43
images/023A21.JPG,21
images/081A03.JPG,3
images/040A03b.JPG,3
images/080A07.JPG,7
images/011A02.JPG,2
images/048A18.JPG,18
images/068A03.JPG,3
images/049A17.JPG,17
images/031A07.JPG,7
images/005A40.JPG,40
images/065A02b.JPG,2
images/075A07.JPG,7
images/057A07.JPG,7
images/018A11.JPG,11
images/079A07.JPG,7
images/032A20.JPG,20
images/058A10.JPG,10
images/055A05.JPG,5
images/002A29.JPG,29
images/065A09.JPG,9
images/047A11.JPG,11
images/038A04.JPG,4
images/051A05.JPG,5
images/048A15.JPG,15
images/029A16.JPG,16
images/014A42.JPG,42
images/024A17.JPG,17
images/005A49.JPG,49
images/057A00.JPG,0
images/031A03.JPG,3
images/001A28.JPG,28
images/038A13.JPG,13
images/018A33.JPG,33
images/028A46.JPG,46
images/078A13.JPG,13
images/059A02b.JPG,2
images/024A28.JPG,28
images/024A10.JPG,10
images/053A18.JPG,18
images/038A05.JPG,5
images/036A20.JPG,20
images/050A18.JPG,18
images/070A00.JPG,0
images/049A08.JPG,8
images/070A08.JPG,8
images/009A22b.JPG,22
images/077A04.JPG,4
images/036A18.JPG,18
images/009A05.JPG,5
images/029A33.JPG,33
images/047A06.JPG,6
images/051A15.JPG,15
images/072A21.JPG,21
images/078A01.JPG,1
images/057A06.JPG,6
images/071A35.JPG,35
images/079A00.JPG,0
images/001A16.JPG,16
images/045A03.JPG,3
images/058A03.JPG,3
images/050A00.JPG,0
images/029A11.JPG,11
images/001A19.JPG,19
images/002A12.JPG,12
images/032A08.JPG,8
images/080A05.JPG,5
images/011A17.JPG,17
images/066A06a.JPG,6
images/079A10.JPG,10
images/029A29.JPG,29
images/053A03.JPG,3
images/022A28.JPG,28
images/011A11.JPG,11
images/060A17.JPG,17
images/040A12.JPG,12
images/036A01.JPG,1
images/038A17.JPG,17
images/047A12.JPG,12
images/014A36.JPG,36
images/017A26.JPG,26
images/081A08.JPG,8
images/063A08.JPG,8
images/033A39.JPG,39
images/025A34.JPG,34
images/055A12.JPG,12
images/039A11.JPG,11
images/024A30.JPG,30
images/078A15.JPG,15
images/075A06.JPG,6
images/025A15.JPG,15
images/013A41.JPG,41
images/057A23.JPG,23
images/058A01.JPG,1
images/048A10.JPG,10
images/024A25.JPG,25
images/001A05.JPG,5
images/015A01.JPG,1
images/065A12.JPG,12
images/015A05.JPG,5
images/077A00.JPG,0
images/025A03.JPG,3
images/066A02b.JPG,2
images/033A18.JPG,18
images/025A28.JPG,28
images/057A05.JPG,5
images/009A03.JPG,3
images/066A09.JPG,9
images/017A32.JPG,32
images/028A28.JPG,28
images/047A27.JPG,27
images/053A12.JPG,12
images/072A45.JPG,45
images/048A46.JPG,46
images/077A01.JPG,1
images/065A06a.JPG,6
images/043A15.JPG,15
images/035A00.JPG,0
images/063A33.JPG,33
images/032A35.JPG,35
images/011A14.JPG,14
images/080A14.JPG,14
images/066A10.JPG,10
images/048A00.JPG,0
images/052A13.JPG,13
images/023A16.JPG,16
images/003A23.JPG,23
images/079A11.JPG,11
images/045A06.JPG,6
images/052A07.JPG,7
images/039A02.JPG,2
images/013A30.JPG,30
images/028A26.JPG,26
images/071A42.JPG,42
images/053A10.JPG,10
images/032A24.JPG,24
images/005A31.JPG,31
images/003A51.JPG,51
images/015A00.JPG,0
images/031A16.JPG,16
images/014A18.JPG,18
images/009A13.JPG,13
images/068A00.JPG,0
images/009A11.JPG,11
images/063A25.JPG,25
images/081A10.JPG,10
images/058A15.JPG,15
images/017A42.JPG,42
images/029A10.JPG,10
images/047A55.JPG,55
images/014A30.JPG,30
images/057A17.JPG,17
images/063A22.JPG,22
images/053A04.JPG,4
images/052A02.JPG,2
images/002A23.JPG,23
images/018A22.JPG,22
images/039A16.JPG,16
images/049A04.JPG,4
images/078A06.JPG,6
images/036A17.JPG,17
images/072A25.JPG,25
images/018A36.JPG,36
images/023A05.JPG,5
images/075A01.JPG,1
images/013A34.JPG,34
images/028A37.JPG,37
images/035A12.JPG,12
images/081A06.JPG,6
images/070A09.JPG,9
images/013A44.JPG,44
images/002A04.JPG,4
images/077A02.JPG,2
images/035A21.JPG,21
images/033A30.JPG,30
images/063A20.JPG,20
images/017A15.JPG,15
images/005A18.JPG,18
images/002A36.JPG,36
images/068A09.JPG,9
images/079A04.JPG,4
images/013A00.JPG,0
images/015A09.JPG,9
images/043A05.JPG,5
images/072A14.JPG,14
images/047A09.JPG,9
images/051A12.JPG,12
images/015A15.JPG,15
images/065A07a.JPG,7
images/009A09.JPG,9
images/077A11.JPG,11
images/081A00.JPG,0
images/013A18.JPG,18
images/033A44.JPG,44
images/053A08.JPG,8
images/025A18.JPG,18
images/029A05.JPG,5
images/003A47.JPG,47
images/058A17.JPG,17
images/032A15.JPG,15
images/075A05.JPG,5
images/014A22.JPG,22
images/011A30.JPG,30
images/049A05.JPG,5
images/024A23.JPG,23
images/075A02.JPG,2
images/036A08.JPG,8
images/029A20.JPG,20
images/001A10.JPG,10
images/038A14.JPG,14
images/035A23b.JPG,23
images/019A18.JPG,18
images/060A20.JPG,20
images/047A23.JPG,23
images/009A18.JPG,18
images/066A08.JPG,8
images/052A04.JPG,4
images/052A18.JPG,18
images/024A05.JPG,5
images/018A18.JPG,18
images/059A02a.JPG,2
images/081A02.JPG,2
images/013A16.JPG,16
images/040A03a.JPG,3
images/019A15.JPG,15
images/022A30.JPG,30
images/025A07.JPG,7
images/049A12.JPG,12
images/038A01.JPG,1
images/036A06.JPG,6
images/070A14.JPG,14
images/039A17.JPG,17
images/032A13.JPG,13
images/038A03.JPG,3
images/043A10.JPG,10
images/022A26.JPG,26
images/065A10.JPG,10
images/066A07.JPG,7
images/071A24.JPG,24
images/079A13.JPG,13
images/039A05.JPG,5
images/024A18.JPG,18
images/048A11.JPG,11
images/081A01.JPG,1
images/001A43a.JPG,43
images/011A07.JPG,7
images/017A07.JPG,7
images/049A07.JPG,7
images/053A00.JPG,0
images/017A19.JPG,19
images/015A03.JPG,3
images/019A00.JPG,0
images/031A04.JPG,4
images/048A33.JPG,33
images/065A08.JPG,8
images/031A15.JPG,15
images/029A22.JPG,22
images/039A19.JPG,19
images/040A10.JPG,10
images/072A19.JPG,19
images/043A17.JPG,17
images/043A19.JPG,19
images/058A06.JPG,6
images/001A14.JPG,14
images/048A30.JPG,30
images/028A41.JPG,41
images/045A48.JPG,48
images/036A05.JPG,5
images/063A18.JPG,18
images/040A02.JPG,2
images/022A16.JPG,16
images/060A12.JPG,12
images/077A10.JPG,10
images/040A06.JPG,6
images/031A11.JPG,11
images/071A44.JPG,44
images/013A23.JPG,23
images/029A13.JPG,13
images/036A11.JPG,11
images/043A00.JPG,0
images/019A03.JPG,3
images/068A12.JPG,12
images/050A10.JPG,10
images/003A25.JPG,25
images/045A28.JPG,28
images/040A05.JPG,5
images/048A49.JPG,49
images/057A25.JPG,25
images/001A22.JPG,22
images/045A32.JPG,32
images/068A14.JPG,14
images/055A06.JPG,6
images/035A09.JPG,9
images/009A22a.JPG,22
images/070A02.JPG,2
images/070A03.JPG,3
images/019A23.JPG,23
images/001A02.JPG,2
images/050A16.JPG,16
images/071A10.JPG,10
images/049A16.JPG,16
images/019A30.JPG,30
images/014A16.JPG,16
images/035A16.JPG,16
images/052A17.JPG,17
images/081A11.JPG,11
images/014A14.JPG,14
images/040A21.JPG,21
images/077A13.JPG,13
images/058A05.JPG,5
images/059A16.JPG,16
images/033A21.JPG,21
images/031A09.JPG,9
images/051A08.JPG,8
images/002A26.JPG,26
images/063A04.JPG,4
images/080A08.JPG,8
images/011A20.JPG,20
images/009A16b.JPG,16
images/072A27.JPG,27
images/014A03.JPG,3
images/051A18.JPG,18
images/025A22.JPG,22
images/013A19.JPG,19
images/028A34.JPG,34
images/052A14.JPG,14
images/072A11.JPG,11
images/039A10.JPG,10
images/047A15.JPG,15
images/078A08.JPG,8
images/005A45.JPG,45
images/068A11.JPG,11
images/047A13.JPG,13
images/023A07.JPG,7
images/065A04.JPG,4
images/057A16.JPG,16
images/039A52.JPG,52
images/078A07.JPG,7
images/028A16.JPG,16
images/053A13.JPG,13
images/060A08.JPG,8
images/038A11.JPG,11
images/065A06b.JPG,6
images/047A20.JPG,20
images/075A11.JPG,11
images/011A15.JPG,15
images/003A49.JPG,49
images/066A02a.JPG,2
images/022A11.JPG,11
images/032A33.JPG,33
images/070A05.JPG,5
images/059A06.JPG,6
images/049A06.JPG,6
images/045A08.JPG,8
images/060A19.JPG,19
images/078A04.JPG,4
images/036A19.JPG,19
images/038A34.JPG,34
images/029A04.JPG,4
images/023A29.JPG,29
images/003A58.JPG,58
images/052A10.JPG,10
images/002A18.JPG,18
images/022A14.JPG,14
images/031A12.JPG,12
images/019A07.JPG,7
images/060A04.JPG,4
images/072A07.JPG,7
images/035A05.JPG,5
images/023A18.JPG,18
images/075A08.JPG,8
images/003A35.JPG,35
images/077A06.JPG,6
images/017A05.JPG,5
images/022A18.JPG,18
images/017A36.JPG,36
images/079A09.JPG,9
images/048A16.JPG,16
images/031A02.JPG,2
images/053A15.JPG,15
images/075A00.JPG,0
images/028A18.JPG,18
images/038A10.JPG,10
images/029A23.JPG,23
images/038A23.JPG,23
images/005A61.JPG,61
images/066A04.JPG,4
images/070A06.JPG,6
images/045A12.JPG,12
images/024A00.JPG,0
images/015A10.JPG,10
images/047A05.JPG,5
images/070A07.JPG,7
images/081A05.JPG,5
images/032A18.JPG,18
images/015A19.JPG,19
images/005A24.JPG,24
images/011A13.JPG,13
images/051A17.JPG,17
images/050A14.JPG,14
images/029A31.JPG,31
images/078A09.JPG,9
images/075A10.JPG,10
images/011A27.JPG,27
images/055A23.JPG,23
images/040A19.JPG,19
images/066A11.JPG,11
images/035A23a.JPG,23
images/078A11.JPG,11
images/040A14.JPG,14
images/011A42.JPG,42
images/015A04.JPG,4
images/078A00.JPG,0
images/050A03.JPG,3
images/005A35.JPG,35
images/079A03.JPG,3
images/003A20.JPG,20
images/066A03.JPG,3
images/078A03.JPG,3
images/015A12.JPG,12
images/080A01.JPG,1
images/033A10.JPG,10
images/080A04.JPG,4
images/080A10.JPG,10
images/005A52.JPG,52
images/040A16.JPG,16
images/053A02.JPG,2
images/001A18.JPG,18
images/023A14.JPG,14
images/022A27.JPG,27
images/071A27.JPG,27
images/039A50.JPG,50
images/045A25.JPG,25
images/079A01.JPG,1
images/058A04.JPG,4
images/060A06.JPG,6
images/066A00.JPG,0
images/057A12.JPG,12
images/035A03.JPG,3
images/059A14.JPG,14
images/080A00.JPG,0
images/070A12.JPG,12
images/019A05.JPG,5
images/023A25.JPG,25
images/014A40.JPG,40
images/001A33.JPG,33
images/031A00.JPG,0
images/047A33.JPG,33
images/055A08.JPG,8
images/003A38.JPG,38
images/025A39.JPG,39
images/077A16.JPG,16
images/005A30.JPG,30
images/051A00.JPG,0
images/031A06.JPG,6
images/013A21.JPG,21
images/011A40.JPG,40
images/002A38.JPG,38
images/070A01.JPG,1
images/079A05.JPG,5
images/048A09.JPG,9
images/009A16a.JPG,16
images/015A17.JPG,17
images/038A08.JPG,8
images/052A16.JPG,16
images/051A16.JPG,16
images/071A22.JPG,22
images/060A07.JPG,7
images/033A05.JPG,5
images/002A05.JPG,5
images/053A06.JPG,6
images/048A27.JPG,27
images/080A12.JPG,12
images/049A10.JPG,10
images/060A10.JPG,10
images/072A17.JPG,17
images/079A06.JPG,6
images/068A13.JPG,13
images/011A34.JPG,34
images/053A01.JPG,1
images/024A07.JPG,7
images/025A12.JPG,12
images/002A31.JPG,31
images/032A40.JPG,40
images/001A29.JPG,29
images/045A18.JPG,18
images/043A27.JPG,27
images/077A09.JPG,9
images/050A06.JPG,6
images/080A06.JPG,6
images/063A02.JPG,2
images/047A18.JPG,18
images/055A04.JPG,4
images/057A18.JPG,18
images/031A19.JPG,19
images/071A00.JPG,0
images/003A60.JPG,60
images/080A13.JPG,13
images/048A17.JPG,17
images/058A02.JPG,2
images/017A38.JPG,38
images/060A05.JPG,5
images/022A00.JPG,0
images/032A28.JPG,28
images/058A00.JPG,0
images/028A14.JPG,14
images/079A08.JPG,8
images/048A54.JPG,54
images/031A14.JPG,14
images/033A14.JPG,14
images/033A02.JPG,2
images/036A03.JPG,3
images/071A18.JPG,18
images/078A05.JPG,5
images/053A11.JPG,11
images/043A03.JPG,3
images/014A12.JPG,12
images/009A00.JPG,0
images/068A04.JPG,4
images/035A08.JPG,8
images/077A14.JPG,14
images/001A40.JPG,40
images/059A07.JPG,7
images/036A13.JPG,13
images/059A04.JPG,4
images/040A00.JPG,0
images/028A35.JPG,35
images/002A03.JPG,3
images/072A29.JPG,29
images/043A13.JPG,13
images/038A00.JPG,0
images/035A14.JPG,14
images/017A22.JPG,22
images/025A00.JPG,0
images/018A34.JPG,34
images/001A08.JPG,8
images/060A02.JPG,2
images/045A43.JPG,43
images/032A10.JPG,10
images/071A45.JPG,45
images/022A23.JPG,23
images/068A10b.JPG,10
images/024A19.JPG,19
images/022A07.JPG,7
images/077A08.JPG,8
images/018A25.JPG,25
images/079A12.JPG,12
images/018A28.JPG,28
images/051A14.JPG,14
images/048A52.JPG,52
images/080A03.JPG,3
images/002A16.JPG,16
images/035A07.JPG,7
images/072A02.JPG,2
