images/041A04.JPG,4
images/059A07.JPG,7
images/076A15.JPG,15
images/046A06.JPG,6
images/011A02.JPG,2
images/078A15.JPG,15
images/082A23.JPG,23
images/041A24.JPG,24
images/073A02.JPG,2
images/045A08.JPG,8
images/003A35.JPG,35
images/040A14.JPG,14
images/041A00.JPG,0
images/052A17.JPG,17
images/044A07.JPG,7
images/073A16.JPG,16
images/063A22.JPG,22
images/046A20.JPG,20
images/011A17.JPG,17
images/080A12.JPG,12
images/004A48.JPG,48
images/051A05.JPG,5
images/014A36.JPG,36
images/046A12.JPG,12
images/018A28.JPG,28
images/049A07.JPG,7
images/052A14.JPG,14
images/073A12.JPG,12
images/078A11.JPG,11
images/076A03.JPG,3
images/076A17.JPG,17
images/043A00.JPG,0
images/018A11.JPG,11
images/036A03.JPG,3
images/082A03.JPG,3
images/048A15.JPG,15
images/012A36.JPG,36
images/043A19.JPG,19
images/065A10.JPG,10
images/043A04.JPG,4
images/032A35.JPG,35
images/078A09.JPG,9
images/025A03.JPG,3
images/080A07.JPG,7
images/073A00.JPG,0
images/022A26.JPG,26
images/077A15.JPG,15
images/067A17.JPG,17
images/078A12.JPG,12
images/040A03b.JPG,3
images/009A14.JPG,14
images/050A14.JPG,14
images/059A02b.JPG,2
images/031A12.JPG,12
images/009A22a.JPG,22
images/068A09.JPG,9
images/004A21.JPG,21
images/008A41.JPG,41
images/053A03.JPG,3
images/036A11.JPG,11
images/004A51.JPG,51
images/078A06.JPG,6
images/032A40.JPG,40
images/009A03.JPG,3
images/012A14.JPG,14
images/007A38.JPG,38
images/020A26.JPG,26
images/049A17.JPG,17
images/076A16.JPG,16
images/002A29.JPG,29
images/020A16.JPG,16
images/052A20.JPG,20
images/030A16.JPG,16
images/081A04.JPG,4
images/031A02.JPG,2
images/045A40.JPG,40
images/023A03.JPG,3
images/077A02.JPG,2
images/041A02.JPG,2
images/076A13.JPG,13
images/046A02.JPG,2
images/073A05.JPG,5
images/002A15.JPG,15
images/053A10.JPG,10
images/020A11.JPG,11
images/050A00.JPG,0
images/032A20.JPG,20
images/064A01.JPG,1
images/044A21.JPG,21
images/014A22.JPG,22
images/064A15.JPG,15
images/025A19.JPG,19
images/014A30.JPG,30
images/051A24.JPG,24
images/007A26.JPG,26
images/077A14.JPG,14
images/025A12.JPG,12
images/019A27.JPG,27
images/048A50.JPG,50
images/077A16.JPG,16
images/079A09.JPG,9
images/065A02b.JPG,2
images/008A03.JPG,3
images/048A17.JPG,17
images/012A27.JPG,27
images/045A19.JPG,19
images/049A06.JPG,6
images/067A04.JPG,4
images/021A16.JPG,16
images/079A12.JPG,12
images/065A08.JPG,8
images/053A02.JPG,2
images/016A05.JPG,5
images/032A18.JPG,18
images/040A21.JPG,21
images/078A01.JPG,1
images/048A09.JPG,9
images/012A34.JPG,34
images/003A49.JPG,49
images/079A13.JPG,13
images/045A48.JPG,48
images/051A18.JPG,18
images/077A10.JPG,10
images/048A49.JPG,49
images/078A02.JPG,2
images/044A13.JPG,13
images/048A54.JPG,54
images/031A19.JPG,19
images/049A08.JPG,8
images/058A02.JPG,2
images/025A34.JPG,34
images/031A06.JPG,6
images/007A45.JPG,45
images/004A63.JPG,63
images/011A05.JPG,5
images/016A04.JPG,4
images/079A10.JPG,10
images/058A13.JPG,13
images/009A01.JPG,1
images/020A24.JPG,24
images/046A14.JPG,14
images/042A08.JPG,8
images/053A12.JPG,12
images/031A03.JPG,3
images/014A03.JPG,3
images/022A18.JPG,18
images/002A07.JPG,7
images/063A33.JPG,33
images/058A10.JPG,10
images/048A18.JPG,18
images/025A00.JPG,0
images/058A17.JPG,17
images/079A05.JPG,5
images/014A14.JPG,14
images/040A10.JPG,10
images/008A17.JPG,17
images/030A26.JPG,26
images/011A13.JPG,13
images/065A04.JPG,4
images/040A16.JPG,16
images/036A15.JPG,15
images/018A29.JPG,29
images/040A07.JPG,7
images/065A12.JPG,12
images/056A06.JPG,6
images/002A04.JPG,4
images/052A16.JPG,16
images/003A47.JPG,47
images/041A06.JPG,6
images/059A04.JPG,4
images/065A07a.JPG,7
images/016A16.JPG,16
images/017A19.JPG,19
images/077A04.JPG,4
images/014A42.JPG,42
images/052A07.JPG,7
images/057A00.JPG,0
images/063A25.JPG,25
images/068A14.JPG,14
images/078A08.JPG,8
images/073A01.JPG,1
images/072A11.JPG,11
images/079A06.JPG,6
images/080A02.JPG,2
images/051A14.JPG,14
images/021A06.JPG,6
images/012A12.JPG,12
images/050A22.JPG,22
images/072A21.JPG,21
images/016A17.JPG,17
images/045A06.JPG,6
images/065A03b.JPG,3
images/012A32.JPG,32
images/041A20.JPG,20
images/045A17.JPG,17
images/017A42.JPG,42
images/023A14.JPG,14
images/012A07.JPG,7
images/040A06.JPG,6
images/032A15.JPG,15
images/081A11.JPG,11
images/008A13.JPG,13
images/012A18.JPG,18
images/025A18.JPG,18
images/012A25.JPG,25
images/059A14.JPG,14
images/046A10.JPG,10
images/057A06.JPG,6
images/058A06.JPG,6
images/044A17.JPG,17
images/081A12.JPG,12
images/068A03.JPG,3
images/042A14.JPG,14
images/003A38.JPG,38
images/065A13.JPG,13
images/057A12.JPG,12
images/004A26.JPG,26
images/072A13.JPG,13
images/078A07.JPG,7
images/056A12.JPG,12
images/056A10.JPG,10
images/052A02.JPG,2
images/021A39.JPG,39
images/022A00.JPG,0
images/077A07.JPG,7
images/042A00.JPG,0
images/064A03.JPG,3
images/012A04.JPG,4
images/076A12.JPG,12
images/023A09.JPG,9
images/048A11.JPG,11
images/019A07.JPG,7
images/046A01.JPG,1
images/045A32.JPG,32
images/008A30.JPG,30
images/068A10a.JPG,10
images/079A01.JPG,1
images/016A01.JPG,1
images/081A10.JPG,10
images/002A03.JPG,3
images/065A02a.JPG,2
images/065A07b.JPG,7
images/003A18.JPG,18
images/072A19.JPG,19
images/051A02.JPG,2
images/048A33.JPG,33
images/042A28.JPG,28
images/049A04.JPG,4
images/036A00.JPG,0
images/082A20.JPG,20
images/056A15.JPG,15
images/023A21.JPG,21
images/002A18.JPG,18
images/078A14.JPG,14
images/036A18.JPG,18
images/072A34.JPG,34
images/030A04.JPG,4
images/025A22.JPG,22
images/082A31.JPG,31
images/003A60.JPG,60
images/072A02.JPG,2
images/040A19.JPG,19
images/068A13.JPG,13
images/031A00.JPG,0
images/067A23.JPG,23
images/042A04.JPG,4
images/007A18.JPG,18
images/002A23.JPG,23
images/011A15.JPG,15
images/003A20.JPG,20
images/076A04.JPG,4
images/059A12.JPG,12
images/014A40.JPG,40
images/063A08.JPG,8
images/043A13.JPG,13
images/003A61.JPG,61
images/020A13.JPG,13
images/048A00.JPG,0
images/016A10.JPG,10
images/011A20.JPG,20
images/008A18.JPG,18
images/007A37.JPG,37
images/058A03.JPG,3
images/022A23.JPG,23
images/012A21.JPG,21
images/063A00.JPG,0
images/036A05.JPG,5
images/025A07.JPG,7
images/080A01.JPG,1
images/008A35.JPG,35
images/043A23.JPG,23
images/050A10.JPG,10
images/051A17.JPG,17
images/073A11.JPG,11
images/064A10.JPG,10
images/079A02.JPG,2
images/009A22b.JPG,22
images/077A00.JPG,0
images/036A08.JPG,8
images/082A18.JPG,18
images/007A22.JPG,22
images/052A04.JPG,4
images/030A07.JPG,7
images/036A19.JPG,19
images/009A13.JPG,13
images/004A53.JPG,53
images/004A62.JPG,62
images/030A00.JPG,0
images/048A16.JPG,16
images/017A22.JPG,22
images/076A07.JPG,7
images/067A30.JPG,30
images/031A14.JPG,14
images/021A20.JPG,20
images/072A27.JPG,27
images/041A21.JPG,21
images/080A06.JPG,6
images/068A12.JPG,12
images/025A39.JPG,39
images/032A10.JPG,10
images/050A06.JPG,6
images/011A42.JPG,42
images/042A01.JPG,1
images/076A14.JPG,14
images/073A14.JPG,14
images/022A25.JPG,25
images/058A05.JPG,5
images/009A05.JPG,5
images/046A18.JPG,18
images/046A04.JPG,4
images/021A18.JPG,18
images/009A00.JPG,0
images/042A12.JPG,12
images/077A03.JPG,3
images/046A00.JPG,0
images/073A15.JPG,15
images/053A06.JPG,6
images/045A18.JPG,18
images/011A34.JPG,34
images/067A39.JPG,39
images/067A28.JPG,28
images/011A07.JPG,7
images/043A03.JPG,3
images/057A18.JPG,18
images/022A20.JPG,20
images/053A08.JPG,8
images/036A06.JPG,6
images/017A05.JPG,5
images/042A06.JPG,6
images/040A00.JPG,0
images/082A25.JPG,25
images/079A00.JPG,0
images/016A12.JPG,12
images/002A36.JPG,36
images/076A02.JPG,2
images/041A19.JPG,19
images/053A15.JPG,15
images/016A08.JPG,8
images/004A30.JPG,30
images/011A30.JPG,30
images/021A35.JPG,35
images/003A25.JPG,25
images/053A00.JPG,0
images/016A07.JPG,7
images/023A22.JPG,22
images/040A02.JPG,2
images/023A05.JPG,5
images/073A07.JPG,7
images/050A18.JPG,18
images/068A04.JPG,4
images/056A01.JPG,1
images/008A29.JPG,29
images/076A11.JPG,11
images/082A27.JPG,27
images/057A23.JPG,23
images/008A08.JPG,8
images/031A15.JPG,15
images/019A05.JPG,5
images/067A26.JPG,26
images/018A33.JPG,33
images/080A04.JPG,4
images/020A22.JPG,22
images/016A19.JPG,19
images/073A06.JPG,6
images/002A20.JPG,20
images/045A28.JPG,28
images/023A07.JPG,7
images/050A16.JPG,16
images/065A03a.JPG,3
images/065A11.JPG,11
images/079A08.JPG,8
images/058A01.JPG,1
images/081A05.JPG,5
images/025A15.JPG,15
images/082A22.JPG,22
images/040A12.JPG,12
images/008A16.JPG,16
images/080A09.JPG,9
images/030A17.JPG,17
images/004A37.JPG,37
images/044A25.JPG,25
images/017A15.JPG,15
images/012A30.JPG,30
images/080A08.JPG,8
images/081A08.JPG,8
images/003A51.JPG,51
images/050A03.JPG,3
images/082A16.JPG,16
images/040A09.JPG,9
images/072A29.JPG,29
images/076A10.JPG,10
images/012A23.JPG,23
images/023A18.JPG,18
images/036A01.JPG,1
images/081A06.JPG,6
images/076A00.JPG,0
images/020A08.JPG,8
images/048A46.JPG,46
images/031A04.JPG,4
images/040A03a.JPG,3
images/007A23.JPG,23
images/079A11.JPG,11
images/051A15.JPG,15
images/021A23.JPG,23
images/077A11.JPG,11
images/072A14.JPG,14
images/053A18.JPG,18
images/065A09.JPG,9
images/057A05.JPG,5
images/041A13.JPG,13
images/008A06.JPG,6
images/020A04.JPG,4
images/018A06.JPG,6
images/077A01.JPG,1
images/081A07.JPG,7
images/009A18.JPG,18
images/052A19.JPG,19
images/009A09.JPG,9
images/051A12.JPG,12
images/052A18.JPG,18
images/052A13.JPG,13
images/045A43.JPG,43
images/063A02.JPG,2
images/002A21.JPG,21
images/019A15.JPG,15
images/080A05.JPG,5
images/081A00.JPG,0
images/044A03.JPG,3
images/020A18.JPG,18
images/077A06.JPG,6
images/056A02.JPG,2
images/048A27.JPG,27
images/008A12.JPG,12
images/063A18.JPG,18
images/077A12.JPG,12
images/017A12.JPG,12
images/023A00.JPG,0
images/049A15.JPG,15
images/059A16.JPG,16
images/025A23.JPG,23
images/072A17.JPG,17
images/077A09.JPG,9
images/008A21.JPG,21
images/046A17.JPG,17
images/049A16.JPG,16
images/057A16.JPG,16
images/017A26.JPG,26
images/051A16.JPG,16
images/044A01.JPG,1
images/021A11.JPG,11
images/063A04.JPG,4
images/082A00.JPG,0
images/081A02.JPG,2
images/058A04.JPG,4
images/064A19.JPG,19
images/043A17.JPG,17
images/017A29.JPG,29
images/058A00.JPG,0
images/063A20.JPG,20
images/073A08.JPG,8
images/068A11.JPG,11
images/053A11.JPG,11
images/017A32.JPG,32
images/044A18.JPG,18
images/076A01.JPG,1
images/014A18.JPG,18
images/080A13.JPG,13
images/043A15.JPG,15
images/021A27.JPG,27
images/018A18.JPG,18
images/012A24.JPG,24
images/045A03.JPG,3
images/031A07.JPG,7
images/058A15.JPG,15
images/003A58.JPG,58
images/078A04.JPG,4
images/020A30.JPG,30
images/064A04.JPG,4
images/032A24.JPG,24
images/049A10.JPG,10
images/065A06a.JPG,6
images/080A03.JPG,3
images/053A13.JPG,13
images/025A28.JPG,28
images/072A25.JPG,25
images/031A11.JPG,11
images/032A13.JPG,13
images/078A05.JPG,5
images/042A20.JPG,20
images/053A01.JPG,1
images/016A03.JPG,3
images/018A36.JPG,36
images/049A05.JPG,5
images/011A14.JPG,14
images/049A12.JPG,12
images/019A23.JPG,23
images/048A10.JPG,10
images/009A16a.JPG,16
images/077A08.JPG,8
images/057A17.JPG,17
images/043A27.JPG,27
images/009A16b.JPG,16
images/019A30.JPG,30
images/022A11.JPG,11
images/011A11.JPG,11
images/020A02.JPG,2
images/018A25.JPG,25
images/080A00.JPG,0
images/023A25.JPG,25
images/079A07.JPG,7
images/002A16.JPG,16
images/080A10.JPG,10
images/067A14.JPG,14
images/031A09.JPG,9
images/042A18.JPG,18
images/036A20.JPG,20
images/068A10b.JPG,10
images/014A16.JPG,16
images/021A03.JPG,3
images/022A07.JPG,7
images/019A12.JPG,12
images/019A18.JPG,18
images/007A39.JPG,39
images/018A22.JPG,22
images/078A00.JPG,0
images/043A10.JPG,10
images/031A16.JPG,16
images/014A12.JPG,12
images/017A36.JPG,36
images/032A28.JPG,28
images/046A16.JPG,16
images/021A05.JPG,5
images/017A38.JPG,38
images/023A16.JPG,16
images/073A03.JPG,3
images/022A28.JPG,28
images/076A09.JPG,9
images/004A19.JPG,19
images/057A25.JPG,25
images/080A14.JPG,14
images/044A05.JPG,5
images/030A10.JPG,10
images/059A06.JPG,6
images/023A29.JPG,29
images/051A00.JPG,0
images/042A05.JPG,5
images/042A24.JPG,24
images/022A14.JPG,14
images/030A20.JPG,20
images/079A04.JPG,4
images/076A05.JPG,5
images/081A01.JPG,1
images/022A27.JPG,27
images/020A36.JPG,36
images/002A26.JPG,26
images/073A09.JPG,9
images/059A02a.JPG,2
images/073A04.JPG,4
images/022A30.JPG,30
images/030A23.JPG,23
images/044A15.JPG,15
images/063A09.JPG,9
images/019A03.JPG,3
images/067A33.JPG,33
images/018A16.JPG,16
images/078A03.JPG,3
images/012A26.JPG,26
images/072A07.JPG,7
images/036A13.JPG,13
images/067A21.JPG,21
images/065A06b.JPG,6
images/072A45.JPG,45
images/002A38.JPG,38
images/004A40.JPG,40
images/052A10.JPG,10
images/032A08.JPG,8
images/077A13.JPG,13
images/045A25.JPG,25
images/016A14.JPG,14
images/030A18.JPG,18
images/018A34.JPG,34
images/008A33.JPG,33
images/019A00.JPG,0
images/051A08.JPG,8
images/053A04.JPG,4
images/020A20.JPG,20
images/017A07.JPG,7
images/002A31.JPG,31
images/008A31.JPG,31
images/036A17.JPG,17
images/011A40.JPG,40
images/048A30.JPG,30
images/076A06.JPG,6
images/043A05.JPG,5
images/059A03.JPG,3
images/004A28.JPG,28
images/045A12.JPG,12
images/072A41.JPG,41
images/009A11.JPG,11
images/042A10.JPG,10
images/040A05.JPG,5
images/003A23.JPG,23
images/078A13.JPG,13
images/032A06.JPG,6
images/076A08.JPG,8
images/002A12.JPG,12
images/022A16.JPG,16
images/078A10.JPG,10
images/073A13.JPG,13
images/068A00.JPG,0
images/081A03.JPG,3
images/030A05.JPG,5
images/016A18.JPG,18
images/056A03.JPG,3
images/032A33.JPG,33
images/057A07.JPG,7
images/082A21.JPG,21
images/048A52.JPG,52
images/079A03.JPG,3
images/011A27.JPG,27
images/056A04.JPG,4
images/002A05.JPG,5
images/021A30.JPG,30
images/007A01.JPG,1
images/017A17.JPG,17
images/041A09.JPG,9
images/046A08.JPG,8
