images/011A11.JPG,11
images/024A30.JPG,30
images/013A23.JPG,23
images/049A07.JPG,7
images/029A31.JPG,31
images/049A08.JPG,8
images/078A15.JPG,15
images/008A35.JPG,35
images/030A18.JPG,18
images/065A11.JPG,11
images/049A17.JPG,17
images/056A04.JPG,4
images/019A15.JPG,15
images/047A20.JPG,20
images/012A25.JPG,25
images/029A11.JPG,11
images/069A11.JPG,11
images/065A13.JPG,13
images/011A20.JPG,20
images/051A16.JPG,16
images/077A13.JPG,13
images/061A10.JPG,10
images/051A18.JPG,18
images/053A13.JPG,13
images/078A01.JPG,1
images/020A26.JPG,26
images/047A05.JPG,5
images/053A18.JPG,18
images/037A01.JPG,1
images/051A17.JPG,17
images/048A50.JPG,50
images/054A10.JPG,10
images/010A16.JPG,16
images/001A40.JPG,40
images/032A10.JPG,10
images/048A00.JPG,0
images/012A36.JPG,36
images/043A03.JPG,3
images/011A05.JPG,5
images/047A13.JPG,13
images/005A18.JPG,18
images/005A48.JPG,48
images/078A09.JPG,9
images/055A08.JPG,8
images/042A00.JPG,0
images/062A35.JPG,35
images/010A01.JPG,1
images/048A30.JPG,30
images/069A09.JPG,9
images/073A14.JPG,14
images/049A15.JPG,15
images/043A15.JPG,15
images/062A45.JPG,45
images/032A40.JPG,40
images/029A10.JPG,10
images/029A33.JPG,33
images/055A23.JPG,23
images/018A11.JPG,11
images/002A38.JPG,38
images/052A16.JPG,16
images/052A13.JPG,13
images/011A42.JPG,42
images/073A12.JPG,12
images/015A15.JPG,15
images/058A06.JPG,6
images/024A28.JPG,28
images/082A27.JPG,27
images/008A12.JPG,12
images/063A00.JPG,0
images/042A10.JPG,10
images/052A20.JPG,20
images/047A18.JPG,18
images/019A03.JPG,3
images/025A34.JPG,34
images/002A20.JPG,20
images/011A02.JPG,2
images/074A05.JPG,5
images/002A29.JPG,29
images/057A18.JPG,18
images/054A16.JPG,16
images/003A23.JPG,23
images/074A08.JPG,8
images/020A36.JPG,36
images/061A19.JPG,19
images/078A03.JPG,3
images/073A03.JPG,3
images/023A18.JPG,18
images/004A21.JPG,21
images/032A18.JPG,18
images/055A05.JPG,5
images/043A04.JPG,4
images/053A08.JPG,8
images/004A40.JPG,40
images/003A18.JPG,18
images/053A10.JPG,10
images/049A12.JPG,12
images/025A18.JPG,18
images/042A12.JPG,12
images/005A52.JPG,52
images/014A03.JPG,3
images/018A18.JPG,18
images/003A60.JPG,60
images/062A16.JPG,16
images/057A16.JPG,16
images/063A33.JPG,33
images/018A33.JPG,33
images/023A22.JPG,22
images/024A23.JPG,23
images/005A24.JPG,24
images/013A00.JPG,0
images/053A15.JPG,15
images/078A05.JPG,5
images/075A06.JPG,6
images/078A14.JPG,14
images/010A07b.JPG,7
images/063A25.JPG,25
images/047A55.JPG,55
images/049A16.JPG,16
images/012A23.JPG,23
images/010A05.JPG,5
images/071A45.JPG,45
images/003A47.JPG,47
images/056A03.JPG,3
images/006A69.JPG,69
images/022A00.JPG,0
images/030A16.JPG,16
images/074A10.JPG,10
images/081A03.JPG,3
images/020A18.JPG,18
images/014A30.JPG,30
images/069A13.JPG,13
images/019A18.JPG,18
images/071A24.JPG,24
images/082A03.JPG,3
images/029A20.JPG,20
images/077A00.JPG,0
images/061A26.JPG,26
images/032A33.JPG,33
images/004A30.JPG,30
images/001A43b.JPG,43
images/065A09.JPG,9
images/043A17.JPG,17
images/042A06.JPG,6
images/047A15.JPG,15
images/074A00.JPG,0
images/073A06.JPG,6
images/001A28.JPG,28
images/016A05.JPG,5
images/078A11.JPG,11
images/073A04.JPG,4
images/043A19.JPG,19
images/052A17.JPG,17
images/020A16.JPG,16
images/008A41.JPG,41
images/016A14.JPG,14
images/081A00.JPG,0
images/065A02b.JPG,2
images/001A10.JPG,10
images/082A18.JPG,18
images/074A02.JPG,2
images/064A03.JPG,3
images/030A23.JPG,23
images/043A00.JPG,0
images/012A30.JPG,30
images/015A05.JPG,5
images/006A46.JPG,46
images/030A26.JPG,26
images/074A11.JPG,11
images/056A01.JPG,1
images/024A19.JPG,19
images/025A15.JPG,15
images/064A19.JPG,19
images/047A45.JPG,45
images/024A17.JPG,17
images/058A05.JPG,5
images/007A01.JPG,1
images/071A42.JPG,42
images/037A02.JPG,2
images/055A22.JPG,22
images/016A07.JPG,7
images/023A16.JPG,16
images/075A01.JPG,1
images/062A41.JPG,41
images/002A16.JPG,16
images/052A10.JPG,10
images/053A01.JPG,1
images/058A10.JPG,10
images/055A12.JPG,12
images/024A00.JPG,0
images/081A04.JPG,4
images/006A55.JPG,55
images/020A08.JPG,8
images/008A18.JPG,18
images/018A28.JPG,28
images/002A23.JPG,23
images/056A02.JPG,2
images/052A19.JPG,19
images/018A16.JPG,16
images/012A04.JPG,4
images/007A45.JPG,45
images/056A10.JPG,10
images/029A16.JPG,16
images/005A49.JPG,49
images/001A29.JPG,29
images/061A25.JPG,25
images/022A11.JPG,11
images/022A20.JPG,20
images/037A09.JPG,9
images/052A18.JPG,18
images/078A07.JPG,7
images/002A07.JPG,7
images/077A15.JPG,15
images/008A06.JPG,6
images/074A14.JPG,14
images/012A12.JPG,12
images/061A30.JPG,30
images/077A03.JPG,3
images/003A20.JPG,20
images/023A07.JPG,7
images/024A07.JPG,7
images/016A16.JPG,16
images/051A15.JPG,15
images/019A05.JPG,5
images/048A10.JPG,10
images/001A43a.JPG,43
images/029A04.JPG,4
images/077A16.JPG,16
images/015A09.JPG,9
images/073A00.JPG,0
images/069A03.JPG,3
images/075A08.JPG,8
images/019A27.JPG,27
images/048A33.JPG,33
images/022A30.JPG,30
images/042A18.JPG,18
images/016A10.JPG,10
images/014A36.JPG,36
images/023A00.JPG,0
images/032A13.JPG,13
images/051A12.JPG,12
images/008A08.JPG,8
images/029A29.JPG,29
images/004A51.JPG,51
images/030A04.JPG,4
images/006A40.JPG,40
images/077A09.JPG,9
images/063A04.JPG,4
images/019A30.JPG,30
images/011A27.JPG,27
images/056A12.JPG,12
images/020A02.JPG,2
images/022A23.JPG,23
images/006A31.JPG,31
images/037A06.JPG,6
images/065A03b.JPG,3
images/016A04.JPG,4
images/082A22.JPG,22
images/002A12.JPG,12
images/005A40.JPG,40
images/082A20.JPG,20
images/032A08.JPG,8
images/006A36.JPG,36
images/014A16.JPG,16
images/062A47.JPG,47
images/057A05.JPG,5
images/054A19.JPG,19
images/078A13.JPG,13
images/065A06b.JPG,6
images/025A19.JPG,19
images/081A07.JPG,7
images/012A07.JPG,7
images/032A35.JPG,35
images/020A30.JPG,30
images/077A10.JPG,10
images/057A12.JPG,12
images/082A21.JPG,21
images/018A25.JPG,25
images/011A34.JPG,34
images/032A06.JPG,6
images/022A16.JPG,16
images/065A10.JPG,10
images/016A08.JPG,8
images/075A05.JPG,5
images/023A05.JPG,5
images/022A26.JPG,26
images/014A18.JPG,18
images/008A30.JPG,30
images/047A12.JPG,12
images/022A27.JPG,27
images/001A02.JPG,2
images/004A28.JPG,28
images/078A08.JPG,8
images/008A13.JPG,13
images/030A10.JPG,10
images/047A27.JPG,27
images/002A21.JPG,21
images/081A10.JPG,10
images/014A40.JPG,40
images/062A54.JPG,54
images/002A36.JPG,36
images/073A11.JPG,11
images/077A01.JPG,1
images/058A02.JPG,2
images/025A07.JPG,7
images/073A16.JPG,16
images/061A17.JPG,17
images/019A00.JPG,0
images/069A04.JPG,4
images/018A06.JPG,6
images/048A54.JPG,54
images/077A07.JPG,7
images/012A26.JPG,26
images/054A06.JPG,6
images/011A15.JPG,15
images/054A17.JPG,17
images/043A23.JPG,23
images/077A12.JPG,12
images/082A31.JPG,31
images/082A00.JPG,0
images/047A09.JPG,9
images/037A11.JPG,11
images/071A35.JPG,35
images/003A38.JPG,38
images/051A24.JPG,24
images/013A30.JPG,30
images/004A19.JPG,19
images/025A39.JPG,39
images/013A18.JPG,18
images/057A06.JPG,6
images/002A18.JPG,18
images/069A06.JPG,6
images/051A00.JPG,0
images/032A20.JPG,20
images/043A05.JPG,5
images/023A25.JPG,25
images/020A11.JPG,11
images/007A37.JPG,37
images/014A22.JPG,22
images/073A02.JPG,2
images/013A08.JPG,8
images/058A01.JPG,1
images/051A14.JPG,14
images/037A18.JPG,18
images/077A08.JPG,8
images/061A07.JPG,7
images/010A09.JPG,9
images/002A05.JPG,5
images/073A13.JPG,13
images/013A25.JPG,25
images/054A09.JPG,9
images/071A22.JPG,22
images/020A13.JPG,13
images/063A09.JPG,9
images/074A01.JPG,1
images/008A16.JPG,16
images/047A06.JPG,6
images/054A18.JPG,18
images/008A31.JPG,31
images/078A02.JPG,2
images/013A16.JPG,16
images/023A21.JPG,21
images/075A10.JPG,10
images/018A36.JPG,36
images/054A00.JPG,0
images/010A06.JPG,6
images/022A07.JPG,7
images/016A01.JPG,1
images/064A01.JPG,1
images/051A02.JPG,2
images/037A17.JPG,17
images/024A25.JPG,25
images/022A25.JPG,25
images/065A02a.JPG,2
images/054A11.JPG,11
images/082A23.JPG,23
images/015A10.JPG,10
images/008A21.JPG,21
images/014A42.JPG,42
images/073A08.JPG,8
images/057A23.JPG,23
images/043A10.JPG,10
images/081A08.JPG,8
images/008A03.JPG,3
images/048A46.JPG,46
images/012A27.JPG,27
images/006A42.JPG,42
images/048A09.JPG,9
images/007A26.JPG,26
images/061A04.JPG,4
images/024A10.JPG,10
images/075A07.JPG,7
images/004A62.JPG,62
images/071A23.JPG,23
images/043A27.JPG,27
images/007A22.JPG,22
images/013A44.JPG,44
images/055A14.JPG,14
images/061A32.JPG,32
images/058A00.JPG,0
images/003A49.JPG,49
images/078A10.JPG,10
images/078A06.JPG,6
images/004A26.JPG,26
images/022A18.JPG,18
images/052A07.JPG,7
images/077A14.JPG,14
images/057A07.JPG,7
images/081A06.JPG,6
images/015A03.JPG,3
images/064A04.JPG,4
images/082A25.JPG,25
images/069A02.JPG,2
images/062A38.JPG,38
images/015A19.JPG,19
images/037A13.JPG,13
images/058A15.JPG,15
images/012A18.JPG,18
images/063A18.JPG,18
images/071A00.JPG,0
images/015A00.JPG,0
images/037A08.JPG,8
images/042A04.JPG,4
images/061A18.JPG,18
images/042A01.JPG,1
images/023A14.JPG,14
images/005A30.JPG,30
images/003A25.JPG,25
images/051A08.JPG,8
images/019A23.JPG,23
images/042A24.JPG,24
images/025A28.JPG,28
images/001A16.JPG,16
images/015A14.JPG,14
images/010A15.JPG,15
images/013A41.JPG,41
images/048A17.JPG,17
images/010A12.JPG,12
images/015A01.JPG,1
images/042A28.JPG,28
images/032A15.JPG,15
images/006A24.JPG,24
images/081A05.JPG,5
images/004A53.JPG,53
images/069A05.JPG,5
images/013A21.JPG,21
images/081A12.JPG,12
images/008A17.JPG,17
images/057A00.JPG,0
images/062A30.JPG,30
images/052A02.JPG,2
images/020A24.JPG,24
images/025A00.JPG,0
images/077A11.JPG,11
images/071A27.JPG,27
images/054A04.JPG,4
images/030A05.JPG,5
images/063A08.JPG,8
images/012A32.JPG,32
images/042A20.JPG,20
images/005A61.JPG,61
images/007A18.JPG,18
images/006A28.JPG,28
images/005A31.JPG,31
images/042A14.JPG,14
images/019A12.JPG,12
images/061A29.JPG,29
images/074A13.JPG,13
images/069A00.JPG,0
images/015A17.JPG,17
images/020A22.JPG,22
images/020A20.JPG,20
images/047A23.JPG,23
images/081A11.JPG,11
images/024A05.JPG,5
images/030A17.JPG,17
images/011A40.JPG,40
images/025A03.JPG,3
images/055A04.JPG,4
images/002A03.JPG,3
images/037A19.JPG,19
images/029A23.JPG,23
images/053A00.JPG,0
images/018A34.JPG,34
images/011A30.JPG,30
images/023A09.JPG,9
images/007A39.JPG,39
images/049A04.JPG,4
images/016A17.JPG,17
images/075A00.JPG,0
images/012A14.JPG,14
images/025A22.JPG,22
images/053A11.JPG,11
images/051A05.JPG,5
images/049A10.JPG,10
images/061A06.JPG,6
images/037A00.JPG,0
images/062A15.JPG,15
images/030A20.JPG,20
images/058A03.JPG,3
images/049A06.JPG,6
images/001A22.JPG,22
images/057A17.JPG,17
images/077A02.JPG,2
images/047A11.JPG,11
images/012A24.JPG,24
images/010A07a.JPG,7
images/048A52.JPG,52
images/071A40.JPG,40
images/054A13.JPG,13
images/074A04.JPG,4
images/011A07.JPG,7
images/071A44.JPG,44
images/077A06.JPG,6
images/055A06.JPG,6
images/005A45.JPG,45
images/007A23.JPG,23
images/049A05.JPG,5
images/006A67.JPG,67
images/010A04.JPG,4
images/003A35.JPG,35
images/011A14.JPG,14
images/063A22.JPG,22
images/073A05.JPG,5
images/052A14.JPG,14
images/008A29.JPG,29
images/018A22.JPG,22
images/073A09.JPG,9
images/062A03.JPG,3
images/065A03a.JPG,3
images/030A00.JPG,0
images/048A16.JPG,16
images/023A29.JPG,29
images/019A07.JPG,7
images/013A34.JPG,34
images/013A19.JPG,19
images/008A33.JPG,33
images/042A08.JPG,8
images/061A15.JPG,15
images/022A14.JPG,14
images/003A61.JPG,61
images/074A09.JPG,9
images/015A07.JPG,7
images/020A04.JPG,4
images/073A01.JPG,1
images/053A04.JPG,4
images/052A04.JPG,4
images/002A04.JPG,4
images/010A18.JPG,18
images/078A12.JPG,12
images/004A63.JPG,63
images/004A37.JPG,37
images/074A12.JPG,12
images/029A13.JPG,13
images/014A14.JPG,14
images/025A23.JPG,23
images/016A12.JPG,12
images/073A07.JPG,7
images/001A19.JPG,19
images/075A02.JPG,2
images/048A11.JPG,11
images/064A15.JPG,15
images/062A53.JPG,53
images/053A02.JPG,2
images/016A03.JPG,3
images/010A10.JPG,10
images/004A48.JPG,48
images/063A02.JPG,2
images/006A51.JPG,51
images/078A00.JPG,0
images/065A06a.JPG,6
images/001A05.JPG,5
images/023A03.JPG,3
images/058A17.JPG,17
images/048A49.JPG,49
images/025A12.JPG,12
images/058A04.JPG,4
images/003A51.JPG,51
images/073A15.JPG,15
images/074A03.JPG,3
images/056A15.JPG,15
images/029A05.JPG,5
images/032A28.JPG,28
images/015A04.JPG,4
images/048A18.JPG,18
images/030A07.JPG,7
images/006A61.JPG,61
images/053A12.JPG,12
images/054A12.JPG,12
images/074A15.JPG,15
images/001A18.JPG,18
images/065A08.JPG,8
images/077A04.JPG,4
images/053A06.JPG,6
images/057A25.JPG,25
images/081A02.JPG,2
images/069A07.JPG,7
images/048A27.JPG,27
images/075A03.JPG,3
images/071A10.JPG,10
images/065A12.JPG,12
images/074A06.JPG,6
images/001A08.JPG,8
images/032A24.JPG,24
images/037A04.JPG,4
images/011A17.JPG,17
images/003A58.JPG,58
images/054A02.JPG,2
images/016A18.JPG,18
images/002A31.JPG,31
images/042A05.JPG,5
images/002A15.JPG,15
images/058A13.JPG,13
images/062A18.JPG,18
images/001A14.JPG,14
images/001A33.JPG,33
images/081A01.JPG,1
images/056A06.JPG,6
images/063A20.JPG,20
images/071A18.JPG,18
images/078A04.JPG,4
images/029A01.JPG,1
images/064A10.JPG,10
images/065A07b.JPG,7
images/071A43.JPG,43
images/053A03.JPG,3
images/024A18.JPG,18
images/018A29.JPG,29
images/012A34.JPG,34
images/015A12.JPG,12
images/075A11.JPG,11
images/065A04.JPG,4
images/002A26.JPG,26
images/069A10.JPG,10
images/074A07.JPG,7
images/014A12.JPG,12
images/065A07a.JPG,7
images/005A35.JPG,35
images/012A21.JPG,21
images/047A33.JPG,33
images/011A13.JPG,13
images/016A19.JPG,19
images/082A16.JPG,16
images/022A28.JPG,28
images/043A13.JPG,13
images/048A15.JPG,15
images/007A38.JPG,38
images/029A22.JPG,22
