images/071A27.JPG,27
images/065A09.JPG,9
images/071A42.JPG,42
images/004A26.JPG,26
images/042A28.JPG,28
images/009A05.JPG,5
images/002A18.JPG,18
images/010A07a.JPG,7
images/079A12.JPG,12
images/020A02.JPG,2
images/082A31.JPG,31
images/034A25.JPG,25
images/075A07.JPG,7
images/072A41.JPG,41
images/040A09.JPG,9
images/007A22.JPG,22
images/065A02b.JPG,2
images/009A22a.JPG,22
images/040A03b.JPG,3
images/060A04.JPG,4
images/029A31.JPG,31
images/065A08.JPG,8
images/082A21.JPG,21
images/004A40.JPG,40
images/048A11.JPG,11
images/061A06.JPG,6
images/032A20.JPG,20
images/072A45.JPG,45
images/053A10.JPG,10
images/025A07.JPG,7
images/053A04.JPG,4
images/048A27.JPG,27
images/082A18.JPG,18
images/069A04.JPG,4
images/034A39.JPG,39
images/061A18.JPG,18
images/012A32.JPG,32
images/021A20.JPG,20
images/056A10.JPG,10
images/042A00.JPG,0
images/048A15.JPG,15
images/019A05.JPG,5
images/048A49.JPG,49
images/061A19.JPG,19
images/015A03.JPG,3
images/081A02.JPG,2
images/043A13.JPG,13
images/028A18.JPG,18
images/063A02.JPG,2
images/065A10.JPG,10
images/018A29.JPG,29
images/010A12.JPG,12
images/063A00.JPG,0
images/022A25.JPG,25
images/067A04.JPG,4
images/011A34.JPG,34
images/028A35.JPG,35
images/058A02.JPG,2
images/062A15.JPG,15
images/072A11.JPG,11
images/069A05.JPG,5
images/020A26.JPG,26
images/071A22.JPG,22
images/038A08.JPG,8
images/018A25.JPG,25
images/027A13.JPG,13
images/038A01.JPG,1
images/018A16.JPG,16
images/072A29.JPG,29
images/022A18.JPG,18
images/065A07b.JPG,7
images/008A03.JPG,3
images/053A08.JPG,8
images/075A11.JPG,11
images/065A06b.JPG,6
images/069A07.JPG,7
images/043A19.JPG,19
images/053A15.JPG,15
images/025A23.JPG,23
images/013A21.JPG,21
images/040A21.JPG,21
images/064A04.JPG,4
images/042A01.JPG,1
images/049A10.JPG,10
images/020A11.JPG,11
images/082A16.JPG,16
images/049A15.JPG,15
images/020A20.JPG,20
images/030A26.JPG,26
images/030A20.JPG,20
images/048A16.JPG,16
images/040A07.JPG,7
images/008A08.JPG,8
images/081A08.JPG,8
images/060A05.JPG,5
images/046A18.JPG,18
images/030A00.JPG,0
images/002A15.JPG,15
images/013A44.JPG,44
images/009A00.JPG,0
images/015A01.JPG,1
images/079A05.JPG,5
images/032A18.JPG,18
images/046A08.JPG,8
images/048A50.JPG,50
images/047A18.JPG,18
images/069A00.JPG,0
images/072A25.JPG,25
images/062A41.JPG,41
images/041A04.JPG,4
images/049A07.JPG,7
images/029A33.JPG,33
images/022A27.JPG,27
images/067A39.JPG,39
images/058A03.JPG,3
images/027A25.JPG,25
images/034A02.JPG,2
images/038A14.JPG,14
images/072A19.JPG,19
images/003A20.JPG,20
images/020A16.JPG,16
images/038A13.JPG,13
images/013A19.JPG,19
images/063A18.JPG,18
images/038A11.JPG,11
images/004A51.JPG,51
images/049A17.JPG,17
images/069A02.JPG,2
images/011A27.JPG,27
images/072A17.JPG,17
images/042A04.JPG,4
images/063A20.JPG,20
images/049A06.JPG,6
images/025A15.JPG,15
images/032A10.JPG,10
images/015A05.JPG,5
images/079A13.JPG,13
images/069A13.JPG,13
images/042A08.JPG,8
images/039A17.JPG,17
images/032A40.JPG,40
images/055A22.JPG,22
images/042A18.JPG,18
images/065A12.JPG,12
images/071A24.JPG,24
images/004A19.JPG,19
images/032A35.JPG,35
images/064A10.JPG,10
images/081A03.JPG,3
images/004A21.JPG,21
images/010A16.JPG,16
images/010A09.JPG,9
images/027A16.JPG,16
images/003A35.JPG,35
images/042A05.JPG,5
images/072A07.JPG,7
images/065A03b.JPG,3
images/082A25.JPG,25
images/049A08.JPG,8
images/072A27.JPG,27
images/008A18.JPG,18
images/047A05.JPG,5
images/012A21.JPG,21
images/004A28.JPG,28
images/008A21.JPG,21
images/061A17.JPG,17
images/058A17.JPG,17
images/058A06.JPG,6
images/012A23.JPG,23
images/042A06.JPG,6
images/047A11.JPG,11
images/034A21.JPG,21
images/065A13.JPG,13
images/055A23.JPG,23
images/027A30.JPG,30
images/079A04.JPG,4
images/075A05.JPG,5
images/030A10.JPG,10
images/067A28.JPG,28
images/028A26.JPG,26
images/047A55.JPG,55
images/019A07.JPG,7
images/004A37.JPG,37
images/067A23.JPG,23
images/004A53.JPG,53
images/013A30.JPG,30
images/039A15.JPG,15
images/028A28.JPG,28
images/063A08.JPG,8
images/002A26.JPG,26
images/042A10.JPG,10
images/053A11.JPG,11
images/041A24.JPG,24
images/026A17.JPG,17
images/003A38.JPG,38
images/021A16.JPG,16
images/040A16.JPG,16
images/038A05.JPG,5
images/048A10.JPG,10
images/025A00.JPG,0
images/061A10.JPG,10
images/032A15.JPG,15
images/029A11.JPG,11
images/039A11.JPG,11
images/002A20.JPG,20
images/062A35.JPG,35
images/041A20.JPG,20
images/032A13.JPG,13
images/007A45.JPG,45
images/053A06.JPG,6
images/046A02.JPG,2
images/075A08.JPG,8
images/067A30.JPG,30
images/052A16.JPG,16
images/019A00.JPG,0
images/079A06.JPG,6
images/081A00.JPG,0
images/034A30.JPG,30
images/062A38.JPG,38
images/011A13.JPG,13
images/020A08.JPG,8
images/041A00.JPG,0
images/062A45.JPG,45
images/056A12.JPG,12
images/013A00.JPG,0
images/008A31.JPG,31
images/034A04.JPG,4
images/003A49.JPG,49
images/060A08.JPG,8
images/063A04.JPG,4
images/022A23.JPG,23
images/028A46.JPG,46
images/007A38.JPG,38
images/062A47.JPG,47
images/013A08.JPG,8
images/071A45.JPG,45
images/082A03.JPG,3
images/052A02.JPG,2
images/019A15.JPG,15
images/018A36.JPG,36
images/067A21.JPG,21
images/028A37.JPG,37
images/047A06.JPG,6
images/013A23.JPG,23
images/026A02.JPG,2
images/019A30.JPG,30
images/020A24.JPG,24
images/055A05.JPG,5
images/022A00.JPG,0
images/002A04.JPG,4
images/081A10.JPG,10
images/041A19.JPG,19
images/046A17.JPG,17
images/072A21.JPG,21
images/046A00.JPG,0
images/012A04.JPG,4
images/039A50.JPG,50
images/011A20.JPG,20
images/041A13.JPG,13
images/026A19.JPG,19
images/058A10.JPG,10
images/064A01.JPG,1
images/069A03.JPG,3
images/060A17.JPG,17
images/061A29.JPG,29
images/012A30.JPG,30
images/020A13.JPG,13
images/012A24.JPG,24
images/020A22.JPG,22
images/013A25.JPG,25
images/046A12.JPG,12
images/013A18.JPG,18
images/043A04.JPG,4
images/021A05.JPG,5
images/029A04.JPG,4
images/010A10.JPG,10
images/009A16b.JPG,16
images/039A52.JPG,52
images/030A16.JPG,16
images/039A05.JPG,5
images/009A11.JPG,11
images/049A04.JPG,4
images/025A12.JPG,12
images/011A05.JPG,5
images/029A29.JPG,29
images/015A09.JPG,9
images/047A23.JPG,23
images/040A03a.JPG,3
images/034A13.JPG,13
images/049A16.JPG,16
images/012A12.JPG,12
images/071A00.JPG,0
images/004A48.JPG,48
images/012A26.JPG,26
images/010A04.JPG,4
images/019A23.JPG,23
images/064A19.JPG,19
images/055A04.JPG,4
images/011A40.JPG,40
images/013A34.JPG,34
images/043A00.JPG,0
images/008A30.JPG,30
images/028A16.JPG,16
images/010A06.JPG,6
images/018A11.JPG,11
images/029A16.JPG,16
images/043A27.JPG,27
images/020A30.JPG,30
images/060A11.JPG,11
images/002A12.JPG,12
images/053A01.JPG,1
images/058A05.JPG,5
images/002A07.JPG,7
images/009A14.JPG,14
images/002A05.JPG,5
images/026A11.JPG,11
images/079A10.JPG,10
images/072A13.JPG,13
images/030A18.JPG,18
images/061A26.JPG,26
images/060A20.JPG,20
images/004A63.JPG,63
images/007A01.JPG,1
images/046A10.JPG,10
images/038A21.JPG,21
images/002A23.JPG,23
images/040A14.JPG,14
images/058A04.JPG,4
images/019A12.JPG,12
images/082A00.JPG,0
images/042A14.JPG,14
images/069A10.JPG,10
images/043A05.JPG,5
images/022A16.JPG,16
images/021A39.JPG,39
images/040A10.JPG,10
images/025A18.JPG,18
images/067A14.JPG,14
images/018A34.JPG,34
images/003A23.JPG,23
images/062A18.JPG,18
images/013A41.JPG,41
images/041A21.JPG,21
images/029A23.JPG,23
images/071A10.JPG,10
images/012A18.JPG,18
images/052A18.JPG,18
images/021A27.JPG,27
images/009A01.JPG,1
images/046A04.JPG,4
images/052A17.JPG,17
images/072A02.JPG,2
images/040A05.JPG,5
images/027A18.JPG,18
images/003A18.JPG,18
images/052A14.JPG,14
images/012A14.JPG,14
images/038A23.JPG,23
images/040A06.JPG,6
images/049A12.JPG,12
images/079A01.JPG,1
images/063A33.JPG,33
images/038A10.JPG,10
images/028A34.JPG,34
images/079A09.JPG,9
images/038A03.JPG,3
images/018A18.JPG,18
images/034A15.JPG,15
images/060A06.JPG,6
images/021A11.JPG,11
images/009A09.JPG,9
images/021A23.JPG,23
images/062A30.JPG,30
images/015A04.JPG,4
images/008A06.JPG,6
images/079A11.JPG,11
images/018A22.JPG,22
images/004A62.JPG,62
images/065A02a.JPG,2
images/009A18.JPG,18
images/052A13.JPG,13
images/047A13.JPG,13
images/030A05.JPG,5
images/065A06a.JPG,6
images/028A20.JPG,20
images/039A07.JPG,7
images/046A01.JPG,1
images/011A15.JPG,15
images/008A33.JPG,33
images/082A23.JPG,23
images/013A16.JPG,16
images/069A09.JPG,9
images/011A17.JPG,17
images/022A26.JPG,26
images/047A45.JPG,45
images/056A02.JPG,2
images/048A30.JPG,30
images/063A25.JPG,25
images/022A14.JPG,14
images/047A27.JPG,27
images/009A03.JPG,3
images/081A04.JPG,4
images/041A02.JPG,2
images/060A19.JPG,19
images/048A00.JPG,0
images/025A34.JPG,34
images/003A47.JPG,47
images/071A43.JPG,43
images/029A01.JPG,1
images/026A07.JPG,7
images/007A18.JPG,18
images/041A09.JPG,9
images/064A03.JPG,3
images/081A07.JPG,7
images/029A10.JPG,10
images/034A44.JPG,44
images/075A06.JPG,6
images/032A28.JPG,28
images/071A18.JPG,18
images/018A06.JPG,6
images/058A00.JPG,0
images/081A05.JPG,5
images/067A33.JPG,33
images/047A12.JPG,12
images/008A29.JPG,29
images/021A18.JPG,18
images/043A10.JPG,10
images/032A06.JPG,6
images/040A02.JPG,2
images/067A17.JPG,17
images/002A21.JPG,21
images/081A12.JPG,12
images/079A08.JPG,8
images/032A33.JPG,33
images/015A12.JPG,12
images/011A11.JPG,11
images/062A54.JPG,54
images/019A03.JPG,3
images/010A01.JPG,1
images/011A07.JPG,7
images/026A04.JPG,4
images/025A19.JPG,19
images/022A20.JPG,20
images/053A13.JPG,13
images/053A12.JPG,12
images/043A17.JPG,17
images/046A16.JPG,16
images/071A44.JPG,44
images/038A17.JPG,17
images/043A15.JPG,15
images/008A16.JPG,16
images/027A22.JPG,22
images/079A00.JPG,0
images/061A32.JPG,32
images/018A28.JPG,28
images/081A01.JPG,1
images/011A14.JPG,14
images/032A08.JPG,8
images/048A52.JPG,52
images/075A01.JPG,1
images/029A13.JPG,13
images/039A16.JPG,16
images/007A23.JPG,23
images/055A12.JPG,12
images/062A03.JPG,3
images/039A35.JPG,35
images/056A06.JPG,6
images/053A03.JPG,3
images/015A00.JPG,0
images/010A15.JPG,15
images/011A30.JPG,30
images/071A40.JPG,40
images/040A19.JPG,19
images/079A03.JPG,3
images/046A14.JPG,14
images/015A14.JPG,14
images/052A20.JPG,20
images/008A13.JPG,13
images/071A23.JPG,23
images/065A07a.JPG,7
images/061A30.JPG,30
images/048A17.JPG,17
images/015A07.JPG,7
images/008A12.JPG,12
images/063A09.JPG,9
images/002A29.JPG,29
images/048A33.JPG,33
images/082A20.JPG,20
images/052A10.JPG,10
images/034A11.JPG,11
images/015A15.JPG,15
images/043A03.JPG,3
images/010A05.JPG,5
images/022A30.JPG,30
images/038A00.JPG,0
images/047A15.JPG,15
images/027A02.JPG,2
images/065A11.JPG,11
images/042A12.JPG,12
images/012A34.JPG,34
images/026A13.JPG,13
images/015A17.JPG,17
images/053A00.JPG,0
images/002A38.JPG,38
images/038A34.JPG,34
images/069A11.JPG,11
images/012A36.JPG,36
images/034A18.JPG,18
images/020A04.JPG,4
images/022A07.JPG,7
images/010A07b.JPG,7
images/026A06.JPG,6
images/049A05.JPG,5
images/011A02.JPG,2
images/061A04.JPG,4
images/003A58.JPG,58
images/008A41.JPG,41
images/060A02.JPG,2
images/012A25.JPG,25
images/028A41.JPG,41
images/055A14.JPG,14
images/062A53.JPG,53
images/008A35.JPG,35
images/007A26.JPG,26
images/081A11.JPG,11
images/007A37.JPG,37
images/003A25.JPG,25
images/011A42.JPG,42
images/060A12.JPG,12
images/056A15.JPG,15
images/027A41.JPG,41
images/056A04.JPG,4
images/012A07.JPG,7
images/003A61.JPG,61
images/075A03.JPG,3
images/009A16a.JPG,16
images/027A20.JPG,20
images/060A07.JPG,7
images/022A28.JPG,28
images/075A02.JPG,2
images/002A16.JPG,16
images/009A13.JPG,13
images/046A06.JPG,6
images/056A01.JPG,1
images/002A31.JPG,31
images/019A18.JPG,18
images/061A15.JPG,15
images/047A20.JPG,20
images/067A26.JPG,26
images/021A30.JPG,30
images/002A03.JPG,3
images/060A10.JPG,10
images/002A36.JPG,36
images/004A30.JPG,30
images/038A04.JPG,4
images/027A11.JPG,11
images/082A27.JPG,27
images/025A39.JPG,39
images/064A15.JPG,15
images/026A15.JPG,15
images/048A46.JPG,46
images/053A18.JPG,18
images/071A35.JPG,35
images/061A07.JPG,7
images/009A22b.JPG,22
images/039A10.JPG,10
images/012A27.JPG,27
images/003A60.JPG,60
images/055A06.JPG,6
images/025A22.JPG,22
images/025A03.JPG,3
images/047A09.JPG,9
images/058A13.JPG,13
images/040A00.JPG,0
images/025A28.JPG,28
images/075A00.JPG,0
images/062A16.JPG,16
images/020A36.JPG,36
images/058A15.JPG,15
images/039A02.JPG,2
images/029A05.JPG,5
images/042A20.JPG,20
images/052A04.JPG,4
images/008A17.JPG,17
images/034A16.JPG,16
images/030A07.JPG,7
images/026A00.JPG,0
images/065A04.JPG,4
images/069A06.JPG,6
images/028A14.JPG,14
images/021A03.JPG,3
images/053A02.JPG,2
images/010A18.JPG,18
images/048A18.JPG,18
images/015A19.JPG,19
images/022A11.JPG,11
images/039A13.JPG,13
images/048A09.JPG,9
images/042A24.JPG,24
images/034A35.JPG,35
images/052A07.JPG,7
images/061A25.JPG,25
images/043A23.JPG,23
images/055A08.JPG,8
images/075A10.JPG,10
images/058A01.JPG,1
images/041A06.JPG,6
images/029A22.JPG,22
images/056A03.JPG,3
images/065A03a.JPG,3
images/032A24.JPG,24
images/047A33.JPG,33
images/079A02.JPG,2
images/003A51.JPG,51
images/046A20.JPG,20
images/029A20.JPG,20
images/052A19.JPG,19
images/081A06.JPG,6
images/030A23.JPG,23
images/021A35.JPG,35
images/039A45.JPG,45
images/082A22.JPG,22
images/072A34.JPG,34
images/021A06.JPG,6
images/020A18.JPG,18
images/040A12.JPG,12
images/030A04.JPG,4
images/079A07.JPG,7
images/072A14.JPG,14
images/063A22.JPG,22
images/026A18.JPG,18
images/048A54.JPG,54
images/019A27.JPG,27
images/018A33.JPG,33
images/039A19.JPG,19
images/030A17.JPG,17
images/007A39.JPG,39
images/015A10.JPG,10
images/027A36.JPG,36
