images/035A12.JPG,12
images/044A15.JPG,15
images/074A08.JPG,8
images/019A18.JPG,18
images/009A22a.JPG,22
images/058A10.JPG,10
images/065A11.JPG,11
images/019A00.JPG,0
images/044A03.JPG,3
images/001A43b.JPG,43
images/029A33.JPG,33
images/001A16.JPG,16
images/002A15.JPG,15
images/059A02a.JPG,2
images/010A10.JPG,10
images/003A60.JPG,60
images/041A00.JPG,0
images/079A08.JPG,8
images/012A24.JPG,24
images/074A11.JPG,11
images/004A51.JPG,51
images/033A18.JPG,18
images/008A29.JPG,29
images/031A09.JPG,9
images/049A10.JPG,10
images/022A23.JPG,23
images/013A08.JPG,8
images/012A12.JPG,12
images/016A18.JPG,18
images/059A06.JPG,6
images/065A06a.JPG,6
images/076A00.JPG,0
images/019A27.JPG,27
images/041A13.JPG,13
images/044A13.JPG,13
images/063A22.JPG,22
images/025A00.JPG,0
images/061A26.JPG,26
images/065A13.JPG,13
images/034A15.JPG,15
images/003A61.JPG,61
images/017A05.JPG,5
images/039A16.JPG,16
images/013A25.JPG,25
images/009A13.JPG,13
images/077A12.JPG,12
images/039A07.JPG,7
images/060A20.JPG,20
images/076A02.JPG,2
images/026A00.JPG,0
images/020A02.JPG,2
images/025A12.JPG,12
images/020A13.JPG,13
images/044A25.JPG,25
images/037A06.JPG,6
images/021A20.JPG,20
images/038A05.JPG,5
images/074A10.JPG,10
images/001A40.JPG,40
images/054A13.JPG,13
images/068A09.JPG,9
images/009A22b.JPG,22
images/037A13.JPG,13
images/042A20.JPG,20
images/038A11.JPG,11
images/008A08.JPG,8
images/077A01.JPG,1
images/032A15.JPG,15
images/051A12.JPG,12
images/013A30.JPG,30
images/074A13.JPG,13
images/039A45.JPG,45
images/032A20.JPG,20
images/016A05.JPG,5
images/026A18.JPG,18
images/029A10.JPG,10
images/076A01.JPG,1
images/009A00.JPG,0
images/005A24.JPG,24
images/003A35.JPG,35
images/050A16.JPG,16
images/010A01.JPG,1
images/024A17.JPG,17
images/002A03.JPG,3
images/019A03.JPG,3
images/031A19.JPG,19
images/010A16.JPG,16
images/060A07.JPG,7
images/063A04.JPG,4
images/001A43a.JPG,43
images/063A02.JPG,2
images/031A06.JPG,6
images/021A03.JPG,3
images/044A05.JPG,5
images/063A00.JPG,0
images/047A09.JPG,9
images/035A23a.JPG,23
images/035A08.JPG,8
images/035A05.JPG,5
images/068A10b.JPG,10
images/047A06.JPG,6
images/001A10.JPG,10
images/018A25.JPG,25
images/032A33.JPG,33
images/024A18.JPG,18
images/042A04.JPG,4
images/008A41.JPG,41
images/077A16.JPG,16
images/072A17.JPG,17
images/020A30.JPG,30
images/076A05.JPG,5
images/041A02.JPG,2
images/077A03.JPG,3
images/060A04.JPG,4
images/031A14.JPG,14
images/004A37.JPG,37
images/009A18.JPG,18
images/055A12.JPG,12
images/037A08.JPG,8
images/032A06.JPG,6
images/063A18.JPG,18
images/075A07.JPG,7
images/055A23.JPG,23
images/021A11.JPG,11
images/022A26.JPG,26
images/032A28.JPG,28
images/016A14.JPG,14
images/031A00.JPG,0
images/059A07.JPG,7
images/025A34.JPG,34
images/079A03.JPG,3
images/005A30.JPG,30
images/012A21.JPG,21
images/003A18.JPG,18
images/049A04.JPG,4
images/035A01.JPG,1
images/005A48.JPG,48
images/074A03.JPG,3
images/012A34.JPG,34
images/002A31.JPG,31
images/074A05.JPG,5
images/044A17.JPG,17
images/021A23.JPG,23
images/033A05.JPG,5
images/067A28.JPG,28
images/024A05.JPG,5
images/031A15.JPG,15
images/065A02b.JPG,2
images/009A11.JPG,11
images/004A30.JPG,30
images/022A25.JPG,25
images/021A35.JPG,35
images/051A08.JPG,8
images/064A19.JPG,19
images/037A01.JPG,1
images/033A10.JPG,10
images/016A17.JPG,17
images/074A15.JPG,15
images/037A04.JPG,4
images/042A18.JPG,18
images/010A07b.JPG,7
images/024A23.JPG,23
images/029A05.JPG,5
images/016A03.JPG,3
images/050A10.JPG,10
images/060A12.JPG,12
images/025A07.JPG,7
images/075A06.JPG,6
images/005A31.JPG,31
images/060A10.JPG,10
images/051A00.JPG,0
images/060A02.JPG,2
images/074A02.JPG,2
images/003A47.JPG,47
images/018A11.JPG,11
images/034A04.JPG,4
images/003A38.JPG,38
images/047A15.JPG,15
images/008A35.JPG,35
images/020A11.JPG,11
images/026A06.JPG,6
images/061A06.JPG,6
images/072A34.JPG,34
images/032A40.JPG,40
images/072A45.JPG,45
images/076A09.JPG,9
images/079A05.JPG,5
images/031A02.JPG,2
images/065A03a.JPG,3
images/037A00.JPG,0
images/061A17.JPG,17
images/005A40.JPG,40
images/067A14.JPG,14
images/054A00.JPG,0
images/074A09.JPG,9
images/038A04.JPG,4
images/054A12.JPG,12
images/012A27.JPG,27
images/061A10.JPG,10
images/001A08.JPG,8
images/034A25.JPG,25
images/016A10.JPG,10
images/021A18.JPG,18
images/029A31.JPG,31
images/035A21.JPG,21
images/026A19.JPG,19
images/055A04.JPG,4
images/026A04.JPG,4
images/074A12.JPG,12
images/051A05.JPG,5
images/018A18.JPG,18
images/031A07.JPG,7
images/020A24.JPG,24
images/001A22.JPG,22
images/047A33.JPG,33
images/054A09.JPG,9
images/079A06.JPG,6
images/068A14.JPG,14
images/035A16.JPG,16
images/025A39.JPG,39
images/018A29.JPG,29
images/049A08.JPG,8
images/002A23.JPG,23
images/004A63.JPG,63
images/021A30.JPG,30
images/022A30.JPG,30
images/009A14.JPG,14
images/033A35.JPG,35
images/005A52.JPG,52
images/038A21.JPG,21
images/060A05.JPG,5
images/002A16.JPG,16
images/049A17.JPG,17
images/061A19.JPG,19
images/039A10.JPG,10
images/029A23.JPG,23
images/029A16.JPG,16
images/034A39.JPG,39
images/021A16.JPG,16
images/017A42.JPG,42
images/003A20.JPG,20
images/065A06b.JPG,6
images/022A18.JPG,18
images/077A00.JPG,0
images/032A35.JPG,35
images/001A29.JPG,29
images/029A11.JPG,11
images/039A17.JPG,17
images/012A23.JPG,23
images/049A06.JPG,6
images/047A27.JPG,27
images/019A05.JPG,5
images/016A16.JPG,16
images/025A19.JPG,19
images/076A14.JPG,14
images/079A10.JPG,10
images/020A20.JPG,20
images/012A14.JPG,14
images/077A02.JPG,2
images/060A11.JPG,11
images/079A02.JPG,2
images/020A36.JPG,36
images/037A17.JPG,17
images/076A13.JPG,13
images/038A01.JPG,1
images/051A02.JPG,2
images/058A13.JPG,13
images/022A14.JPG,14
images/012A36.JPG,36
images/009A16b.JPG,16
images/003A49.JPG,49
images/008A18.JPG,18
images/047A23.JPG,23
images/075A02.JPG,2
images/038A17.JPG,17
images/026A13.JPG,13
images/079A11.JPG,11
images/032A18.JPG,18
images/013A41.JPG,41
images/051A15.JPG,15
images/079A00.JPG,0
images/034A18.JPG,18
images/077A06.JPG,6
images/079A13.JPG,13
images/055A05.JPG,5
images/075A11.JPG,11
images/013A23.JPG,23
images/041A24.JPG,24
images/074A06.JPG,6
images/003A58.JPG,58
images/018A16.JPG,16
images/033A21.JPG,21
images/055A14.JPG,14
images/017A22.JPG,22
images/033A02.JPG,2
images/054A19.JPG,19
images/008A31.JPG,31
images/051A16.JPG,16
images/051A14.JPG,14
images/038A03.JPG,3
images/003A51.JPG,51
images/035A23b.JPG,23
images/042A00.JPG,0
images/031A03.JPG,3
images/003A25.JPG,25
images/072A14.JPG,14
images/029A01.JPG,1
images/022A00.JPG,0
images/020A08.JPG,8
images/064A03.JPG,3
images/075A10.JPG,10
images/017A32.JPG,32
images/072A25.JPG,25
images/042A28.JPG,28
images/063A09.JPG,9
images/061A18.JPG,18
images/076A11.JPG,11
images/012A26.JPG,26
images/076A06.JPG,6
images/067A17.JPG,17
images/024A00.JPG,0
images/021A39.JPG,39
images/049A07.JPG,7
images/058A02.JPG,2
images/068A13.JPG,13
images/072A13.JPG,13
images/035A09.JPG,9
images/008A06.JPG,6
images/002A12.JPG,12
images/047A55.JPG,55
images/065A08.JPG,8
images/017A17.JPG,17
images/010A06.JPG,6
images/021A27.JPG,27
images/050A06.JPG,6
images/076A08.JPG,8
images/063A25.JPG,25
images/029A13.JPG,13
images/025A28.JPG,28
images/004A48.JPG,48
images/025A15.JPG,15
images/022A16.JPG,16
images/055A08.JPG,8
images/012A32.JPG,32
images/049A12.JPG,12
images/047A18.JPG,18
images/019A07.JPG,7
images/041A20.JPG,20
images/050A03.JPG,3
images/039A05.JPG,5
images/059A12.JPG,12
images/033A30.JPG,30
images/018A33.JPG,33
images/026A17.JPG,17
images/004A26.JPG,26
images/077A14.JPG,14
images/058A05.JPG,5
images/013A18.JPG,18
images/077A04.JPG,4
images/031A16.JPG,16
images/061A04.JPG,4
images/025A23.JPG,23
images/060A06.JPG,6
images/065A04.JPG,4
images/037A19.JPG,19
images/026A15.JPG,15
images/024A19.JPG,19
images/061A25.JPG,25
images/008A21.JPG,21
images/024A10.JPG,10
images/063A20.JPG,20
images/042A01.JPG,1
images/009A16a.JPG,16
images/020A26.JPG,26
images/055A22.JPG,22
images/077A10.JPG,10
images/065A12.JPG,12
images/016A12.JPG,12
images/002A07.JPG,7
images/060A08.JPG,8
images/016A19.JPG,19
images/013A44.JPG,44
images/051A17.JPG,17
images/018A34.JPG,34
images/022A11.JPG,11
images/033A39.JPG,39
images/065A03b.JPG,3
images/049A16.JPG,16
images/020A16.JPG,16
images/029A20.JPG,20
images/004A19.JPG,19
images/075A03.JPG,3
images/038A34.JPG,34
images/034A02.JPG,2
images/035A14.JPG,14
images/025A18.JPG,18
images/074A00.JPG,0
images/058A03.JPG,3
images/044A21.JPG,21
images/058A17.JPG,17
images/065A10.JPG,10
images/042A24.JPG,24
images/024A07.JPG,7
images/074A14.JPG,14
images/058A04.JPG,4
images/074A01.JPG,1
images/054A10.JPG,10
images/002A26.JPG,26
images/002A36.JPG,36
images/041A04.JPG,4
images/024A28.JPG,28
images/042A08.JPG,8
images/050A22.JPG,22
images/025A22.JPG,22
images/075A00.JPG,0
images/026A02.JPG,2
images/031A04.JPG,4
images/029A22.JPG,22
images/072A02.JPG,2
images/047A05.JPG,5
images/072A07.JPG,7
images/054A06.JPG,6
images/010A12.JPG,12
images/067A30.JPG,30
images/067A39.JPG,39
images/039A11.JPG,11
images/017A12.JPG,12
images/032A24.JPG,24
images/029A29.JPG,29
images/077A15.JPG,15
images/031A11.JPG,11
images/047A45.JPG,45
images/017A36.JPG,36
images/059A03.JPG,3
images/054A11.JPG,11
images/049A05.JPG,5
images/008A33.JPG,33
images/067A26.JPG,26
images/005A45.JPG,45
images/072A27.JPG,27
images/077A07.JPG,7
images/001A02.JPG,2
images/076A15.JPG,15
images/041A09.JPG,9
images/037A02.JPG,2
images/079A12.JPG,12
images/058A06.JPG,6
images/009A01.JPG,1
images/032A13.JPG,13
images/019A23.JPG,23
images/054A16.JPG,16
images/072A29.JPG,29
images/010A18.JPG,18
images/061A32.JPG,32
images/010A15.JPG,15
images/004A40.JPG,40
images/060A19.JPG,19
images/050A18.JPG,18
images/041A19.JPG,19
images/054A18.JPG,18
images/001A19.JPG,19
images/002A18.JPG,18
images/044A07.JPG,7
images/072A21.JPG,21
images/039A19.JPG,19
images/072A19.JPG,19
images/051A24.JPG,24
images/017A19.JPG,19
images/019A30.JPG,30
images/041A06.JPG,6
images/012A25.JPG,25
images/034A21.JPG,21
images/041A21.JPG,21
images/033A14.JPG,14
images/039A35.JPG,35
images/022A27.JPG,27
images/034A11.JPG,11
images/047A20.JPG,20
images/013A19.JPG,19
images/002A04.JPG,4
images/075A05.JPG,5
images/076A10.JPG,10
images/077A08.JPG,8
images/067A23.JPG,23
images/039A50.JPG,50
images/026A11.JPG,11
images/005A18.JPG,18
images/037A09.JPG,9
images/034A35.JPG,35
images/077A11.JPG,11
images/020A22.JPG,22
images/067A21.JPG,21
images/013A21.JPG,21
images/065A02a.JPG,2
images/010A04.JPG,4
images/039A15.JPG,15
images/042A10.JPG,10
images/001A28.JPG,28
images/074A07.JPG,7
images/017A29.JPG,29
images/012A07.JPG,7
images/008A17.JPG,17
images/079A04.JPG,4
images/065A07a.JPG,7
images/044A18.JPG,18
images/068A03.JPG,3
images/004A62.JPG,62
images/039A13.JPG,13
images/002A05.JPG,5
images/072A41.JPG,41
images/079A09.JPG,9
images/033A44.JPG,44
images/076A04.JPG,4
images/022A28.JPG,28
images/076A17.JPG,17
images/008A16.JPG,16
images/012A30.JPG,30
images/017A07.JPG,7
images/003A23.JPG,23
images/002A21.JPG,21
images/008A13.JPG,13
images/049A15.JPG,15
images/001A18.JPG,18
images/002A29.JPG,29
images/009A09.JPG,9
images/016A07.JPG,7
images/076A07.JPG,7
images/072A11.JPG,11
images/038A23.JPG,23
images/038A10.JPG,10
images/037A11.JPG,11
images/058A00.JPG,0
images/008A03.JPG,3
images/042A06.JPG,6
images/039A02.JPG,2
images/065A09.JPG,9
images/059A04.JPG,4
images/035A18.JPG,18
images/044A01.JPG,1
images/034A44.JPG,44
images/005A61.JPG,61
images/075A08.JPG,8
images/018A22.JPG,22
images/020A04.JPG,4
images/037A18.JPG,18
images/042A14.JPG,14
images/002A38.JPG,38
images/031A12.JPG,12
images/047A11.JPG,11
images/064A04.JPG,4
images/047A12.JPG,12
images/013A34.JPG,34
images/017A38.JPG,38
images/024A25.JPG,25
images/010A05.JPG,5
images/061A30.JPG,30
images/035A00.JPG,0
images/050A14.JPG,14
images/064A15.JPG,15
images/067A04.JPG,4
images/032A08.JPG,8
images/054A17.JPG,17
images/005A49.JPG,49
images/012A04.JPG,4
images/076A12.JPG,12
images/042A05.JPG,5
images/020A18.JPG,18
images/035A03.JPG,3
images/067A33.JPG,33
images/019A15.JPG,15
images/077A13.JPG,13
images/008A12.JPG,12
images/016A08.JPG,8
images/001A33.JPG,33
images/022A07.JPG,7
images/076A16.JPG,16
images/004A28.JPG,28
images/008A30.JPG,30
images/019A12.JPG,12
images/074A04.JPG,4
images/055A06.JPG,6
images/016A04.JPG,4
images/061A07.JPG,7
images/058A15.JPG,15
images/051A18.JPG,18
images/064A10.JPG,10
images/013A16.JPG,16
images/068A12.JPG,12
images/068A11.JPG,11
images/034A16.JPG,16
images/029A04.JPG,4
images/012A18.JPG,18
images/038A13.JPG,13
images/061A29.JPG,29
images/018A36.JPG,36
images/061A15.JPG,15
images/004A21.JPG,21
images/060A17.JPG,17
images/079A07.JPG,7
images/032A10.JPG,10
images/017A15.JPG,15
images/021A05.JPG,5
images/017A26.JPG,26
images/059A16.JPG,16
images/004A53.JPG,53
images/075A01.JPG,1
images/068A10a.JPG,10
images/042A12.JPG,12
images/001A05.JPG,5
images/059A02b.JPG,2
images/038A14.JPG,14
images/009A03.JPG,3
images/076A03.JPG,3
images/034A13.JPG,13
images/021A06.JPG,6
images/010A07a.JPG,7
images/010A09.JPG,9
images/022A20.JPG,20
images/047A13.JPG,13
images/064A01.JPG,1
images/025A03.JPG,3
images/038A08.JPG,8
images/024A30.JPG,30
images/013A00.JPG,0
images/018A28.JPG,28
images/059A14.JPG,14
images/079A01.JPG,1
images/039A52.JPG,52
images/016A01.JPG,1
images/033A25.JPG,25
images/009A05.JPG,5
images/054A04.JPG,4
images/038A00.JPG,0
images/077A09.JPG,9
images/035A07.JPG,7
images/068A04.JPG,4
images/034A30.JPG,30
images/026A07.JPG,7
images/050A00.JPG,0
images/063A33.JPG,33
images/002A20.JPG,20
images/054A02.JPG,2
images/018A06.JPG,6
images/005A35.JPG,35
images/001A14.JPG,14
images/063A08.JPG,8
images/065A07b.JPG,7
images/058A01.JPG,1
images/068A00.JPG,0
