images/066A09.JPG,9
images/069A09.JPG,9
images/027A41.JPG,41
images/009A18.JPG,18
images/061A17.JPG,17
images/069A11.JPG,11
images/003A49.JPG,49
images/006A61.JPG,61
images/073A16.JPG,16
images/031A07.JPG,7
images/009A14.JPG,14
images/065A11.JPG,11
images/015A12.JPG,12
images/079A03.JPG,3
images/025A22.JPG,22
images/029A05.JPG,5
images/027A11.JPG,11
images/061A26.JPG,26
images/009A00.JPG,0
images/016A18.JPG,18
images/016A05.JPG,5
images/033A05.JPG,5
images/080A14.JPG,14
images/040A14.JPG,14
images/040A05.JPG,5
images/017A42.JPG,42
images/070A01.JPG,1
images/040A12.JPG,12
images/003A18.JPG,18
images/047A45.JPG,45
images/070A05.JPG,5
images/006A42.JPG,42
images/037A01.JPG,1
images/047A12.JPG,12
images/031A06.JPG,6
images/040A16.JPG,16
images/075A02.JPG,2
images/061A30.JPG,30
images/009A09.JPG,9
images/036A05.JPG,5
images/025A03.JPG,3
images/020A11.JPG,11
images/017A19.JPG,19
images/076A00.JPG,0
images/016A08.JPG,8
images/007A18.JPG,18
images/042A24.JPG,24
images/041A19.JPG,19
images/040A00.JPG,0
images/047A23.JPG,23
images/013A25.JPG,25
images/070A00.JPG,0
images/010A12.JPG,12
images/013A30.JPG,30
images/032A18.JPG,18
images/074A04.JPG,4
images/061A06.JPG,6
images/010A07b.JPG,7
images/051A24.JPG,24
images/002A12.JPG,12
images/033A30.JPG,30
images/082A03.JPG,3
images/017A22.JPG,22
images/017A07.JPG,7
images/073A11.JPG,11
images/050A10.JPG,10
images/037A04.JPG,4
images/082A20.JPG,20
images/015A05.JPG,5
images/042A20.JPG,20
images/003A35.JPG,35
images/006A40.JPG,40
images/002A38.JPG,38
images/037A11.JPG,11
images/038A14.JPG,14
images/009A05.JPG,5
images/075A08.JPG,8
images/080A03.JPG,3
images/073A00.JPG,0
images/002A15.JPG,15
images/025A12.JPG,12
images/076A02.JPG,2
images/074A13.JPG,13
images/016A10.JPG,10
images/029A23.JPG,23
images/002A03.JPG,3
images/041A20.JPG,20
images/073A14.JPG,14
images/076A04.JPG,4
images/052A04.JPG,4
images/073A15.JPG,15
images/037A17.JPG,17
images/017A12.JPG,12
images/052A13.JPG,13
images/077A13.JPG,13
images/024A23.JPG,23
images/015A07.JPG,7
images/038A10.JPG,10
images/051A08.JPG,8
images/016A19.JPG,19
images/033A39.JPG,39
images/009A03.JPG,3
images/039A07.JPG,7
images/013A44.JPG,44
images/082A23.JPG,23
images/039A15.JPG,15
images/063A04.JPG,4
images/065A06a.JPG,6
images/013A41.JPG,41
images/079A11.JPG,11
images/013A23.JPG,23
images/016A04.JPG,4
images/038A21.JPG,21
images/002A21.JPG,21
images/047A33.JPG,33
images/079A00.JPG,0
images/025A28.JPG,28
images/065A09.JPG,9
images/074A02.JPG,2
images/062A41.JPG,41
images/010A05.JPG,5
images/050A00.JPG,0
images/054A19.JPG,19
images/010A15.JPG,15
images/039A13.JPG,13
images/070A08.JPG,8
images/020A08.JPG,8
images/038A05.JPG,5
images/007A01.JPG,1
images/040A09.JPG,9
images/051A12.JPG,12
images/038A23.JPG,23
images/079A08.JPG,8
images/070A06.JPG,6
images/027A16.JPG,16
images/029A16.JPG,16
images/043A03.JPG,3
images/054A17.JPG,17
images/029A31.JPG,31
images/056A10.JPG,10
images/033A44.JPG,44
images/058A13.JPG,13
images/032A33.JPG,33
images/076A01.JPG,1
images/061A07.JPG,7
images/040A07.JPG,7
images/010A01.JPG,1
images/039A17.JPG,17
images/076A14.JPG,14
images/042A28.JPG,28
images/049A08.JPG,8
images/079A09.JPG,9
images/068A10a.JPG,10
images/073A08.JPG,8
images/003A38.JPG,38
images/074A07.JPG,7
images/077A09.JPG,9
images/036A01.JPG,1
images/033A18.JPG,18
images/003A51.JPG,51
images/043A00.JPG,0
images/075A11.JPG,11
images/023A14.JPG,14
images/049A05.JPG,5
images/039A35.JPG,35
images/003A61.JPG,61
images/033A21.JPG,21
images/058A03.JPG,3
images/074A01.JPG,1
images/002A04.JPG,4
images/065A10.JPG,10
images/009A01.JPG,1
images/031A11.JPG,11
images/073A02.JPG,2
images/066A08.JPG,8
images/076A10.JPG,10
images/009A22b.JPG,22
images/076A17.JPG,17
images/054A16.JPG,16
images/058A01.JPG,1
images/063A25.JPG,25
images/023A16.JPG,16
images/029A22.JPG,22
images/029A13.JPG,13
images/057A07.JPG,7
images/020A13.JPG,13
images/077A02.JPG,2
images/051A16.JPG,16
images/036A18.JPG,18
images/079A05.JPG,5
images/017A36.JPG,36
images/077A03.JPG,3
images/066A10.JPG,10
images/081A02.JPG,2
images/007A38.JPG,38
images/065A07a.JPG,7
images/051A15.JPG,15
images/070A07.JPG,7
images/082A18.JPG,18
images/042A18.JPG,18
images/080A05.JPG,5
images/073A01.JPG,1
images/007A39.JPG,39
images/041A02.JPG,2
images/038A01.JPG,1
images/070A14.JPG,14
images/037A18.JPG,18
images/038A03.JPG,3
images/049A12.JPG,12
images/080A10.JPG,10
images/049A15.JPG,15
images/063A09.JPG,9
images/020A20.JPG,20
images/074A09.JPG,9
images/029A04.JPG,4
images/042A08.JPG,8
images/054A13.JPG,13
images/079A02.JPG,2
images/043A10.JPG,10
images/057A00.JPG,0
images/020A24.JPG,24
images/070A12.JPG,12
images/077A16.JPG,16
images/039A10.JPG,10
images/079A06.JPG,6
images/032A20.JPG,20
images/065A02a.JPG,2
images/029A29.JPG,29
images/077A10.JPG,10
images/032A10.JPG,10
images/016A12.JPG,12
images/023A00.JPG,0
images/080A08.JPG,8
images/047A06.JPG,6
images/040A10.JPG,10
images/080A04.JPG,4
images/029A10.JPG,10
images/057A18.JPG,18
images/009A11.JPG,11
images/065A03b.JPG,3
images/052A10.JPG,10
images/010A09.JPG,9
images/009A13.JPG,13
images/061A29.JPG,29
images/027A02.JPG,2
images/027A18.JPG,18
images/032A13.JPG,13
images/042A00.JPG,0
images/027A36.JPG,36
images/070A03.JPG,3
images/069A03.JPG,3
images/017A29.JPG,29
images/049A10.JPG,10
images/025A15.JPG,15
images/036A03.JPG,3
images/051A17.JPG,17
images/033A02.JPG,2
images/043A15.JPG,15
images/075A01.JPG,1
images/020A30.JPG,30
images/032A06.JPG,6
images/024A18.JPG,18
images/006A67.JPG,67
images/049A06.JPG,6
images/047A55.JPG,55
images/074A03.JPG,3
images/068A11.JPG,11
images/023A29.JPG,29
images/006A24.JPG,24
images/017A32.JPG,32
images/013A34.JPG,34
images/049A16.JPG,16
images/082A00.JPG,0
images/038A08.JPG,8
images/040A21.JPG,21
images/047A13.JPG,13
images/062A16.JPG,16
images/077A15.JPG,15
images/081A07.JPG,7
images/062A54.JPG,54
images/080A01.JPG,1
images/052A16.JPG,16
images/076A05.JPG,5
images/025A34.JPG,34
images/074A06.JPG,6
images/032A28.JPG,28
images/036A15.JPG,15
images/063A02.JPG,2
images/062A30.JPG,30
images/073A03.JPG,3
images/076A03.JPG,3
images/033A35.JPG,35
images/081A08.JPG,8
images/024A19.JPG,19
images/062A18.JPG,18
images/025A00.JPG,0
images/065A13.JPG,13
images/024A07.JPG,7
images/058A15.JPG,15
images/080A12.JPG,12
images/063A18.JPG,18
images/007A37.JPG,37
images/003A58.JPG,58
images/016A03.JPG,3
images/007A23.JPG,23
images/057A05.JPG,5
images/031A12.JPG,12
images/076A15.JPG,15
images/010A04.JPG,4
images/039A02.JPG,2
images/031A19.JPG,19
images/075A00.JPG,0
images/029A01.JPG,1
images/065A12.JPG,12
images/017A15.JPG,15
images/082A21.JPG,21
images/025A23.JPG,23
images/068A10b.JPG,10
images/020A16.JPG,16
images/080A13.JPG,13
images/061A19.JPG,19
images/058A02.JPG,2
images/029A33.JPG,33
images/073A09.JPG,9
images/007A26.JPG,26
images/037A19.JPG,19
images/013A16.JPG,16
images/079A13.JPG,13
images/015A09.JPG,9
images/076A11.JPG,11
images/020A26.JPG,26
images/039A05.JPG,5
images/081A12.JPG,12
images/006A28.JPG,28
images/066A06b.JPG,6
images/043A13.JPG,13
images/016A01.JPG,1
images/050A03.JPG,3
images/013A08.JPG,8
images/002A31.JPG,31
images/020A36.JPG,36
images/027A22.JPG,22
images/054A00.JPG,0
images/050A22.JPG,22
images/027A30.JPG,30
images/023A18.JPG,18
images/002A23.JPG,23
images/051A00.JPG,0
images/029A20.JPG,20
images/033A14.JPG,14
images/027A20.JPG,20
images/010A18.JPG,18
images/041A04.JPG,4
images/043A05.JPG,5
images/020A22.JPG,22
images/047A05.JPG,5
images/015A04.JPG,4
images/076A07.JPG,7
images/051A05.JPG,5
images/079A01.JPG,1
images/062A47.JPG,47
images/061A04.JPG,4
images/052A07.JPG,7
images/031A03.JPG,3
images/074A10.JPG,10
images/031A04.JPG,4
images/039A16.JPG,16
images/081A03.JPG,3
images/052A02.JPG,2
images/042A04.JPG,4
images/015A10.JPG,10
images/074A11.JPG,11
images/082A16.JPG,16
images/076A16.JPG,16
images/073A06.JPG,6
images/081A06.JPG,6
images/066A07.JPG,7
images/081A01.JPG,1
images/056A12.JPG,12
images/031A15.JPG,15
images/081A10.JPG,10
images/006A55.JPG,55
images/003A47.JPG,47
images/077A06.JPG,6
images/079A04.JPG,4
images/049A04.JPG,4
images/068A00.JPG,0
images/042A10.JPG,10
images/066A06a.JPG,6
images/074A14.JPG,14
images/069A02.JPG,2
images/031A00.JPG,0
images/041A09.JPG,9
images/036A06.JPG,6
images/036A17.JPG,17
images/079A10.JPG,10
images/065A06b.JPG,6
images/047A09.JPG,9
images/038A11.JPG,11
images/076A13.JPG,13
images/006A36.JPG,36
images/062A53.JPG,53
images/032A24.JPG,24
images/052A17.JPG,17
images/037A09.JPG,9
images/056A03.JPG,3
images/054A04.JPG,4
images/049A07.JPG,7
images/038A13.JPG,13
images/080A00.JPG,0
images/037A00.JPG,0
images/023A03.JPG,3
images/063A33.JPG,33
images/081A11.JPG,11
images/047A20.JPG,20
images/024A10.JPG,10
images/036A19.JPG,19
images/056A15.JPG,15
images/068A12.JPG,12
images/025A18.JPG,18
images/016A17.JPG,17
images/024A05.JPG,5
images/057A23.JPG,23
images/010A06.JPG,6
images/037A06.JPG,6
images/025A19.JPG,19
images/013A18.JPG,18
images/068A04.JPG,4
images/038A00.JPG,0
images/027A13.JPG,13
images/054A12.JPG,12
images/061A32.JPG,32
images/006A69.JPG,69
images/062A15.JPG,15
images/023A21.JPG,21
images/058A10.JPG,10
images/056A01.JPG,1
images/054A02.JPG,2
images/073A12.JPG,12
images/036A08.JPG,8
images/058A17.JPG,17
images/068A13.JPG,13
images/061A25.JPG,25
images/076A08.JPG,8
images/024A30.JPG,30
images/057A25.JPG,25
images/031A02.JPG,2
images/023A09.JPG,9
images/006A31.JPG,31
images/052A19.JPG,19
images/062A38.JPG,38
images/076A12.JPG,12
images/066A11.JPG,11
images/054A11.JPG,11
images/069A07.JPG,7
images/056A02.JPG,2
images/065A04.JPG,4
images/039A52.JPG,52
images/057A16.JPG,16
images/006A51.JPG,51
images/023A05.JPG,5
images/073A07.JPG,7
images/082A22.JPG,22
images/033A25.JPG,25
images/041A00.JPG,0
images/069A10.JPG,10
images/052A14.JPG,14
images/077A00.JPG,0
images/062A45.JPG,45
images/013A21.JPG,21
images/002A07.JPG,7
images/073A05.JPG,5
images/025A07.JPG,7
images/042A05.JPG,5
images/080A02.JPG,2
images/041A21.JPG,21
images/040A03b.JPG,3
images/075A03.JPG,3
images/020A04.JPG,4
images/039A50.JPG,50
images/032A35.JPG,35
images/023A25.JPG,25
images/068A09.JPG,9
images/065A07b.JPG,7
images/039A11.JPG,11
images/024A25.JPG,25
images/077A01.JPG,1
images/056A04.JPG,4
images/075A10.JPG,10
images/015A15.JPG,15
images/039A19.JPG,19
images/006A46.JPG,46
images/032A15.JPG,15
images/066A03.JPG,3
images/051A02.JPG,2
images/075A06.JPG,6
images/073A13.JPG,13
images/032A40.JPG,40
images/029A11.JPG,11
images/015A03.JPG,3
images/068A03.JPG,3
images/077A14.JPG,14
images/057A06.JPG,6
images/082A27.JPG,27
images/047A18.JPG,18
images/074A05.JPG,5
images/041A06.JPG,6
images/037A08.JPG,8
images/038A17.JPG,17
images/040A06.JPG,6
images/002A16.JPG,16
images/066A00.JPG,0
images/080A06.JPG,6
images/007A45.JPG,45
images/077A12.JPG,12
images/052A18.JPG,18
images/041A24.JPG,24
images/043A19.JPG,19
images/062A35.JPG,35
images/038A04.JPG,4
images/069A06.JPG,6
images/043A17.JPG,17
images/037A02.JPG,2
images/041A13.JPG,13
images/065A08.JPG,8
images/074A12.JPG,12
images/063A20.JPG,20
images/037A13.JPG,13
images/003A25.JPG,25
images/010A16.JPG,16
images/017A05.JPG,5
images/081A05.JPG,5
images/077A08.JPG,8
images/036A11.JPG,11
images/024A17.JPG,17
images/036A00.JPG,0
images/042A12.JPG,12
images/024A28.JPG,28
images/066A02a.JPG,2
images/031A16.JPG,16
images/061A10.JPG,10
images/081A00.JPG,0
images/076A06.JPG,6
images/002A36.JPG,36
images/031A14.JPG,14
images/070A02.JPG,2
images/042A14.JPG,14
images/062A03.JPG,3
images/016A07.JPG,7
images/066A02b.JPG,2
images/056A06.JPG,6
images/013A19.JPG,19
images/023A22.JPG,22
images/058A06.JPG,6
images/075A05.JPG,5
images/015A01.JPG,1
images/009A16b.JPG,16
images/015A17.JPG,17
images/020A18.JPG,18
images/010A07a.JPG,7
images/057A17.JPG,17
images/031A09.JPG,9
images/080A07.JPG,7
images/040A02.JPG,2
images/015A19.JPG,19
images/077A04.JPG,4
images/020A02.JPG,2
images/075A07.JPG,7
images/027A25.JPG,25
images/079A07.JPG,7
images/033A10.JPG,10
images/052A20.JPG,20
images/023A07.JPG,7
images/058A00.JPG,0
images/042A06.JPG,6
images/050A18.JPG,18
images/024A00.JPG,0
images/054A09.JPG,9
images/040A19.JPG,19
images/077A07.JPG,7
images/069A00.JPG,0
images/063A22.JPG,22
images/002A26.JPG,26
images/063A08.JPG,8
images/079A12.JPG,12
images/015A00.JPG,0
images/043A23.JPG,23
images/047A15.JPG,15
images/010A10.JPG,10
images/054A06.JPG,6
images/065A02b.JPG,2
images/009A16a.JPG,16
images/036A13.JPG,13
images/042A01.JPG,1
images/049A17.JPG,17
images/013A00.JPG,0
images/069A04.JPG,4
images/038A34.JPG,34
images/050A16.JPG,16
images/082A31.JPG,31
images/054A10.JPG,10
images/015A14.JPG,14
images/051A18.JPG,18
images/047A27.JPG,27
images/061A18.JPG,18
images/050A06.JPG,6
images/063A00.JPG,0
images/073A04.JPG,4
images/080A09.JPG,9
images/074A15.JPG,15
images/025A39.JPG,39
images/074A08.JPG,8
images/016A16.JPG,16
images/002A20.JPG,20
images/047A11.JPG,11
images/054A18.JPG,18
images/003A20.JPG,20
images/069A05.JPG,5
images/065A03a.JPG,3
images/061A15.JPG,15
images/032A08.JPG,8
images/017A26.JPG,26
images/002A18.JPG,18
images/074A00.JPG,0
images/076A09.JPG,9
images/009A22a.JPG,22
images/017A38.JPG,38
images/058A05.JPG,5
images/082A25.JPG,25
images/002A29.JPG,29
images/017A17.JPG,17
images/069A13.JPG,13
images/070A09.JPG,9
images/057A12.JPG,12
images/058A04.JPG,4
images/040A03a.JPG,3
images/003A23.JPG,23
images/081A04.JPG,4
images/050A14.JPG,14
images/066A04.JPG,4
images/068A14.JPG,14
images/077A11.JPG,11
images/036A20.JPG,20
images/043A04.JPG,4
images/002A05.JPG,5
images/039A45.JPG,45
images/043A27.JPG,27
images/003A60.JPG,60
images/016A14.JPG,14
images/007A22.JPG,22
images/051A14.JPG,14
