images/078A01.JPG,1
images/006A42.JPG,42
images/077A04.JPG,4
images/049A10.JPG,10
images/065A02a.JPG,2
images/065A04.JPG,4
images/077A00.JPG,0
images/080A03.JPG,3
images/077A16.JPG,16
images/047A12.JPG,12
images/047A15.JPG,15
images/014A12.JPG,12
images/024A05.JPG,5
images/004A28.JPG,28
images/074A08.JPG,8
images/053A18.JPG,18
images/005A35.JPG,35
images/011A34.JPG,34
images/067A21.JPG,21
images/020A22.JPG,22
images/065A06b.JPG,6
images/024A10.JPG,10
images/002A04.JPG,4
images/079A00.JPG,0
images/027A18.JPG,18
images/001A43a.JPG,43
images/009A11.JPG,11
images/065A07b.JPG,7
images/050A03.JPG,3
images/040A03b.JPG,3
images/011A42.JPG,42
images/029A11.JPG,11
images/042A10.JPG,10
images/053A02.JPG,2
images/042A00.JPG,0
images/067A26.JPG,26
images/040A12.JPG,12
images/010A06.JPG,6
images/017A22.JPG,22
images/062A47.JPG,47
images/076A11.JPG,11
images/035A07.JPG,7
images/006A69.JPG,69
images/035A05.JPG,5
images/065A02b.JPG,2
images/024A17.JPG,17
images/055A04.JPG,4
images/043A04.JPG,4
images/029A16.JPG,16
images/011A13.JPG,13
images/050A00.JPG,0
images/047A20.JPG,20
images/005A48.JPG,48
images/073A12.JPG,12
images/023A25.JPG,25
images/016A03.JPG,3
images/024A19.JPG,19
images/002A29.JPG,29
images/074A00.JPG,0
images/049A12.JPG,12
images/010A15.JPG,15
images/018A25.JPG,25
images/073A14.JPG,14
images/072A07.JPG,7
images/030A17.JPG,17
images/076A14.JPG,14
images/080A00.JPG,0
images/023A09.JPG,9
images/014A22.JPG,22
images/052A13.JPG,13
images/053A06.JPG,6
images/036A20.JPG,20
images/050A06.JPG,6
images/010A04.JPG,4
images/030A23.JPG,23
images/020A36.JPG,36
images/072A17.JPG,17
images/058A10.JPG,10
images/077A14.JPG,14
images/080A07.JPG,7
images/078A10.JPG,10
images/062A30.JPG,30
images/010A16.JPG,16
images/036A08.JPG,8
images/011A27.JPG,27
images/009A09.JPG,9
images/080A08.JPG,8
images/064A01.JPG,1
images/045A06.JPG,6
images/036A11.JPG,11
images/042A05.JPG,5
images/008A08.JPG,8
images/018A36.JPG,36
images/008A18.JPG,18
images/014A40.JPG,40
images/008A13.JPG,13
images/011A40.JPG,40
images/002A21.JPG,21
images/032A18.JPG,18
images/070A06.JPG,6
images/001A29.JPG,29
images/052A18.JPG,18
images/002A36.JPG,36
images/009A05.JPG,5
images/080A12.JPG,12
images/070A00.JPG,0
images/059A14.JPG,14
images/036A17.JPG,17
images/027A16.JPG,16
images/043A10.JPG,10
images/008A16.JPG,16
images/036A19.JPG,19
images/077A06.JPG,6
images/049A17.JPG,17
images/045A03.JPG,3
images/047A33.JPG,33
images/049A16.JPG,16
images/065A13.JPG,13
images/061A30.JPG,30
images/009A03.JPG,3
images/074A06.JPG,6
images/029A04.JPG,4
images/070A08.JPG,8
images/017A38.JPG,38
images/059A04.JPG,4
images/036A03.JPG,3
images/003A25.JPG,25
images/020A16.JPG,16
images/004A30.JPG,30
images/001A28.JPG,28
images/039A19.JPG,19
images/019A05.JPG,5
images/062A15.JPG,15
images/004A48.JPG,48
images/079A02.JPG,2
images/039A11.JPG,11
images/018A16.JPG,16
images/019A12.JPG,12
images/024A25.JPG,25
images/062A41.JPG,41
images/079A13.JPG,13
images/078A14.JPG,14
images/064A15.JPG,15
images/001A22.JPG,22
images/043A05.JPG,5
images/017A15.JPG,15
images/059A03.JPG,3
images/024A07.JPG,7
images/040A06.JPG,6
images/076A17.JPG,17
images/032A28.JPG,28
images/052A07.JPG,7
images/061A04.JPG,4
images/067A30.JPG,30
images/030A10.JPG,10
images/078A09.JPG,9
images/076A04.JPG,4
images/070A12.JPG,12
images/010A01.JPG,1
images/027A13.JPG,13
images/065A11.JPG,11
images/039A16.JPG,16
images/072A45.JPG,45
images/016A18.JPG,18
images/055A06.JPG,6
images/073A16.JPG,16
images/018A18.JPG,18
images/030A05.JPG,5
images/077A02.JPG,2
images/074A15.JPG,15
images/001A14.JPG,14
images/072A25.JPG,25
images/078A05.JPG,5
images/035A21.JPG,21
images/004A21.JPG,21
images/018A28.JPG,28
images/070A14.JPG,14
images/076A07.JPG,7
images/002A16.JPG,16
images/040A03a.JPG,3
images/035A16.JPG,16
images/004A37.JPG,37
images/058A05.JPG,5
images/032A15.JPG,15
images/080A01.JPG,1
images/055A08.JPG,8
images/008A35.JPG,35
images/023A22.JPG,22
images/014A03.JPG,3
images/074A05.JPG,5
images/002A12.JPG,12
images/076A13.JPG,13
images/042A20.JPG,20
images/079A09.JPG,9
images/022A30.JPG,30
images/058A00.JPG,0
images/017A42.JPG,42
images/004A62.JPG,62
images/022A11.JPG,11
images/049A07.JPG,7
images/039A35.JPG,35
images/055A05.JPG,5
images/064A04.JPG,4
images/072A21.JPG,21
images/023A16.JPG,16
images/020A20.JPG,20
images/076A16.JPG,16
images/067A39.JPG,39
images/045A18.JPG,18
images/055A23.JPG,23
images/043A00.JPG,0
images/035A03.JPG,3
images/003A49.JPG,49
images/035A12.JPG,12
images/042A04.JPG,4
images/032A06.JPG,6
images/073A04.JPG,4
images/078A11.JPG,11
images/079A11.JPG,11
images/003A20.JPG,20
images/007A39.JPG,39
images/067A04.JPG,4
images/023A18.JPG,18
images/064A03.JPG,3
images/036A00.JPG,0
images/039A17.JPG,17
images/009A16a.JPG,16
images/043A15.JPG,15
images/018A06.JPG,6
images/016A19.JPG,19
images/062A53.JPG,53
images/017A07.JPG,7
images/018A33.JPG,33
images/010A07a.JPG,7
images/011A30.JPG,30
images/014A36.JPG,36
images/070A01.JPG,1
images/043A13.JPG,13
images/061A07.JPG,7
images/001A16.JPG,16
images/027A36.JPG,36
images/004A26.JPG,26
images/039A05.JPG,5
images/022A26.JPG,26
images/019A15.JPG,15
images/027A11.JPG,11
images/016A01.JPG,1
images/049A04.JPG,4
images/058A01.JPG,1
images/003A18.JPG,18
images/074A14.JPG,14
images/073A02.JPG,2
images/019A30.JPG,30
images/040A21.JPG,21
images/016A10.JPG,10
images/042A14.JPG,14
images/076A06.JPG,6
images/042A28.JPG,28
images/079A10.JPG,10
images/010A05.JPG,5
images/003A60.JPG,60
images/011A11.JPG,11
images/003A58.JPG,58
images/022A27.JPG,27
images/061A17.JPG,17
images/040A07.JPG,7
images/039A52.JPG,52
images/067A23.JPG,23
images/001A33.JPG,33
images/074A04.JPG,4
images/007A26.JPG,26
images/077A11.JPG,11
images/047A23.JPG,23
images/042A01.JPG,1
images/009A01.JPG,1
images/004A40.JPG,40
images/074A11.JPG,11
images/052A17.JPG,17
images/067A17.JPG,17
images/020A30.JPG,30
images/016A17.JPG,17
images/009A18.JPG,18
images/005A24.JPG,24
images/006A24.JPG,24
images/079A12.JPG,12
images/050A18.JPG,18
images/047A05.JPG,5
images/076A03.JPG,3
images/002A26.JPG,26
images/020A18.JPG,18
images/002A03.JPG,3
images/036A18.JPG,18
images/070A07.JPG,7
images/077A13.JPG,13
images/074A13.JPG,13
images/020A24.JPG,24
images/036A15.JPG,15
images/008A41.JPG,41
images/009A22b.JPG,22
images/011A20.JPG,20
images/001A08.JPG,8
images/017A32.JPG,32
images/061A25.JPG,25
images/008A21.JPG,21
images/029A29.JPG,29
images/006A46.JPG,46
images/079A06.JPG,6
images/078A02.JPG,2
images/027A22.JPG,22
images/045A25.JPG,25
images/045A48.JPG,48
images/070A02.JPG,2
images/078A12.JPG,12
images/024A23.JPG,23
images/019A27.JPG,27
images/070A09.JPG,9
images/076A15.JPG,15
images/032A24.JPG,24
images/045A43.JPG,43
images/045A40.JPG,40
images/065A08.JPG,8
images/029A33.JPG,33
images/009A13.JPG,13
images/029A13.JPG,13
images/032A10.JPG,10
images/045A28.JPG,28
images/002A23.JPG,23
images/005A40.JPG,40
images/007A23.JPG,23
images/062A35.JPG,35
images/022A07.JPG,7
images/008A30.JPG,30
images/006A36.JPG,36
images/053A12.JPG,12
images/061A19.JPG,19
images/050A14.JPG,14
images/072A19.JPG,19
images/018A22.JPG,22
images/008A12.JPG,12
images/002A20.JPG,20
images/039A45.JPG,45
images/039A02.JPG,2
images/019A18.JPG,18
images/065A09.JPG,9
images/061A18.JPG,18
images/017A36.JPG,36
images/032A40.JPG,40
images/052A02.JPG,2
images/065A03b.JPG,3
images/006A31.JPG,31
images/047A09.JPG,9
images/073A13.JPG,13
images/059A02b.JPG,2
images/053A08.JPG,8
images/016A05.JPG,5
images/076A01.JPG,1
images/039A15.JPG,15
images/061A26.JPG,26
images/061A29.JPG,29
images/073A01.JPG,1
images/040A14.JPG,14
images/002A15.JPG,15
images/078A00.JPG,0
images/035A14.JPG,14
images/003A23.JPG,23
images/043A03.JPG,3
images/072A34.JPG,34
images/029A31.JPG,31
images/005A31.JPG,31
images/074A09.JPG,9
images/076A00.JPG,0
images/045A32.JPG,32
images/035A18.JPG,18
images/014A16.JPG,16
images/042A06.JPG,6
images/058A02.JPG,2
images/074A10.JPG,10
images/061A32.JPG,32
images/029A10.JPG,10
images/027A41.JPG,41
images/008A31.JPG,31
images/076A02.JPG,2
images/019A00.JPG,0
images/045A12.JPG,12
images/009A00.JPG,0
images/017A26.JPG,26
images/002A07.JPG,7
images/020A13.JPG,13
images/072A41.JPG,41
images/010A07b.JPG,7
images/052A04.JPG,4
images/042A12.JPG,12
images/022A00.JPG,0
images/079A05.JPG,5
images/009A14.JPG,14
images/007A38.JPG,38
images/016A12.JPG,12
images/062A16.JPG,16
images/042A18.JPG,18
images/016A16.JPG,16
images/061A10.JPG,10
images/043A17.JPG,17
images/073A05.JPG,5
images/047A55.JPG,55
images/042A08.JPG,8
images/024A28.JPG,28
images/010A09.JPG,9
images/027A30.JPG,30
images/029A23.JPG,23
images/002A31.JPG,31
images/077A09.JPG,9
images/077A03.JPG,3
images/008A33.JPG,33
images/073A11.JPG,11
images/003A61.JPG,61
images/001A43b.JPG,43
images/001A18.JPG,18
images/065A06a.JPG,6
images/011A15.JPG,15
images/070A03.JPG,3
images/010A10.JPG,10
images/022A18.JPG,18
images/009A22a.JPG,22
images/064A10.JPG,10
images/078A15.JPG,15
images/003A51.JPG,51
images/039A50.JPG,50
images/019A23.JPG,23
images/079A04.JPG,4
images/022A25.JPG,25
images/018A29.JPG,29
images/006A51.JPG,51
images/074A01.JPG,1
images/002A05.JPG,5
images/032A33.JPG,33
images/011A17.JPG,17
images/032A35.JPG,35
images/072A29.JPG,29
images/080A02.JPG,2
images/073A07.JPG,7
images/003A47.JPG,47
images/001A05.JPG,5
images/020A08.JPG,8
images/020A26.JPG,26
images/077A15.JPG,15
images/062A38.JPG,38
images/006A61.JPG,61
images/023A05.JPG,5
images/052A19.JPG,19
images/059A12.JPG,12
images/017A29.JPG,29
images/049A06.JPG,6
images/077A01.JPG,1
images/017A19.JPG,19
images/004A63.JPG,63
images/059A02a.JPG,2
images/007A37.JPG,37
images/035A23b.JPG,23
images/080A13.JPG,13
images/027A25.JPG,25
images/050A16.JPG,16
images/073A15.JPG,15
images/007A22.JPG,22
images/050A22.JPG,22
images/017A05.JPG,5
images/005A18.JPG,18
images/042A24.JPG,24
images/010A18.JPG,18
images/062A45.JPG,45
images/039A10.JPG,10
images/001A02.JPG,2
images/004A53.JPG,53
images/040A00.JPG,0
images/005A49.JPG,49
images/036A05.JPG,5
images/016A07.JPG,7
images/036A13.JPG,13
images/024A00.JPG,0
images/029A20.JPG,20
images/043A27.JPG,27
images/078A04.JPG,4
images/079A08.JPG,8
images/016A08.JPG,8
images/030A20.JPG,20
images/036A01.JPG,1
images/002A38.JPG,38
images/053A04.JPG,4
images/003A35.JPG,35
images/045A19.JPG,19
images/077A10.JPG,10
images/073A06.JPG,6
images/039A13.JPG,13
images/040A02.JPG,2
images/005A61.JPG,61
images/008A03.JPG,3
images/014A30.JPG,30
images/040A19.JPG,19
images/007A45.JPG,45
images/078A03.JPG,3
images/065A10.JPG,10
images/076A12.JPG,12
images/005A52.JPG,52
images/014A18.JPG,18
images/049A15.JPG,15
images/053A15.JPG,15
images/073A00.JPG,0
images/035A00.JPG,0
images/035A23a.JPG,23
images/007A01.JPG,1
images/072A11.JPG,11
images/040A09.JPG,9
images/020A04.JPG,4
images/080A09.JPG,9
images/009A16b.JPG,16
images/006A55.JPG,55
images/029A22.JPG,22
images/055A14.JPG,14
images/032A08.JPG,8
images/032A20.JPG,20
images/061A15.JPG,15
images/059A07.JPG,7
images/020A02.JPG,2
images/074A02.JPG,2
images/035A09.JPG,9
images/004A19.JPG,19
images/073A08.JPG,8
images/059A06.JPG,6
images/023A29.JPG,29
images/080A05.JPG,5
images/040A16.JPG,16
images/008A29.JPG,29
images/058A03.JPG,3
images/014A14.JPG,14
images/030A00.JPG,0
images/001A19.JPG,19
images/076A05.JPG,5
images/067A33.JPG,33
images/006A40.JPG,40
images/076A08.JPG,8
images/043A23.JPG,23
images/047A06.JPG,6
images/004A51.JPG,51
images/008A17.JPG,17
images/024A18.JPG,18
images/011A05.JPG,5
images/022A23.JPG,23
images/058A17.JPG,17
images/058A13.JPG,13
images/040A05.JPG,5
images/077A08.JPG,8
images/079A03.JPG,3
images/047A27.JPG,27
images/022A20.JPG,20
images/078A06.JPG,6
images/080A10.JPG,10
images/076A10.JPG,10
images/053A13.JPG,13
images/070A05.JPG,5
images/008A06.JPG,6
images/022A14.JPG,14
images/030A04.JPG,4
images/022A28.JPG,28
images/016A04.JPG,4
images/027A20.JPG,20
images/052A14.JPG,14
images/023A07.JPG,7
images/029A05.JPG,5
images/032A13.JPG,13
images/029A01.JPG,1
images/062A54.JPG,54
images/077A12.JPG,12
images/067A28.JPG,28
images/058A06.JPG,6
images/014A42.JPG,42
images/077A07.JPG,7
images/047A45.JPG,45
images/017A12.JPG,12
images/049A08.JPG,8
images/061A06.JPG,6
images/074A03.JPG,3
images/023A14.JPG,14
images/053A01.JPG,1
images/017A17.JPG,17
images/023A00.JPG,0
images/072A14.JPG,14
images/040A10.JPG,10
images/053A00.JPG,0
images/072A27.JPG,27
images/010A12.JPG,12
images/078A13.JPG,13
images/072A13.JPG,13
images/024A30.JPG,30
images/007A18.JPG,18
images/052A20.JPG,20
images/006A67.JPG,67
images/020A11.JPG,11
images/022A16.JPG,16
images/080A04.JPG,4
images/080A06.JPG,6
images/053A03.JPG,3
images/001A40.JPG,40
images/030A07.JPG,7
images/047A18.JPG,18
images/078A08.JPG,8
images/047A13.JPG,13
images/018A34.JPG,34
images/039A07.JPG,7
images/005A30.JPG,30
images/001A10.JPG,10
images/035A01.JPG,1
images/058A04.JPG,4
images/055A22.JPG,22
images/003A38.JPG,38
images/052A10.JPG,10
images/011A07.JPG,7
images/011A02.JPG,2
images/055A12.JPG,12
images/059A16.JPG,16
images/006A28.JPG,28
images/045A17.JPG,17
images/062A03.JPG,3
images/076A09.JPG,9
images/023A21.JPG,21
images/073A09.JPG,9
images/027A02.JPG,2
images/030A26.JPG,26
images/018A11.JPG,11
images/030A16.JPG,16
images/019A07.JPG,7
images/045A08.JPG,8
images/065A03a.JPG,3
images/058A15.JPG,15
images/002A18.JPG,18
images/011A14.JPG,14
images/065A12.JPG,12
images/019A03.JPG,3
images/053A10.JPG,10
images/080A14.JPG,14
images/079A01.JPG,1
images/078A07.JPG,7
images/064A19.JPG,19
images/043A19.JPG,19
images/035A08.JPG,8
images/074A12.JPG,12
images/072A02.JPG,2
images/016A14.JPG,14
images/074A07.JPG,7
images/005A45.JPG,45
images/049A05.JPG,5
images/053A11.JPG,11
images/050A10.JPG,10
images/065A07a.JPG,7
images/036A06.JPG,6
images/052A16.JPG,16
images/023A03.JPG,3
images/062A18.JPG,18
images/067A14.JPG,14
images/079A07.JPG,7
images/047A11.JPG,11
images/030A18.JPG,18
images/073A03.JPG,3
