images/028A35.JPG,35
images/014A03.JPG,3
images/021A11.JPG,11
images/003A38.JPG,38
images/074A15.JPG,15
images/006A55.JPG,55
images/002A12.JPG,12
images/060A17.JPG,17
images/040A21.JPG,21
images/046A12.JPG,12
images/039A19.JPG,19
images/009A05.JPG,5
images/062A47.JPG,47
images/008A33.JPG,33
images/071A22.JPG,22
images/067A21.JPG,21
images/072A02.JPG,2
images/032A08.JPG,8
images/012A30.JPG,30
images/060A12.JPG,12
images/072A13.JPG,13
images/047A12.JPG,12
images/008A41.JPG,41
images/073A04.JPG,4
images/016A04.JPG,4
images/045A17.JPG,17
images/028A41.JPG,41
images/064A15.JPG,15
images/067A14.JPG,14
images/055A06.JPG,6
images/066A03.JPG,3
images/018A36.JPG,36
images/056A06.JPG,6
images/081A04.JPG,4
images/015A00.JPG,0
images/072A14.JPG,14
images/082A18.JPG,18
images/045A19.JPG,19
images/002A38.JPG,38
images/054A17.JPG,17
images/036A19.JPG,19
images/063A02.JPG,2
images/001A16.JPG,16
images/041A21.JPG,21
images/078A00.JPG,0
images/065A06b.JPG,6
images/015A03.JPG,3
images/049A05.JPG,5
images/025A18.JPG,18
images/025A12.JPG,12
images/072A17.JPG,17
images/063A18.JPG,18
images/054A04.JPG,4
images/047A06.JPG,6
images/014A18.JPG,18
images/040A05.JPG,5
images/021A16.JPG,16
images/081A12.JPG,12
images/080A05.JPG,5
images/006A69.JPG,69
images/045A03.JPG,3
images/073A06.JPG,6
images/065A04.JPG,4
images/020A18.JPG,18
images/030A18.JPG,18
images/004A63.JPG,63
images/020A36.JPG,36
images/044A07.JPG,7
images/016A08.JPG,8
images/076A08.JPG,8
images/071A45.JPG,45
images/044A15.JPG,15
images/074A14.JPG,14
images/076A09.JPG,9
images/041A02.JPG,2
images/051A05.JPG,5
images/004A37.JPG,37
images/049A16.JPG,16
images/030A20.JPG,20
images/009A01.JPG,1
images/036A11.JPG,11
images/082A25.JPG,25
images/081A01.JPG,1
images/013A21.JPG,21
images/080A02.JPG,2
images/051A15.JPG,15
images/002A07.JPG,7
images/019A30.JPG,30
images/027A02.JPG,2
images/019A23.JPG,23
images/078A07.JPG,7
images/009A11.JPG,11
images/036A05.JPG,5
images/073A07.JPG,7
images/072A25.JPG,25
images/072A19.JPG,19
images/012A07.JPG,7
images/046A16.JPG,16
images/012A18.JPG,18
images/054A11.JPG,11
images/055A08.JPG,8
images/067A04.JPG,4
images/047A13.JPG,13
images/005A49.JPG,49
images/051A18.JPG,18
images/055A05.JPG,5
images/001A08.JPG,8
images/078A08.JPG,8
images/005A35.JPG,35
images/001A43a.JPG,43
images/002A04.JPG,4
images/080A14.JPG,14
images/062A41.JPG,41
images/008A30.JPG,30
images/021A27.JPG,27
images/036A13.JPG,13
images/078A10.JPG,10
images/020A26.JPG,26
images/070A07.JPG,7
images/073A15.JPG,15
images/041A13.JPG,13
images/019A18.JPG,18
images/080A06.JPG,6
images/062A15.JPG,15
images/028A16.JPG,16
images/051A08.JPG,8
images/080A10.JPG,10
images/081A10.JPG,10
images/045A18.JPG,18
images/030A10.JPG,10
images/025A28.JPG,28
images/063A22.JPG,22
images/047A11.JPG,11
images/027A18.JPG,18
images/066A10.JPG,10
images/065A07b.JPG,7
images/056A03.JPG,3
images/016A12.JPG,12
images/039A45.JPG,45
images/040A09.JPG,9
images/078A09.JPG,9
images/076A16.JPG,16
images/070A09.JPG,9
images/032A33.JPG,33
images/065A08.JPG,8
images/055A23.JPG,23
images/074A00.JPG,0
images/030A26.JPG,26
images/021A30.JPG,30
images/071A40.JPG,40
images/010A06.JPG,6
images/027A30.JPG,30
images/025A34.JPG,34
images/039A50.JPG,50
images/076A06.JPG,6
images/016A07.JPG,7
images/082A03.JPG,3
images/047A23.JPG,23
images/012A23.JPG,23
images/072A27.JPG,27
images/076A12.JPG,12
images/001A18.JPG,18
images/013A30.JPG,30
images/014A22.JPG,22
images/003A25.JPG,25
images/063A08.JPG,8
images/005A40.JPG,40
images/078A13.JPG,13
images/010A01.JPG,1
images/076A02.JPG,2
images/071A18.JPG,18
images/030A04.JPG,4
images/040A07.JPG,7
images/025A39.JPG,39
images/003A49.JPG,49
images/032A06.JPG,6
images/046A04.JPG,4
images/040A00.JPG,0
images/018A06.JPG,6
images/065A10.JPG,10
images/076A03.JPG,3
images/039A10.JPG,10
images/006A46.JPG,46
images/078A05.JPG,5
images/027A16.JPG,16
images/074A02.JPG,2
images/032A20.JPG,20
images/070A12.JPG,12
images/013A23.JPG,23
images/018A28.JPG,28
images/073A13.JPG,13
images/047A15.JPG,15
images/060A04.JPG,4
images/006A36.JPG,36
images/036A20.JPG,20
images/070A14.JPG,14
images/064A01.JPG,1
images/028A28.JPG,28
images/067A33.JPG,33
images/045A25.JPG,25
images/039A11.JPG,11
images/001A05.JPG,5
images/045A48.JPG,48
images/008A21.JPG,21
images/074A06.JPG,6
images/020A20.JPG,20
images/078A12.JPG,12
images/036A01.JPG,1
images/025A23.JPG,23
images/039A35.JPG,35
images/056A12.JPG,12
images/049A08.JPG,8
images/078A06.JPG,6
images/009A00.JPG,0
images/012A36.JPG,36
images/041A24.JPG,24
images/047A05.JPG,5
images/015A09.JPG,9
images/049A15.JPG,15
images/030A05.JPG,5
images/044A25.JPG,25
images/051A02.JPG,2
images/080A13.JPG,13
images/080A12.JPG,12
images/020A22.JPG,22
images/081A02.JPG,2
images/008A06.JPG,6
images/006A31.JPG,31
images/063A20.JPG,20
images/082A23.JPG,23
images/046A14.JPG,14
images/012A34.JPG,34
images/054A00.JPG,0
images/013A41.JPG,41
images/032A13.JPG,13
images/067A26.JPG,26
images/063A33.JPG,33
images/046A17.JPG,17
images/005A24.JPG,24
images/028A46.JPG,46
images/046A06.JPG,6
images/001A14.JPG,14
images/030A07.JPG,7
images/046A10.JPG,10
images/002A18.JPG,18
images/066A02b.JPG,2
images/009A18.JPG,18
images/062A45.JPG,45
images/060A19.JPG,19
images/065A02a.JPG,2
images/071A42.JPG,42
images/012A04.JPG,4
images/082A27.JPG,27
images/062A03.JPG,3
images/073A11.JPG,11
images/010A07b.JPG,7
images/047A18.JPG,18
images/065A02b.JPG,2
images/015A17.JPG,17
images/018A22.JPG,22
images/078A04.JPG,4
images/016A01.JPG,1
images/018A16.JPG,16
images/039A52.JPG,52
images/013A44.JPG,44
images/070A06.JPG,6
images/047A55.JPG,55
images/074A08.JPG,8
images/060A10.JPG,10
images/062A53.JPG,53
images/078A01.JPG,1
images/019A07.JPG,7
images/046A18.JPG,18
images/060A05.JPG,5
images/008A03.JPG,3
images/049A10.JPG,10
images/065A13.JPG,13
images/076A10.JPG,10
images/001A28.JPG,28
images/025A22.JPG,22
images/065A12.JPG,12
images/076A04.JPG,4
images/066A06a.JPG,6
images/005A30.JPG,30
images/021A05.JPG,5
images/078A11.JPG,11
images/001A19.JPG,19
images/004A26.JPG,26
images/009A16b.JPG,16
images/006A42.JPG,42
images/005A31.JPG,31
images/064A04.JPG,4
images/082A00.JPG,0
images/040A12.JPG,12
images/009A09.JPG,9
images/040A03b.JPG,3
images/021A06.JPG,6
images/004A30.JPG,30
images/021A23.JPG,23
images/071A00.JPG,0
images/074A05.JPG,5
images/020A11.JPG,11
images/060A07.JPG,7
images/074A10.JPG,10
images/056A01.JPG,1
images/054A10.JPG,10
images/008A08.JPG,8
images/045A43.JPG,43
images/072A07.JPG,7
images/012A25.JPG,25
images/062A54.JPG,54
images/074A03.JPG,3
images/056A04.JPG,4
images/060A11.JPG,11
images/072A34.JPG,34
images/009A22a.JPG,22
images/030A00.JPG,0
images/073A01.JPG,1
images/070A02.JPG,2
images/019A03.JPG,3
images/003A23.JPG,23
images/076A17.JPG,17
images/001A02.JPG,2
images/025A15.JPG,15
images/082A31.JPG,31
images/002A16.JPG,16
images/003A20.JPG,20
images/065A03b.JPG,3
images/027A25.JPG,25
images/046A00.JPG,0
images/027A13.JPG,13
images/051A00.JPG,0
images/012A24.JPG,24
images/014A42.JPG,42
images/041A09.JPG,9
images/010A12.JPG,12
images/032A10.JPG,10
images/009A13.JPG,13
images/046A02.JPG,2
images/054A18.JPG,18
images/071A24.JPG,24
images/078A03.JPG,3
images/005A18.JPG,18
images/082A16.JPG,16
images/020A16.JPG,16
images/060A02.JPG,2
images/040A14.JPG,14
images/080A08.JPG,8
images/003A61.JPG,61
images/004A19.JPG,19
images/070A00.JPG,0
images/025A03.JPG,3
images/067A39.JPG,39
images/025A19.JPG,19
images/027A11.JPG,11
images/073A12.JPG,12
images/028A20.JPG,20
images/054A16.JPG,16
images/036A06.JPG,6
images/001A29.JPG,29
images/036A08.JPG,8
images/036A17.JPG,17
images/032A24.JPG,24
images/039A17.JPG,17
images/006A40.JPG,40
images/004A53.JPG,53
images/071A44.JPG,44
images/054A02.JPG,2
images/073A00.JPG,0
images/074A04.JPG,4
images/002A36.JPG,36
images/082A21.JPG,21
images/006A28.JPG,28
images/013A08.JPG,8
images/014A36.JPG,36
images/016A19.JPG,19
images/076A15.JPG,15
images/015A04.JPG,4
images/074A12.JPG,12
images/049A17.JPG,17
images/073A16.JPG,16
images/081A08.JPG,8
images/003A60.JPG,60
images/010A09.JPG,9
images/001A43b.JPG,43
images/018A29.JPG,29
images/013A34.JPG,34
images/067A28.JPG,28
images/063A00.JPG,0
images/015A19.JPG,19
images/001A22.JPG,22
images/004A28.JPG,28
images/044A13.JPG,13
images/065A06a.JPG,6
images/025A00.JPG,0
images/012A32.JPG,32
images/056A02.JPG,2
images/004A21.JPG,21
images/027A20.JPG,20
images/074A09.JPG,9
images/081A11.JPG,11
images/010A05.JPG,5
images/001A33.JPG,33
images/046A20.JPG,20
images/066A08.JPG,8
images/054A06.JPG,6
images/004A40.JPG,40
images/060A08.JPG,8
images/006A61.JPG,61
images/002A03.JPG,3
images/067A23.JPG,23
images/020A13.JPG,13
images/064A03.JPG,3
images/016A18.JPG,18
images/073A09.JPG,9
images/076A13.JPG,13
images/013A00.JPG,0
images/002A31.JPG,31
images/065A03a.JPG,3
images/020A02.JPG,2
images/039A05.JPG,5
images/016A10.JPG,10
images/036A15.JPG,15
images/018A18.JPG,18
images/020A30.JPG,30
images/051A12.JPG,12
images/002A05.JPG,5
images/056A15.JPG,15
images/020A08.JPG,8
images/015A05.JPG,5
images/009A22b.JPG,22
images/062A38.JPG,38
images/039A16.JPG,16
images/016A16.JPG,16
images/073A14.JPG,14
images/005A61.JPG,61
images/001A40.JPG,40
images/025A07.JPG,7
images/071A10.JPG,10
images/002A23.JPG,23
images/008A18.JPG,18
images/004A48.JPG,48
images/051A16.JPG,16
images/080A09.JPG,9
images/041A06.JPG,6
images/010A18.JPG,18
images/015A10.JPG,10
images/003A35.JPG,35
images/013A19.JPG,19
images/030A16.JPG,16
images/044A17.JPG,17
images/045A06.JPG,6
images/003A47.JPG,47
images/040A03a.JPG,3
images/047A45.JPG,45
images/036A03.JPG,3
images/063A25.JPG,25
images/002A15.JPG,15
images/009A14.JPG,14
images/044A21.JPG,21
images/076A07.JPG,7
images/049A04.JPG,4
images/055A04.JPG,4
images/080A00.JPG,0
images/081A05.JPG,5
images/049A12.JPG,12
images/040A16.JPG,16
images/044A05.JPG,5
images/015A15.JPG,15
images/013A18.JPG,18
images/019A27.JPG,27
images/072A21.JPG,21
images/002A26.JPG,26
images/012A27.JPG,27
images/073A08.JPG,8
images/044A01.JPG,1
images/005A45.JPG,45
images/073A03.JPG,3
images/066A02a.JPG,2
images/010A16.JPG,16
images/060A20.JPG,20
images/072A29.JPG,29
images/041A04.JPG,4
images/070A05.JPG,5
images/014A14.JPG,14
images/032A40.JPG,40
images/028A37.JPG,37
images/047A27.JPG,27
images/015A12.JPG,12
images/001A10.JPG,10
images/055A14.JPG,14
images/055A22.JPG,22
images/076A05.JPG,5
images/014A16.JPG,16
images/008A35.JPG,35
images/074A13.JPG,13
images/003A51.JPG,51
images/072A11.JPG,11
images/016A05.JPG,5
images/051A24.JPG,24
images/045A32.JPG,32
images/028A34.JPG,34
images/062A18.JPG,18
images/012A14.JPG,14
images/041A20.JPG,20
images/030A17.JPG,17
images/082A20.JPG,20
images/010A15.JPG,15
images/028A18.JPG,18
images/044A03.JPG,3
images/014A12.JPG,12
images/005A52.JPG,52
images/081A07.JPG,7
images/073A05.JPG,5
images/046A08.JPG,8
images/071A27.JPG,27
images/002A29.JPG,29
images/067A30.JPG,30
images/080A04.JPG,4
images/010A07a.JPG,7
images/014A30.JPG,30
images/071A23.JPG,23
images/082A22.JPG,22
images/073A02.JPG,2
images/003A18.JPG,18
images/040A06.JPG,6
images/015A01.JPG,1
images/054A19.JPG,19
images/067A17.JPG,17
images/009A16a.JPG,16
images/054A09.JPG,9
images/032A15.JPG,15
images/074A01.JPG,1
images/008A13.JPG,13
images/006A24.JPG,24
images/044A18.JPG,18
images/046A01.JPG,1
images/019A00.JPG,0
images/016A17.JPG,17
images/066A07.JPG,7
images/045A40.JPG,40
images/020A24.JPG,24
images/045A28.JPG,28
images/012A12.JPG,12
images/018A33.JPG,33
images/020A04.JPG,4
images/051A14.JPG,14
images/027A41.JPG,41
images/062A16.JPG,16
images/081A03.JPG,3
images/055A12.JPG,12
images/066A11.JPG,11
images/021A18.JPG,18
images/008A29.JPG,29
images/066A06b.JPG,6
images/013A25.JPG,25
images/065A07a.JPG,7
images/078A15.JPG,15
images/039A13.JPG,13
images/006A67.JPG,67
images/049A06.JPG,6
images/004A62.JPG,62
images/019A15.JPG,15
images/010A10.JPG,10
images/080A01.JPG,1
images/015A07.JPG,7
images/074A07.JPG,7
images/071A43.JPG,43
images/074A11.JPG,11
images/072A41.JPG,41
images/003A58.JPG,58
images/066A04.JPG,4
images/064A19.JPG,19
images/040A19.JPG,19
images/080A07.JPG,7
images/065A11.JPG,11
images/019A12.JPG,12
images/054A13.JPG,13
images/039A02.JPG,2
images/005A48.JPG,48
images/060A06.JPG,6
images/081A06.JPG,6
images/070A08.JPG,8
images/078A14.JPG,14
images/049A07.JPG,7
images/027A22.JPG,22
images/018A25.JPG,25
images/008A12.JPG,12
images/066A09.JPG,9
images/019A05.JPG,5
images/027A36.JPG,36
images/014A40.JPG,40
images/066A00.JPG,0
images/021A39.JPG,39
images/072A45.JPG,45
images/063A04.JPG,4
images/018A11.JPG,11
images/047A09.JPG,9
images/070A01.JPG,1
images/062A35.JPG,35
images/021A20.JPG,20
images/078A02.JPG,2
images/030A23.JPG,23
images/008A31.JPG,31
images/032A18.JPG,18
images/056A10.JPG,10
images/021A35.JPG,35
images/036A18.JPG,18
images/040A10.JPG,10
images/054A12.JPG,12
images/047A33.JPG,33
images/008A17.JPG,17
images/081A00.JPG,0
images/010A04.JPG,4
images/062A30.JPG,30
images/047A20.JPG,20
images/041A00.JPG,0
images/039A07.JPG,7
images/064A10.JPG,10
images/015A14.JPG,14
images/002A20.JPG,20
images/080A03.JPG,3
images/012A26.JPG,26
images/063A09.JPG,9
images/070A03.JPG,3
images/002A21.JPG,21
images/018A34.JPG,34
images/013A16.JPG,16
images/071A35.JPG,35
images/065A09.JPG,9
images/028A26.JPG,26
images/021A03.JPG,3
images/045A12.JPG,12
images/006A51.JPG,51
images/004A51.JPG,51
images/040A02.JPG,2
images/051A17.JPG,17
images/076A14.JPG,14
images/045A08.JPG,8
images/076A00.JPG,0
images/041A19.JPG,19
images/028A14.JPG,14
images/012A21.JPG,21
images/009A03.JPG,3
images/016A14.JPG,14
images/032A28.JPG,28
images/008A16.JPG,16
images/076A01.JPG,1
images/076A11.JPG,11
images/032A35.JPG,35
images/036A00.JPG,0
images/039A15.JPG,15
images/016A03.JPG,3
