images/032A20.JPG,20
images/030A17.JPG,17
images/011A15.JPG,15
images/052A19.JPG,19
images/050A16.JPG,16
images/006A67.JPG,67
images/002A05.JPG,5
images/055A08.JPG,8
images/080A02.JPG,2
images/069A07.JPG,7
images/022A23.JPG,23
images/028A41.JPG,41
images/026A02.JPG,2
images/042A06.JPG,6
images/045A43.JPG,43
images/075A11.JPG,11
images/081A06.JPG,6
images/029A20.JPG,20
images/010A18.JPG,18
images/054A12.JPG,12
images/030A00.JPG,0
images/047A27.JPG,27
images/040A06.JPG,6
images/042A01.JPG,1
images/078A08.JPG,8
images/061A26.JPG,26
images/067A23.JPG,23
images/077A00.JPG,0
images/026A00.JPG,0
images/029A31.JPG,31
images/030A23.JPG,23
images/065A03b.JPG,3
images/021A11.JPG,11
images/012A04.JPG,4
images/061A19.JPG,19
images/003A51.JPG,51
images/029A05.JPG,5
images/052A17.JPG,17
images/055A14.JPG,14
images/050A18.JPG,18
images/050A22.JPG,22
images/034A15.JPG,15
images/040A19.JPG,19
images/031A06.JPG,6
images/047A09.JPG,9
images/033A18.JPG,18
images/033A25.JPG,25
images/015A07.JPG,7
images/045A08.JPG,8
images/002A21.JPG,21
images/066A02b.JPG,2
images/010A10.JPG,10
images/034A13.JPG,13
images/040A00.JPG,0
images/036A20.JPG,20
images/033A30.JPG,30
images/080A10.JPG,10
images/056A06.JPG,6
images/078A09.JPG,9
images/079A04.JPG,4
images/037A09.JPG,9
images/024A28.JPG,28
images/007A38.JPG,38
images/081A03.JPG,3
images/063A25.JPG,25
images/069A04.JPG,4
images/066A08.JPG,8
images/047A20.JPG,20
images/010A15.JPG,15
images/049A05.JPG,5
images/011A42.JPG,42
images/067A17.JPG,17
images/081A04.JPG,4
images/031A19.JPG,19
images/021A30.JPG,30
images/035A16.JPG,16
images/055A23.JPG,23
images/052A13.JPG,13
images/042A28.JPG,28
images/015A09.JPG,9
images/077A11.JPG,11
images/035A23b.JPG,23
images/063A33.JPG,33
images/079A13.JPG,13
images/057A18.JPG,18
images/003A58.JPG,58
images/031A15.JPG,15
images/047A15.JPG,15
images/047A05.JPG,5
images/040A12.JPG,12
images/021A05.JPG,5
images/043A05.JPG,5
images/081A11.JPG,11
images/060A08.JPG,8
images/011A07.JPG,7
images/068A13.JPG,13
images/061A15.JPG,15
images/029A23.JPG,23
images/075A03.JPG,3
images/004A28.JPG,28
images/006A42.JPG,42
images/061A25.JPG,25
images/026A11.JPG,11
images/054A02.JPG,2
images/026A18.JPG,18
images/079A07.JPG,7
images/018A28.JPG,28
images/018A06.JPG,6
images/040A03a.JPG,3
images/065A06b.JPG,6
images/035A01.JPG,1
images/068A14.JPG,14
images/002A18.JPG,18
images/078A10.JPG,10
images/074A15.JPG,15
images/068A03.JPG,3
images/045A18.JPG,18
images/028A46.JPG,46
images/022A30.JPG,30
images/005A24.JPG,24
images/018A18.JPG,18
images/029A13.JPG,13
images/002A12.JPG,12
images/049A06.JPG,6
images/011A27.JPG,27
images/080A09.JPG,9
images/029A10.JPG,10
images/040A09.JPG,9
images/037A04.JPG,4
images/054A10.JPG,10
images/077A14.JPG,14
images/065A04.JPG,4
images/012A25.JPG,25
images/045A40.JPG,40
images/055A05.JPG,5
images/024A05.JPG,5
images/054A09.JPG,9
images/079A01.JPG,1
images/078A11.JPG,11
images/007A18.JPG,18
images/015A01.JPG,1
images/024A23.JPG,23
images/057A00.JPG,0
images/075A08.JPG,8
images/007A39.JPG,39
images/037A01.JPG,1
images/067A30.JPG,30
images/074A11.JPG,11
images/002A38.JPG,38
images/010A07b.JPG,7
images/006A46.JPG,46
images/037A02.JPG,2
images/015A14.JPG,14
images/032A10.JPG,10
images/065A10.JPG,10
images/052A18.JPG,18
images/055A22.JPG,22
images/040A14.JPG,14
images/034A39.JPG,39
images/036A11.JPG,11
images/036A05.JPG,5
images/074A00.JPG,0
images/002A04.JPG,4
images/021A20.JPG,20
images/081A08.JPG,8
images/012A18.JPG,18
images/078A07.JPG,7
images/056A15.JPG,15
images/004A26.JPG,26
images/032A35.JPG,35
images/078A05.JPG,5
images/012A23.JPG,23
images/028A20.JPG,20
images/003A35.JPG,35
images/066A03.JPG,3
images/069A03.JPG,3
images/065A06a.JPG,6
images/047A18.JPG,18
images/077A09.JPG,9
images/021A18.JPG,18
images/015A15.JPG,15
images/031A04.JPG,4
images/052A10.JPG,10
images/042A08.JPG,8
images/079A00.JPG,0
images/041A13.JPG,13
images/055A04.JPG,4
images/012A14.JPG,14
images/011A02.JPG,2
images/074A10.JPG,10
images/069A00.JPG,0
images/002A07.JPG,7
images/061A10.JPG,10
images/032A18.JPG,18
images/006A28.JPG,28
images/067A14.JPG,14
images/034A16.JPG,16
images/015A17.JPG,17
images/003A23.JPG,23
images/075A05.JPG,5
images/050A06.JPG,6
images/067A26.JPG,26
images/057A06.JPG,6
images/022A25.JPG,25
images/077A08.JPG,8
images/042A05.JPG,5
images/034A30.JPG,30
images/015A05.JPG,5
images/034A44.JPG,44
images/079A03.JPG,3
images/028A37.JPG,37
images/043A17.JPG,17
images/012A26.JPG,26
images/040A21.JPG,21
images/018A33.JPG,33
images/068A04.JPG,4
images/018A36.JPG,36
images/069A02.JPG,2
images/042A24.JPG,24
images/036A17.JPG,17
images/052A20.JPG,20
images/049A08.JPG,8
images/045A17.JPG,17
images/061A07.JPG,7
images/067A28.JPG,28
images/037A17.JPG,17
images/069A06.JPG,6
images/055A06.JPG,6
images/068A00.JPG,0
images/080A01.JPG,1
images/047A11.JPG,11
images/021A35.JPG,35
images/028A26.JPG,26
images/006A31.JPG,31
images/018A25.JPG,25
images/007A22.JPG,22
images/081A05.JPG,5
images/031A00.JPG,0
images/080A08.JPG,8
images/049A17.JPG,17
images/042A20.JPG,20
images/036A01.JPG,1
images/066A07.JPG,7
images/040A07.JPG,7
images/049A07.JPG,7
images/063A08.JPG,8
images/037A13.JPG,13
images/035A00.JPG,0
images/015A12.JPG,12
images/005A45.JPG,45
images/022A20.JPG,20
images/074A13.JPG,13
images/065A08.JPG,8
images/065A12.JPG,12
images/043A19.JPG,19
images/056A03.JPG,3
images/045A12.JPG,12
images/057A17.JPG,17
images/030A20.JPG,20
images/068A09.JPG,9
images/077A04.JPG,4
images/012A36.JPG,36
images/028A16.JPG,16
images/035A05.JPG,5
images/024A10.JPG,10
images/010A16.JPG,16
images/075A07.JPG,7
images/074A14.JPG,14
images/068A10b.JPG,10
images/006A69.JPG,69
images/003A49.JPG,49
images/068A10a.JPG,10
images/032A28.JPG,28
images/026A17.JPG,17
images/003A61.JPG,61
images/052A07.JPG,7
images/004A63.JPG,63
images/026A13.JPG,13
images/010A05.JPG,5
images/010A04.JPG,4
images/021A23.JPG,23
images/045A06.JPG,6
images/030A10.JPG,10
images/012A07.JPG,7
images/042A10.JPG,10
images/006A24.JPG,24
images/003A25.JPG,25
images/078A04.JPG,4
images/061A04.JPG,4
images/040A03b.JPG,3
images/035A12.JPG,12
images/078A02.JPG,2
images/054A00.JPG,0
images/074A08.JPG,8
images/010A09.JPG,9
images/006A40.JPG,40
images/002A31.JPG,31
images/057A07.JPG,7
images/029A11.JPG,11
images/012A32.JPG,32
images/067A04.JPG,4
images/056A10.JPG,10
images/028A28.JPG,28
images/075A06.JPG,6
images/077A02.JPG,2
images/040A16.JPG,16
images/007A23.JPG,23
images/041A20.JPG,20
images/049A10.JPG,10
images/054A16.JPG,16
images/078A13.JPG,13
images/054A13.JPG,13
images/054A18.JPG,18
images/004A62.JPG,62
images/034A11.JPG,11
images/077A15.JPG,15
images/065A02a.JPG,2
images/057A05.JPG,5
images/049A15.JPG,15
images/045A48.JPG,48
images/065A02b.JPG,2
images/080A07.JPG,7
images/011A11.JPG,11
images/061A30.JPG,30
images/080A12.JPG,12
images/078A06.JPG,6
images/047A23.JPG,23
images/065A11.JPG,11
images/024A18.JPG,18
images/011A17.JPG,17
images/035A07.JPG,7
images/080A05.JPG,5
images/021A39.JPG,39
images/042A00.JPG,0
images/054A19.JPG,19
images/022A00.JPG,0
images/024A17.JPG,17
images/063A22.JPG,22
images/060A20.JPG,20
images/055A12.JPG,12
images/081A02.JPG,2
images/003A38.JPG,38
images/005A40.JPG,40
images/032A24.JPG,24
images/037A18.JPG,18
images/011A40.JPG,40
images/036A13.JPG,13
images/034A04.JPG,4
images/066A09.JPG,9
images/056A02.JPG,2
images/045A03.JPG,3
images/004A40.JPG,40
images/031A03.JPG,3
images/037A00.JPG,0
images/031A16.JPG,16
images/032A33.JPG,33
images/030A16.JPG,16
images/077A01.JPG,1
images/060A19.JPG,19
images/004A30.JPG,30
images/006A51.JPG,51
images/034A18.JPG,18
images/003A47.JPG,47
images/028A35.JPG,35
images/069A05.JPG,5
images/063A04.JPG,4
images/035A21.JPG,21
images/079A11.JPG,11
images/035A03.JPG,3
images/033A10.JPG,10
images/024A25.JPG,25
images/030A26.JPG,26
images/033A05.JPG,5
images/069A09.JPG,9
images/057A16.JPG,16
images/043A15.JPG,15
images/079A10.JPG,10
images/005A35.JPG,35
images/002A29.JPG,29
images/018A22.JPG,22
images/004A53.JPG,53
images/003A60.JPG,60
images/052A02.JPG,2
images/022A07.JPG,7
images/031A11.JPG,11
images/007A37.JPG,37
images/037A11.JPG,11
images/035A09.JPG,9
images/042A04.JPG,4
images/015A04.JPG,4
images/050A14.JPG,14
images/005A30.JPG,30
images/041A00.JPG,0
images/081A07.JPG,7
images/005A52.JPG,52
images/012A12.JPG,12
images/037A06.JPG,6
images/045A25.JPG,25
images/050A00.JPG,0
images/029A16.JPG,16
images/033A39.JPG,39
images/079A12.JPG,12
images/024A07.JPG,7
images/061A17.JPG,17
images/022A28.JPG,28
images/011A34.JPG,34
images/018A11.JPG,11
images/010A06.JPG,6
images/063A09.JPG,9
images/010A01.JPG,1
images/007A26.JPG,26
images/049A16.JPG,16
images/040A10.JPG,10
images/054A11.JPG,11
images/054A04.JPG,4
images/005A48.JPG,48
images/066A06b.JPG,6
images/040A02.JPG,2
images/080A03.JPG,3
images/011A14.JPG,14
images/004A51.JPG,51
images/007A45.JPG,45
images/069A13.JPG,13
images/081A01.JPG,1
images/036A06.JPG,6
images/077A16.JPG,16
images/060A12.JPG,12
images/068A11.JPG,11
images/077A03.JPG,3
images/034A35.JPG,35
images/067A39.JPG,39
images/063A00.JPG,0
images/011A30.JPG,30
images/043A03.JPG,3
images/060A11.JPG,11
images/002A36.JPG,36
images/077A07.JPG,7
images/002A15.JPG,15
images/060A06.JPG,6
images/018A29.JPG,29
images/004A48.JPG,48
images/052A16.JPG,16
images/056A12.JPG,12
images/021A27.JPG,27
images/031A07.JPG,7
images/057A12.JPG,12
images/026A15.JPG,15
images/006A55.JPG,55
images/078A00.JPG,0
images/007A01.JPG,1
images/077A13.JPG,13
images/033A02.JPG,2
images/035A18.JPG,18
images/032A06.JPG,6
images/060A17.JPG,17
images/052A04.JPG,4
images/011A13.JPG,13
images/078A14.JPG,14
images/033A44.JPG,44
images/036A00.JPG,0
images/012A24.JPG,24
images/075A00.JPG,0
images/022A18.JPG,18
images/004A21.JPG,21
images/061A29.JPG,29
images/060A05.JPG,5
images/081A00.JPG,0
images/047A12.JPG,12
images/045A32.JPG,32
images/074A01.JPG,1
images/077A10.JPG,10
images/079A06.JPG,6
images/050A10.JPG,10
images/005A31.JPG,31
images/005A49.JPG,49
images/041A24.JPG,24
images/022A14.JPG,14
images/061A18.JPG,18
images/066A10.JPG,10
images/080A13.JPG,13
images/067A33.JPG,33
images/034A25.JPG,25
images/030A07.JPG,7
images/012A34.JPG,34
images/063A20.JPG,20
images/065A07a.JPG,7
images/026A07.JPG,7
images/054A06.JPG,6
images/060A02.JPG,2
images/010A07a.JPG,7
images/030A05.JPG,5
images/021A06.JPG,6
images/069A10.JPG,10
images/022A11.JPG,11
images/040A05.JPG,5
images/003A18.JPG,18
images/032A13.JPG,13
images/065A09.JPG,9
images/074A07.JPG,7
images/026A04.JPG,4
images/047A06.JPG,6
images/065A03a.JPG,3
images/078A01.JPG,1
images/036A03.JPG,3
images/041A09.JPG,9
images/043A23.JPG,23
images/041A19.JPG,19
images/066A04.JPG,4
images/021A03.JPG,3
images/049A12.JPG,12
images/077A12.JPG,12
images/029A29.JPG,29
images/054A17.JPG,17
images/005A18.JPG,18
images/061A06.JPG,6
images/031A14.JPG,14
images/068A12.JPG,12
images/018A16.JPG,16
images/047A55.JPG,55
images/022A26.JPG,26
images/036A15.JPG,15
images/034A02.JPG,2
images/030A04.JPG,4
images/034A21.JPG,21
images/029A04.JPG,4
images/028A18.JPG,18
images/015A03.JPG,3
images/010A12.JPG,12
images/035A23a.JPG,23
images/028A34.JPG,34
images/074A12.JPG,12
images/077A06.JPG,6
images/015A00.JPG,0
images/036A19.JPG,19
images/081A12.JPG,12
images/015A19.JPG,19
images/066A06a.JPG,6
images/033A14.JPG,14
images/047A45.JPG,45
images/015A10.JPG,10
images/041A02.JPG,2
images/031A12.JPG,12
images/078A03.JPG,3
images/026A06.JPG,6
images/078A12.JPG,12
images/074A02.JPG,2
images/026A19.JPG,19
images/033A35.JPG,35
images/081A10.JPG,10
images/066A11.JPG,11
images/002A16.JPG,16
images/049A04.JPG,4
images/057A25.JPG,25
images/043A27.JPG,27
images/050A03.JPG,3
images/018A34.JPG,34
images/033A21.JPG,21
images/069A11.JPG,11
images/080A04.JPG,4
images/024A30.JPG,30
images/032A15.JPG,15
images/030A18.JPG,18
images/074A04.JPG,4
images/074A03.JPG,3
images/029A22.JPG,22
images/012A30.JPG,30
images/042A18.JPG,18
images/056A01.JPG,1
images/074A09.JPG,9
images/060A07.JPG,7
images/022A27.JPG,27
images/066A00.JPG,0
images/080A14.JPG,14
images/065A13.JPG,13
images/063A02.JPG,2
images/012A21.JPG,21
images/047A13.JPG,13
images/042A12.JPG,12
images/004A19.JPG,19
images/079A08.JPG,8
images/011A20.JPG,20
images/043A10.JPG,10
images/035A14.JPG,14
images/079A02.JPG,2
images/060A10.JPG,10
images/043A13.JPG,13
images/006A61.JPG,61
images/021A16.JPG,16
images/061A32.JPG,32
images/004A37.JPG,37
images/065A07b.JPG,7
images/002A26.JPG,26
images/045A19.JPG,19
images/056A04.JPG,4
images/011A05.JPG,5
images/031A09.JPG,9
images/029A33.JPG,33
images/074A06.JPG,6
images/003A20.JPG,20
images/052A14.JPG,14
images/047A33.JPG,33
images/066A02a.JPG,2
images/079A09.JPG,9
images/041A06.JPG,6
images/063A18.JPG,18
images/042A14.JPG,14
images/031A02.JPG,2
images/041A21.JPG,21
images/006A36.JPG,36
images/080A06.JPG,6
images/028A14.JPG,14
images/079A05.JPG,5
images/024A19.JPG,19
images/036A08.JPG,8
images/078A15.JPG,15
images/060A04.JPG,4
images/002A03.JPG,3
images/043A00.JPG,0
images/067A21.JPG,21
images/075A01.JPG,1
images/037A08.JPG,8
images/037A19.JPG,19
images/075A02.JPG,2
images/032A08.JPG,8
images/024A00.JPG,0
images/002A20.JPG,20
images/032A40.JPG,40
images/012A27.JPG,27
images/045A28.JPG,28
images/080A00.JPG,0
images/029A01.JPG,1
images/022A16.JPG,16
images/002A23.JPG,23
images/005A61.JPG,61
images/057A23.JPG,23
images/036A18.JPG,18
images/075A10.JPG,10
images/035A08.JPG,8
images/041A04.JPG,4
images/074A05.JPG,5
images/043A04.JPG,4
