images/003A60.JPG,60
images/069A06.JPG,6
images/073A16.JPG,16
images/046A04.JPG,4
images/009A22a.JPG,22
images/048A50.JPG,50
images/047A05.JPG,5
images/058A02.JPG,2
images/019A23.JPG,23
images/073A08.JPG,8
images/078A02.JPG,2
images/064A03.JPG,3
images/069A05.JPG,5
images/005A18.JPG,18
images/067A14.JPG,14
images/023A29.JPG,29
images/048A00.JPG,0
images/013A23.JPG,23
images/010A07b.JPG,7
images/043A04.JPG,4
images/006A46.JPG,46
images/061A32.JPG,32
images/047A12.JPG,12
images/011A07.JPG,7
images/016A04.JPG,4
images/048A33.JPG,33
images/058A01.JPG,1
images/073A01.JPG,1
images/072A19.JPG,19
images/051A05.JPG,5
images/043A13.JPG,13
images/063A04.JPG,4
images/048A17.JPG,17
images/054A06.JPG,6
images/067A17.JPG,17
images/032A10.JPG,10
images/004A21.JPG,21
images/073A15.JPG,15
images/035A00.JPG,0
images/081A12.JPG,12
images/022A18.JPG,18
images/064A04.JPG,4
images/080A10.JPG,10
images/012A23.JPG,23
images/062A38.JPG,38
images/025A23.JPG,23
images/039A05.JPG,5
images/035A07.JPG,7
images/048A46.JPG,46
images/047A11.JPG,11
images/024A19.JPG,19
images/077A00.JPG,0
images/048A54.JPG,54
images/055A04.JPG,4
images/012A36.JPG,36
images/078A10.JPG,10
images/069A13.JPG,13
images/020A36.JPG,36
images/037A17.JPG,17
images/058A17.JPG,17
images/073A04.JPG,4
images/067A39.JPG,39
images/047A09.JPG,9
images/081A05.JPG,5
images/059A14.JPG,14
images/012A24.JPG,24
images/037A08.JPG,8
images/081A04.JPG,4
images/059A02b.JPG,2
images/009A03.JPG,3
images/043A03.JPG,3
images/061A07.JPG,7
images/049A05.JPG,5
images/035A23a.JPG,23
images/011A30.JPG,30
images/011A14.JPG,14
images/029A01.JPG,1
images/025A28.JPG,28
images/004A28.JPG,28
images/019A18.JPG,18
images/004A53.JPG,53
images/005A49.JPG,49
images/039A13.JPG,13
images/055A22.JPG,22
images/051A14.JPG,14
images/014A16.JPG,16
images/024A10.JPG,10
images/012A26.JPG,26
images/068A00.JPG,0
images/073A07.JPG,7
images/006A51.JPG,51
images/019A03.JPG,3
images/001A22.JPG,22
images/032A40.JPG,40
images/053A02.JPG,2
images/037A13.JPG,13
images/068A04.JPG,4
images/024A30.JPG,30
images/019A15.JPG,15
images/063A25.JPG,25
images/020A18.JPG,18
images/034A18.JPG,18
images/058A15.JPG,15
images/077A06.JPG,6
images/078A03.JPG,3
images/031A11.JPG,11
images/009A22b.JPG,22
images/046A06.JPG,6
images/012A34.JPG,34
images/004A26.JPG,26
images/059A04.JPG,4
images/043A15.JPG,15
images/031A14.JPG,14
images/077A12.JPG,12
images/013A08.JPG,8
images/009A11.JPG,11
images/055A12.JPG,12
images/040A10.JPG,10
images/023A03.JPG,3
images/016A16.JPG,16
images/077A14.JPG,14
images/031A16.JPG,16
images/064A10.JPG,10
images/012A32.JPG,32
images/081A06.JPG,6
images/075A03.JPG,3
images/005A52.JPG,52
images/019A12.JPG,12
images/024A17.JPG,17
images/073A05.JPG,5
images/063A08.JPG,8
images/040A06.JPG,6
images/047A15.JPG,15
images/069A07.JPG,7
images/048A10.JPG,10
images/014A14.JPG,14
images/029A16.JPG,16
images/080A06.JPG,6
images/032A06.JPG,6
images/016A10.JPG,10
images/009A09.JPG,9
images/003A61.JPG,61
images/082A23.JPG,23
images/079A13.JPG,13
images/061A04.JPG,4
images/059A12.JPG,12
images/022A26.JPG,26
images/049A06.JPG,6
images/067A04.JPG,4
images/078A11.JPG,11
images/025A18.JPG,18
images/005A45.JPG,45
images/064A15.JPG,15
images/040A05.JPG,5
images/068A14.JPG,14
images/062A18.JPG,18
images/048A09.JPG,9
images/077A13.JPG,13
images/058A04.JPG,4
images/046A14.JPG,14
images/073A00.JPG,0
images/010A09.JPG,9
images/020A30.JPG,30
images/005A61.JPG,61
images/078A12.JPG,12
images/079A00.JPG,0
images/055A05.JPG,5
images/061A30.JPG,30
images/072A29.JPG,29
images/043A10.JPG,10
images/016A05.JPG,5
images/075A11.JPG,11
images/020A20.JPG,20
images/011A40.JPG,40
images/039A45.JPG,45
images/080A00.JPG,0
images/025A39.JPG,39
images/029A11.JPG,11
images/011A02.JPG,2
images/035A16.JPG,16
images/031A00.JPG,0
images/068A11.JPG,11
images/082A31.JPG,31
images/063A02.JPG,2
images/039A17.JPG,17
images/029A13.JPG,13
images/079A02.JPG,2
images/072A07.JPG,7
images/035A01.JPG,1
images/039A02.JPG,2
images/062A35.JPG,35
images/022A28.JPG,28
images/063A22.JPG,22
images/073A14.JPG,14
images/080A09.JPG,9
images/051A12.JPG,12
images/080A04.JPG,4
images/020A22.JPG,22
images/016A17.JPG,17
images/048A16.JPG,16
images/001A43a.JPG,43
images/012A25.JPG,25
images/003A23.JPG,23
images/080A01.JPG,1
images/029A20.JPG,20
images/023A09.JPG,9
images/078A14.JPG,14
images/082A22.JPG,22
images/039A52.JPG,52
images/072A21.JPG,21
images/037A06.JPG,6
images/022A16.JPG,16
images/005A30.JPG,30
images/046A02.JPG,2
images/069A00.JPG,0
images/078A05.JPG,5
images/037A19.JPG,19
images/039A15.JPG,15
images/006A67.JPG,67
images/014A30.JPG,30
images/047A06.JPG,6
images/072A41.JPG,41
images/073A13.JPG,13
images/080A14.JPG,14
images/001A14.JPG,14
images/063A18.JPG,18
images/040A16.JPG,16
images/072A17.JPG,17
images/078A13.JPG,13
images/040A21.JPG,21
images/019A30.JPG,30
images/078A08.JPG,8
images/023A00.JPG,0
images/061A26.JPG,26
images/029A10.JPG,10
images/025A03.JPG,3
images/031A15.JPG,15
images/012A30.JPG,30
images/004A48.JPG,48
images/075A01.JPG,1
images/053A11.JPG,11
images/031A19.JPG,19
images/034A25.JPG,25
images/055A06.JPG,6
images/004A62.JPG,62
images/014A36.JPG,36
images/003A51.JPG,51
images/079A01.JPG,1
images/013A41.JPG,41
images/081A03.JPG,3
images/053A03.JPG,3
images/051A00.JPG,0
images/082A18.JPG,18
images/058A10.JPG,10
images/020A16.JPG,16
images/003A58.JPG,58
images/061A15.JPG,15
images/059A16.JPG,16
images/014A22.JPG,22
images/055A08.JPG,8
images/016A07.JPG,7
images/053A15.JPG,15
images/081A08.JPG,8
images/058A13.JPG,13
images/048A27.JPG,27
images/009A16b.JPG,16
images/067A26.JPG,26
images/034A13.JPG,13
images/049A04.JPG,4
images/043A05.JPG,5
images/073A12.JPG,12
images/035A14.JPG,14
images/012A07.JPG,7
images/048A11.JPG,11
images/006A55.JPG,55
images/077A08.JPG,8
images/005A40.JPG,40
images/075A00.JPG,0
images/080A08.JPG,8
images/079A10.JPG,10
images/025A15.JPG,15
images/072A02.JPG,2
images/009A18.JPG,18
images/072A34.JPG,34
images/024A23.JPG,23
images/032A18.JPG,18
images/079A03.JPG,3
images/009A14.JPG,14
images/069A03.JPG,3
images/032A33.JPG,33
images/013A00.JPG,0
images/067A30.JPG,30
images/001A33.JPG,33
images/054A17.JPG,17
images/072A27.JPG,27
images/077A11.JPG,11
images/037A02.JPG,2
images/012A18.JPG,18
images/039A19.JPG,19
images/010A10.JPG,10
images/029A05.JPG,5
images/073A03.JPG,3
images/013A21.JPG,21
images/073A09.JPG,9
images/003A38.JPG,38
images/031A02.JPG,2
images/059A03.JPG,3
images/054A02.JPG,2
images/031A12.JPG,12
images/010A15.JPG,15
images/011A42.JPG,42
images/075A05.JPG,5
images/079A06.JPG,6
images/022A07.JPG,7
images/001A40.JPG,40
images/029A22.JPG,22
images/035A18.JPG,18
images/053A08.JPG,8
images/039A16.JPG,16
images/082A21.JPG,21
images/079A12.JPG,12
images/016A08.JPG,8
images/022A23.JPG,23
images/046A20.JPG,20
images/032A35.JPG,35
images/034A39.JPG,39
images/062A45.JPG,45
images/080A12.JPG,12
images/029A31.JPG,31
images/081A02.JPG,2
images/051A02.JPG,2
images/011A11.JPG,11
images/078A04.JPG,4
images/077A03.JPG,3
images/022A00.JPG,0
images/059A07.JPG,7
images/053A04.JPG,4
images/006A42.JPG,42
images/003A20.JPG,20
images/068A12.JPG,12
images/069A10.JPG,10
images/069A11.JPG,11
images/077A02.JPG,2
images/032A20.JPG,20
images/001A19.JPG,19
images/063A00.JPG,0
images/040A09.JPG,9
images/082A25.JPG,25
images/024A00.JPG,0
images/075A10.JPG,10
images/051A08.JPG,8
images/023A16.JPG,16
images/037A04.JPG,4
images/040A07.JPG,7
images/048A52.JPG,52
images/069A09.JPG,9
images/053A18.JPG,18
images/046A01.JPG,1
images/020A04.JPG,4
images/010A07a.JPG,7
images/001A28.JPG,28
images/082A27.JPG,27
images/022A30.JPG,30
images/062A30.JPG,30
images/005A31.JPG,31
images/058A06.JPG,6
images/020A02.JPG,2
images/077A15.JPG,15
images/012A14.JPG,14
images/001A02.JPG,2
images/046A08.JPG,8
images/061A17.JPG,17
images/023A25.JPG,25
images/080A02.JPG,2
images/047A33.JPG,33
images/016A12.JPG,12
images/067A28.JPG,28
images/001A16.JPG,16
images/013A18.JPG,18
images/010A12.JPG,12
images/049A10.JPG,10
images/004A40.JPG,40
images/013A25.JPG,25
images/080A13.JPG,13
images/037A09.JPG,9
images/079A05.JPG,5
images/081A01.JPG,1
images/020A08.JPG,8
images/072A25.JPG,25
images/082A16.JPG,16
images/048A49.JPG,49
images/031A04.JPG,4
images/061A19.JPG,19
images/005A35.JPG,35
images/034A15.JPG,15
images/039A11.JPG,11
images/067A23.JPG,23
images/016A19.JPG,19
images/023A21.JPG,21
images/078A01.JPG,1
images/019A27.JPG,27
images/016A18.JPG,18
images/040A14.JPG,14
images/001A10.JPG,10
images/062A47.JPG,47
images/014A18.JPG,18
images/032A28.JPG,28
images/078A15.JPG,15
images/055A14.JPG,14
images/063A20.JPG,20
images/034A16.JPG,16
images/034A02.JPG,2
images/014A42.JPG,42
images/072A45.JPG,45
images/049A12.JPG,12
images/061A18.JPG,18
images/022A20.JPG,20
images/046A18.JPG,18
images/051A24.JPG,24
images/079A08.JPG,8
images/078A07.JPG,7
images/023A05.JPG,5
images/051A17.JPG,17
images/010A18.JPG,18
images/006A24.JPG,24
images/013A19.JPG,19
images/025A22.JPG,22
images/034A30.JPG,30
images/031A03.JPG,3
images/037A18.JPG,18
images/010A06.JPG,6
images/054A13.JPG,13
images/053A01.JPG,1
images/032A24.JPG,24
images/011A05.JPG,5
images/006A31.JPG,31
images/077A09.JPG,9
images/064A01.JPG,1
images/054A18.JPG,18
images/003A18.JPG,18
images/032A15.JPG,15
images/029A23.JPG,23
images/024A07.JPG,7
images/035A08.JPG,8
images/013A34.JPG,34
images/077A10.JPG,10
images/012A21.JPG,21
images/009A01.JPG,1
images/031A06.JPG,6
images/078A06.JPG,6
images/012A04.JPG,4
images/061A10.JPG,10
images/023A07.JPG,7
images/006A28.JPG,28
images/012A27.JPG,27
images/068A10a.JPG,10
images/035A03.JPG,3
images/053A12.JPG,12
images/054A19.JPG,19
images/063A09.JPG,9
images/009A00.JPG,0
images/040A19.JPG,19
images/024A18.JPG,18
images/054A16.JPG,16
images/019A05.JPG,5
images/054A00.JPG,0
images/054A11.JPG,11
images/016A14.JPG,14
images/001A08.JPG,8
images/040A03b.JPG,3
images/013A44.JPG,44
images/059A02a.JPG,2
images/032A08.JPG,8
images/061A06.JPG,6
images/016A01.JPG,1
images/077A04.JPG,4
images/025A00.JPG,0
images/006A36.JPG,36
images/011A20.JPG,20
images/078A00.JPG,0
images/051A15.JPG,15
images/043A19.JPG,19
images/048A30.JPG,30
images/034A04.JPG,4
images/058A00.JPG,0
images/072A13.JPG,13
images/067A33.JPG,33
images/004A19.JPG,19
images/040A03a.JPG,3
images/004A37.JPG,37
images/003A47.JPG,47
images/014A03.JPG,3
images/010A16.JPG,16
images/023A18.JPG,18
images/037A11.JPG,11
images/001A18.JPG,18
images/012A12.JPG,12
images/068A10b.JPG,10
images/053A06.JPG,6
images/023A22.JPG,22
images/006A40.JPG,40
images/079A09.JPG,9
images/046A10.JPG,10
images/014A40.JPG,40
images/011A17.JPG,17
images/061A25.JPG,25
images/068A13.JPG,13
images/009A05.JPG,5
images/046A17.JPG,17
images/055A23.JPG,23
images/019A07.JPG,7
images/013A30.JPG,30
images/073A11.JPG,11
images/049A08.JPG,8
images/081A11.JPG,11
images/020A11.JPG,11
images/001A43b.JPG,43
images/009A16a.JPG,16
images/025A07.JPG,7
images/054A04.JPG,4
images/059A06.JPG,6
images/003A35.JPG,35
images/080A05.JPG,5
images/047A18.JPG,18
images/024A25.JPG,25
images/062A03.JPG,3
images/039A35.JPG,35
images/029A29.JPG,29
images/051A18.JPG,18
images/077A16.JPG,16
images/020A26.JPG,26
images/035A23b.JPG,23
images/047A23.JPG,23
images/068A09.JPG,9
images/079A04.JPG,4
images/077A01.JPG,1
images/043A23.JPG,23
images/010A05.JPG,5
images/079A11.JPG,11
images/025A34.JPG,34
images/039A07.JPG,7
images/075A07.JPG,7
images/047A13.JPG,13
images/025A19.JPG,19
images/022A25.JPG,25
images/035A12.JPG,12
images/046A00.JPG,0
images/053A10.JPG,10
images/034A11.JPG,11
images/049A17.JPG,17
images/037A00.JPG,0
images/047A45.JPG,45
images/046A16.JPG,16
images/058A03.JPG,3
images/062A16.JPG,16
images/081A07.JPG,7
images/024A05.JPG,5
images/005A48.JPG,48
images/011A27.JPG,27
images/022A14.JPG,14
images/034A35.JPG,35
images/039A10.JPG,10
images/067A21.JPG,21
images/048A15.JPG,15
images/079A07.JPG,7
images/034A44.JPG,44
images/043A00.JPG,0
images/072A14.JPG,14
images/047A20.JPG,20
images/022A27.JPG,27
images/061A29.JPG,29
images/003A25.JPG,25
images/035A09.JPG,9
images/011A34.JPG,34
images/069A02.JPG,2
images/035A05.JPG,5
images/032A13.JPG,13
images/078A09.JPG,9
images/062A15.JPG,15
images/003A49.JPG,49
images/020A24.JPG,24
images/075A06.JPG,6
images/040A00.JPG,0
images/034A21.JPG,21
images/024A28.JPG,28
images/073A02.JPG,2
images/069A04.JPG,4
images/029A33.JPG,33
images/022A11.JPG,11
images/023A14.JPG,14
images/040A02.JPG,2
images/019A00.JPG,0
images/051A16.JPG,16
images/010A04.JPG,4
images/031A09.JPG,9
images/077A07.JPG,7
images/082A03.JPG,3
images/001A29.JPG,29
images/049A15.JPG,15
images/004A30.JPG,30
images/063A33.JPG,33
images/080A07.JPG,7
images/064A19.JPG,19
images/054A10.JPG,10
images/072A11.JPG,11
images/040A12.JPG,12
images/081A10.JPG,10
images/016A03.JPG,3
images/006A61.JPG,61
images/081A00.JPG,0
images/068A03.JPG,3
images/049A16.JPG,16
images/011A15.JPG,15
images/075A02.JPG,2
images/082A00.JPG,0
images/011A13.JPG,13
images/043A17.JPG,17
images/062A41.JPG,41
images/009A13.JPG,13
images/037A01.JPG,1
images/058A05.JPG,5
images/048A18.JPG,18
images/031A07.JPG,7
images/005A24.JPG,24
images/006A69.JPG,69
images/039A50.JPG,50
images/035A21.JPG,21
images/010A01.JPG,1
images/053A13.JPG,13
images/075A08.JPG,8
images/043A27.JPG,27
images/054A09.JPG,9
images/047A27.JPG,27
images/080A03.JPG,3
images/004A51.JPG,51
images/046A12.JPG,12
images/047A55.JPG,55
images/054A12.JPG,12
images/062A53.JPG,53
images/014A12.JPG,12
images/029A04.JPG,4
images/053A00.JPG,0
images/020A13.JPG,13
images/013A16.JPG,16
images/082A20.JPG,20
images/004A63.JPG,63
images/049A07.JPG,7
images/025A12.JPG,12
images/073A06.JPG,6
images/062A54.JPG,54
images/001A05.JPG,5
