images/080A09.JPG,9
images/021A18.JPG,18
images/001A14.JPG,14
images/041A13.JPG,13
images/060A11.JPG,11
images/015A17.JPG,17
images/010A16.JPG,16
images/047A20.JPG,20
images/023A03.JPG,3
images/003A38.JPG,38
images/082A16.JPG,16
images/032A35.JPG,35
images/025A12.JPG,12
images/010A05.JPG,5
images/011A02.JPG,2
images/014A22.JPG,22
images/015A03.JPG,3
images/079A04.JPG,4
images/014A03.JPG,3
images/047A23.JPG,23
images/065A07b.JPG,7
images/073A04.JPG,4
images/005A61.JPG,61
images/076A07.JPG,7
images/065A11.JPG,11
images/026A02.JPG,2
images/077A06.JPG,6
images/024A05.JPG,5
images/060A12.JPG,12
images/044A13.JPG,13
images/076A02.JPG,2
images/051A02.JPG,2
images/082A25.JPG,25
images/021A30.JPG,30
images/069A04.JPG,4
images/047A55.JPG,55
images/069A02.JPG,2
images/012A18.JPG,18
images/033A30.JPG,30
images/082A31.JPG,31
images/013A34.JPG,34
images/032A06.JPG,6
images/013A08.JPG,8
images/060A08.JPG,8
images/030A16.JPG,16
images/065A04.JPG,4
images/073A16.JPG,16
images/066A02b.JPG,2
images/079A02.JPG,2
images/015A00.JPG,0
images/021A20.JPG,20
images/022A20.JPG,20
images/076A08.JPG,8
images/073A08.JPG,8
images/017A29.JPG,29
images/080A14.JPG,14
images/012A27.JPG,27
images/012A30.JPG,30
images/015A14.JPG,14
images/001A43a.JPG,43
images/015A01.JPG,1
images/076A16.JPG,16
images/015A09.JPG,9
images/029A23.JPG,23
images/044A21.JPG,21
images/080A05.JPG,5
images/019A07.JPG,7
images/045A06.JPG,6
images/028A16.JPG,16
images/017A15.JPG,15
images/010A01.JPG,1
images/017A26.JPG,26
images/038A08.JPG,8
images/076A13.JPG,13
images/054A17.JPG,17
images/012A04.JPG,4
images/012A21.JPG,21
images/080A03.JPG,3
images/016A04.JPG,4
images/025A07.JPG,7
images/067A23.JPG,23
images/047A11.JPG,11
images/076A04.JPG,4
images/070A01.JPG,1
images/080A04.JPG,4
images/080A01.JPG,1
images/065A02a.JPG,2
images/038A21.JPG,21
images/013A00.JPG,0
images/023A16.JPG,16
images/076A05.JPG,5
images/050A18.JPG,18
images/028A35.JPG,35
images/073A01.JPG,1
images/076A10.JPG,10
images/045A18.JPG,18
images/076A12.JPG,12
images/014A12.JPG,12
images/001A28.JPG,28
images/014A16.JPG,16
images/025A19.JPG,19
images/035A14.JPG,14
images/021A06.JPG,6
images/011A11.JPG,11
images/005A40.JPG,40
images/066A11.JPG,11
images/062A38.JPG,38
images/077A07.JPG,7
images/074A02.JPG,2
images/019A27.JPG,27
images/077A15.JPG,15
images/008A21.JPG,21
images/071A35.JPG,35
images/051A05.JPG,5
images/030A18.JPG,18
images/035A23b.JPG,23
images/036A13.JPG,13
images/029A11.JPG,11
images/074A01.JPG,1
images/076A11.JPG,11
images/071A23.JPG,23
images/077A09.JPG,9
images/032A28.JPG,28
images/045A43.JPG,43
images/019A30.JPG,30
images/047A33.JPG,33
images/071A18.JPG,18
images/009A16a.JPG,16
images/016A17.JPG,17
images/077A10.JPG,10
images/076A03.JPG,3
images/016A10.JPG,10
images/051A16.JPG,16
images/012A36.JPG,36
images/074A11.JPG,11
images/035A23a.JPG,23
images/052A20.JPG,20
images/012A07.JPG,7
images/081A05.JPG,5
images/036A17.JPG,17
images/017A19.JPG,19
images/066A02a.JPG,2
images/005A30.JPG,30
images/026A11.JPG,11
images/030A17.JPG,17
images/035A21.JPG,21
images/071A22.JPG,22
images/081A07.JPG,7
images/081A04.JPG,4
images/074A13.JPG,13
images/074A03.JPG,3
images/005A49.JPG,49
images/060A20.JPG,20
images/079A10.JPG,10
images/036A18.JPG,18
images/023A22.JPG,22
images/052A17.JPG,17
images/011A20.JPG,20
images/024A10.JPG,10
images/070A03.JPG,3
images/001A08.JPG,8
images/029A31.JPG,31
images/015A07.JPG,7
images/079A08.JPG,8
images/062A41.JPG,41
images/022A23.JPG,23
images/054A10.JPG,10
images/081A12.JPG,12
images/077A00.JPG,0
images/033A25.JPG,25
images/011A34.JPG,34
images/082A21.JPG,21
images/017A07.JPG,7
images/074A12.JPG,12
images/015A15.JPG,15
images/071A45.JPG,45
images/024A19.JPG,19
images/014A30.JPG,30
images/054A18.JPG,18
images/077A02.JPG,2
images/079A05.JPG,5
images/073A14.JPG,14
images/028A34.JPG,34
images/012A12.JPG,12
images/054A09.JPG,9
images/081A08.JPG,8
images/010A07a.JPG,7
images/017A05.JPG,5
images/038A05.JPG,5
images/025A23.JPG,23
images/009A22b.JPG,22
images/022A25.JPG,25
images/032A13.JPG,13
images/067A30.JPG,30
images/066A10.JPG,10
images/001A18.JPG,18
images/030A07.JPG,7
images/051A08.JPG,8
images/077A08.JPG,8
images/066A07.JPG,7
images/054A06.JPG,6
images/032A18.JPG,18
images/080A07.JPG,7
images/079A11.JPG,11
images/016A05.JPG,5
images/013A23.JPG,23
images/001A19.JPG,19
images/065A02b.JPG,2
images/068A11.JPG,11
images/026A15.JPG,15
images/033A05.JPG,5
images/041A06.JPG,6
images/070A09.JPG,9
images/005A52.JPG,52
images/044A07.JPG,7
images/019A15.JPG,15
images/003A20.JPG,20
images/045A08.JPG,8
images/044A03.JPG,3
images/008A17.JPG,17
images/081A11.JPG,11
images/038A00.JPG,0
images/073A15.JPG,15
images/009A09.JPG,9
images/047A06.JPG,6
images/070A08.JPG,8
images/023A21.JPG,21
images/033A21.JPG,21
images/070A00.JPG,0
images/033A02.JPG,2
images/008A13.JPG,13
images/012A32.JPG,32
images/003A18.JPG,18
images/023A25.JPG,25
images/052A18.JPG,18
images/026A07.JPG,7
images/026A06.JPG,6
images/065A03a.JPG,3
images/028A14.JPG,14
images/076A06.JPG,6
images/011A27.JPG,27
images/029A01.JPG,1
images/076A14.JPG,14
images/079A00.JPG,0
images/017A12.JPG,12
images/010A09.JPG,9
images/003A60.JPG,60
images/024A23.JPG,23
images/038A04.JPG,4
images/060A04.JPG,4
images/008A29.JPG,29
images/029A16.JPG,16
images/024A25.JPG,25
images/011A30.JPG,30
images/019A05.JPG,5
images/047A12.JPG,12
images/073A13.JPG,13
images/001A33.JPG,33
images/079A06.JPG,6
images/052A19.JPG,19
images/016A14.JPG,14
images/051A18.JPG,18
images/001A05.JPG,5
images/070A14.JPG,14
images/005A35.JPG,35
images/038A11.JPG,11
images/054A13.JPG,13
images/029A33.JPG,33
images/054A02.JPG,2
images/071A24.JPG,24
images/036A08.JPG,8
images/044A17.JPG,17
images/062A16.JPG,16
images/019A00.JPG,0
images/009A16b.JPG,16
images/022A00.JPG,0
images/022A14.JPG,14
images/052A13.JPG,13
images/068A12.JPG,12
images/050A14.JPG,14
images/023A18.JPG,18
images/062A47.JPG,47
images/045A03.JPG,3
images/036A05.JPG,5
images/050A22.JPG,22
images/081A10.JPG,10
images/074A06.JPG,6
images/005A45.JPG,45
images/013A21.JPG,21
images/074A09.JPG,9
images/013A16.JPG,16
images/009A03.JPG,3
images/076A01.JPG,1
images/025A34.JPG,34
images/009A11.JPG,11
images/013A30.JPG,30
images/022A18.JPG,18
images/030A10.JPG,10
images/045A40.JPG,40
images/035A07.JPG,7
images/076A00.JPG,0
images/015A12.JPG,12
images/080A06.JPG,6
images/032A10.JPG,10
images/065A10.JPG,10
images/068A10a.JPG,10
images/065A12.JPG,12
images/050A00.JPG,0
images/033A18.JPG,18
images/073A06.JPG,6
images/028A37.JPG,37
images/019A03.JPG,3
images/024A28.JPG,28
images/080A10.JPG,10
images/069A03.JPG,3
images/017A42.JPG,42
images/025A03.JPG,3
images/033A44.JPG,44
images/025A00.JPG,0
images/068A10b.JPG,10
images/067A04.JPG,4
images/029A29.JPG,29
images/009A13.JPG,13
images/041A19.JPG,19
images/022A30.JPG,30
images/016A16.JPG,16
images/030A00.JPG,0
images/054A11.JPG,11
images/010A10.JPG,10
images/003A58.JPG,58
images/026A00.JPG,0
images/068A00.JPG,0
images/026A19.JPG,19
images/023A09.JPG,9
images/062A53.JPG,53
images/025A39.JPG,39
images/062A54.JPG,54
images/077A14.JPG,14
images/011A17.JPG,17
images/017A32.JPG,32
images/038A23.JPG,23
images/077A01.JPG,1
images/073A09.JPG,9
images/066A06b.JPG,6
images/011A15.JPG,15
images/045A48.JPG,48
images/035A09.JPG,9
images/022A28.JPG,28
images/062A18.JPG,18
images/035A01.JPG,1
images/003A35.JPG,35
images/003A47.JPG,47
images/062A35.JPG,35
images/021A23.JPG,23
images/012A24.JPG,24
images/008A33.JPG,33
images/032A08.JPG,8
images/060A10.JPG,10
images/012A25.JPG,25
images/045A25.JPG,25
images/047A45.JPG,45
images/032A20.JPG,20
images/065A03b.JPG,3
images/012A14.JPG,14
images/076A09.JPG,9
images/036A00.JPG,0
images/050A10.JPG,10
images/073A07.JPG,7
images/022A26.JPG,26
images/014A36.JPG,36
images/011A13.JPG,13
images/036A15.JPG,15
images/016A18.JPG,18
images/030A26.JPG,26
images/080A02.JPG,2
images/077A16.JPG,16
images/008A35.JPG,35
images/026A17.JPG,17
images/067A21.JPG,21
images/047A15.JPG,15
images/025A22.JPG,22
images/035A03.JPG,3
images/013A41.JPG,41
images/003A23.JPG,23
images/081A00.JPG,0
images/065A09.JPG,9
images/008A03.JPG,3
images/001A29.JPG,29
images/028A18.JPG,18
images/038A13.JPG,13
images/065A06b.JPG,6
images/021A05.JPG,5
images/071A40.JPG,40
images/001A22.JPG,22
images/074A10.JPG,10
images/001A16.JPG,16
images/082A03.JPG,3
images/030A04.JPG,4
images/023A00.JPG,0
images/074A15.JPG,15
images/077A12.JPG,12
images/009A18.JPG,18
images/071A00.JPG,0
images/068A09.JPG,9
images/028A41.JPG,41
images/041A21.JPG,21
images/074A07.JPG,7
images/073A00.JPG,0
images/082A22.JPG,22
images/038A14.JPG,14
images/073A11.JPG,11
images/032A15.JPG,15
images/077A13.JPG,13
images/071A27.JPG,27
images/033A10.JPG,10
images/066A03.JPG,3
images/041A02.JPG,2
images/070A06.JPG,6
images/066A04.JPG,4
images/054A00.JPG,0
images/038A34.JPG,34
images/045A32.JPG,32
images/054A04.JPG,4
images/017A17.JPG,17
images/060A02.JPG,2
images/033A35.JPG,35
images/045A28.JPG,28
images/009A00.JPG,0
images/071A42.JPG,42
images/041A24.JPG,24
images/041A09.JPG,9
images/029A05.JPG,5
images/010A12.JPG,12
images/012A34.JPG,34
images/014A14.JPG,14
images/052A04.JPG,4
images/060A17.JPG,17
images/054A16.JPG,16
images/079A09.JPG,9
images/014A40.JPG,40
images/050A16.JPG,16
images/009A01.JPG,1
images/080A12.JPG,12
images/081A02.JPG,2
images/035A12.JPG,12
images/028A28.JPG,28
images/062A03.JPG,3
images/022A16.JPG,16
images/024A07.JPG,7
images/021A03.JPG,3
images/038A03.JPG,3
images/016A03.JPG,3
images/073A02.JPG,2
images/071A10.JPG,10
images/015A05.JPG,5
images/052A16.JPG,16
images/028A26.JPG,26
images/011A42.JPG,42
images/032A40.JPG,40
images/016A08.JPG,8
images/050A03.JPG,3
images/026A18.JPG,18
images/038A17.JPG,17
images/045A12.JPG,12
images/029A22.JPG,22
images/032A24.JPG,24
images/010A15.JPG,15
images/029A04.JPG,4
images/022A07.JPG,7
images/044A15.JPG,15
images/035A18.JPG,18
images/067A33.JPG,33
images/036A06.JPG,6
images/068A04.JPG,4
images/016A19.JPG,19
images/041A00.JPG,0
images/066A00.JPG,0
images/036A01.JPG,1
images/014A42.JPG,42
images/016A12.JPG,12
images/017A22.JPG,22
images/009A22a.JPG,22
images/021A39.JPG,39
images/017A38.JPG,38
images/010A07b.JPG,7
images/013A19.JPG,19
images/044A18.JPG,18
images/035A08.JPG,8
images/069A07.JPG,7
images/071A43.JPG,43
images/008A06.JPG,6
images/045A19.JPG,19
images/081A01.JPG,1
images/073A12.JPG,12
images/045A17.JPG,17
images/010A04.JPG,4
images/022A27.JPG,27
images/060A06.JPG,6
images/074A08.JPG,8
images/062A45.JPG,45
images/035A00.JPG,0
images/047A18.JPG,18
images/036A03.JPG,3
images/079A03.JPG,3
images/067A17.JPG,17
images/074A05.JPG,5
images/023A07.JPG,7
images/029A20.JPG,20
images/005A24.JPG,24
images/062A30.JPG,30
images/060A05.JPG,5
images/066A06a.JPG,6
images/066A08.JPG,8
images/035A16.JPG,16
images/044A01.JPG,1
images/024A18.JPG,18
images/001A43b.JPG,43
images/005A48.JPG,48
images/021A11.JPG,11
images/073A05.JPG,5
images/062A15.JPG,15
images/079A01.JPG,1
images/022A11.JPG,11
images/021A16.JPG,16
images/068A14.JPG,14
images/008A12.JPG,12
images/082A18.JPG,18
images/009A14.JPG,14
images/038A01.JPG,1
images/077A11.JPG,11
images/076A17.JPG,17
images/033A39.JPG,39
images/069A11.JPG,11
images/029A13.JPG,13
images/074A04.JPG,4
images/080A08.JPG,8
images/008A08.JPG,8
images/074A00.JPG,0
images/025A15.JPG,15
images/054A19.JPG,19
images/079A07.JPG,7
images/001A02.JPG,2
images/023A29.JPG,29
images/082A00.JPG,0
images/070A05.JPG,5
images/003A49.JPG,49
images/068A13.JPG,13
images/001A10.JPG,10
images/011A40.JPG,40
images/003A25.JPG,25
images/030A05.JPG,5
images/069A06.JPG,6
images/047A27.JPG,27
images/065A06a.JPG,6
images/019A18.JPG,18
images/069A09.JPG,9
images/028A46.JPG,46
images/080A00.JPG,0
images/036A11.JPG,11
images/051A00.JPG,0
images/069A10.JPG,10
images/013A44.JPG,44
images/024A30.JPG,30
images/047A05.JPG,5
images/008A31.JPG,31
images/051A14.JPG,14
images/028A20.JPG,20
images/019A23.JPG,23
images/030A20.JPG,20
images/070A07.JPG,7
images/044A25.JPG,25
images/052A10.JPG,10
images/008A18.JPG,18
images/017A36.JPG,36
images/008A30.JPG,30
images/003A51.JPG,51
images/060A07.JPG,7
images/044A05.JPG,5
images/003A61.JPG,61
images/052A02.JPG,2
images/067A26.JPG,26
images/015A10.JPG,10
images/038A10.JPG,10
images/052A07.JPG,7
images/008A41.JPG,41
images/077A03.JPG,3
images/069A13.JPG,13
images/011A14.JPG,14
images/013A25.JPG,25
images/069A00.JPG,0
images/016A07.JPG,7
images/009A05.JPG,5
images/069A05.JPG,5
images/047A13.JPG,13
images/074A14.JPG,14
images/014A18.JPG,18
images/051A15.JPG,15
images/050A06.JPG,6
images/081A06.JPG,6
images/026A13.JPG,13
images/025A28.JPG,28
images/021A35.JPG,35
images/010A06.JPG,6
images/051A12.JPG,12
images/080A13.JPG,13
images/070A02.JPG,2
images/026A04.JPG,4
images/047A09.JPG,9
images/011A07.JPG,7
images/070A12.JPG,12
images/036A19.JPG,19
images/011A05.JPG,5
images/001A40.JPG,40
images/010A18.JPG,18
images/067A39.JPG,39
images/066A09.JPG,9
images/051A24.JPG,24
images/068A03.JPG,3
images/024A17.JPG,17
images/052A14.JPG,14
images/029A10.JPG,10
images/065A13.JPG,13
images/051A17.JPG,17
images/015A19.JPG,19
images/019A12.JPG,12
images/023A14.JPG,14
images/073A03.JPG,3
images/023A05.JPG,5
images/025A18.JPG,18
images/005A18.JPG,18
images/082A20.JPG,20
images/054A12.JPG,12
images/041A20.JPG,20
images/036A20.JPG,20
images/060A19.JPG,19
images/065A08.JPG,8
images/082A23.JPG,23
images/067A28.JPG,28
images/065A07a.JPG,7
images/077A04.JPG,4
images/024A00.JPG,0
images/067A14.JPG,14
images/082A27.JPG,27
images/012A23.JPG,23
images/005A31.JPG,31
images/016A01.JPG,1
images/021A27.JPG,27
images/079A13.JPG,13
images/035A05.JPG,5
images/079A12.JPG,12
images/041A04.JPG,4
images/013A18.JPG,18
images/076A15.JPG,15
images/081A03.JPG,3
images/030A23.JPG,23
images/008A16.JPG,16
images/071A44.JPG,44
images/032A33.JPG,33
images/033A14.JPG,14
images/012A26.JPG,26
images/015A04.JPG,4
