images/010A07a.JPG,7
images/025A34.JPG,34
images/048A50.JPG,50
images/071A27.JPG,27
images/082A22.JPG,22
images/052A02.JPG,2
images/017A05.JPG,5
images/061A17.JPG,17
images/046A08.JPG,8
images/016A18.JPG,18
images/048A15.JPG,15
images/054A18.JPG,18
images/011A40.JPG,40
images/010A16.JPG,16
images/001A29.JPG,29
images/040A00.JPG,0
images/025A12.JPG,12
images/008A31.JPG,31
images/069A05.JPG,5
images/048A49.JPG,49
images/069A10.JPG,10
images/038A00.JPG,0
images/026A07.JPG,7
images/029A29.JPG,29
images/037A08.JPG,8
images/011A07.JPG,7
images/057A12.JPG,12
images/013A34.JPG,34
images/061A18.JPG,18
images/002A12.JPG,12
images/005A24.JPG,24
images/068A03.JPG,3
images/001A08.JPG,8
images/033A30.JPG,30
images/008A21.JPG,21
images/038A11.JPG,11
images/053A02.JPG,2
images/074A09.JPG,9
images/014A03.JPG,3
images/074A04.JPG,4
images/019A00.JPG,0
images/023A29.JPG,29
images/016A05.JPG,5
images/039A19.JPG,19
images/012A27.JPG,27
images/077A07.JPG,7
images/077A13.JPG,13
images/024A30.JPG,30
images/025A15.JPG,15
images/053A04.JPG,4
images/009A09.JPG,9
images/033A25.JPG,25
images/080A06.JPG,6
images/052A17.JPG,17
images/054A19.JPG,19
images/030A17.JPG,17
images/006A42.JPG,42
images/020A08.JPG,8
images/004A62.JPG,62
images/004A48.JPG,48
images/008A12.JPG,12
images/049A07.JPG,7
images/013A30.JPG,30
images/006A46.JPG,46
images/064A04.JPG,4
images/019A30.JPG,30
images/079A10.JPG,10
images/038A21.JPG,21
images/069A00.JPG,0
images/035A23b.JPG,23
images/057A06.JPG,6
images/037A13.JPG,13
images/038A08.JPG,8
images/012A07.JPG,7
images/048A33.JPG,33
images/059A03.JPG,3
images/066A10.JPG,10
images/064A10.JPG,10
images/009A11.JPG,11
images/079A06.JPG,6
images/017A29.JPG,29
images/011A20.JPG,20
images/039A52.JPG,52
images/023A16.JPG,16
images/001A19.JPG,19
images/040A03b.JPG,3
images/008A06.JPG,6
images/004A26.JPG,26
images/002A38.JPG,38
images/040A12.JPG,12
images/033A35.JPG,35
images/066A09.JPG,9
images/004A53.JPG,53
images/079A12.JPG,12
images/049A12.JPG,12
images/004A40.JPG,40
images/025A28.JPG,28
images/035A08.JPG,8
images/030A23.JPG,23
images/035A03.JPG,3
images/002A05.JPG,5
images/012A36.JPG,36
images/069A06.JPG,6
images/010A12.JPG,12
images/071A10.JPG,10
images/012A24.JPG,24
images/008A08.JPG,8
images/057A00.JPG,0
images/017A07.JPG,7
images/025A00.JPG,0
images/020A18.JPG,18
images/071A24.JPG,24
images/006A55.JPG,55
images/061A15.JPG,15
images/011A27.JPG,27
images/040A05.JPG,5
images/021A06.JPG,6
images/019A07.JPG,7
images/054A02.JPG,2
images/034A16.JPG,16
images/023A18.JPG,18
images/082A16.JPG,16
images/074A14.JPG,14
images/053A06.JPG,6
images/061A19.JPG,19
images/016A14.JPG,14
images/042A24.JPG,24
images/080A10.JPG,10
images/008A16.JPG,16
images/002A23.JPG,23
images/008A30.JPG,30
images/039A05.JPG,5
images/082A23.JPG,23
images/080A05.JPG,5
images/066A06b.JPG,6
images/012A30.JPG,30
images/008A13.JPG,13
images/050A18.JPG,18
images/030A10.JPG,10
images/069A09.JPG,9
images/016A03.JPG,3
images/066A00.JPG,0
images/057A25.JPG,25
images/030A04.JPG,4
images/066A06a.JPG,6
images/040A07.JPG,7
images/042A28.JPG,28
images/051A02.JPG,2
images/026A02.JPG,2
images/054A17.JPG,17
images/059A02b.JPG,2
images/009A01.JPG,1
images/068A13.JPG,13
images/033A05.JPG,5
images/025A22.JPG,22
images/066A03.JPG,3
images/005A31.JPG,31
images/016A12.JPG,12
images/025A07.JPG,7
images/074A15.JPG,15
images/082A31.JPG,31
images/014A12.JPG,12
images/046A17.JPG,17
images/051A00.JPG,0
images/011A30.JPG,30
images/051A08.JPG,8
images/080A07.JPG,7
images/039A50.JPG,50
images/030A05.JPG,5
images/051A12.JPG,12
images/080A12.JPG,12
images/042A05.JPG,5
images/033A14.JPG,14
images/077A12.JPG,12
images/004A37.JPG,37
images/049A15.JPG,15
images/014A36.JPG,36
images/079A03.JPG,3
images/077A06.JPG,6
images/050A00.JPG,0
images/074A02.JPG,2
images/048A09.JPG,9
images/040A21.JPG,21
images/048A10.JPG,10
images/071A23.JPG,23
images/024A28.JPG,28
images/034A15.JPG,15
images/009A03.JPG,3
images/006A28.JPG,28
images/035A23a.JPG,23
images/079A11.JPG,11
images/024A07.JPG,7
images/071A40.JPG,40
images/080A14.JPG,14
images/082A20.JPG,20
images/009A18.JPG,18
images/019A03.JPG,3
images/049A04.JPG,4
images/074A11.JPG,11
images/071A43.JPG,43
images/002A31.JPG,31
images/053A12.JPG,12
images/008A35.JPG,35
images/040A16.JPG,16
images/010A15.JPG,15
images/006A69.JPG,69
images/059A14.JPG,14
images/009A22a.JPG,22
images/008A18.JPG,18
images/035A12.JPG,12
images/052A07.JPG,7
images/077A11.JPG,11
images/053A00.JPG,0
images/052A18.JPG,18
images/029A20.JPG,20
images/029A05.JPG,5
images/037A04.JPG,4
images/001A22.JPG,22
images/046A14.JPG,14
images/038A04.JPG,4
images/049A06.JPG,6
images/039A16.JPG,16
images/080A02.JPG,2
images/019A18.JPG,18
images/026A00.JPG,0
images/079A08.JPG,8
images/034A04.JPG,4
images/061A10.JPG,10
images/021A23.JPG,23
images/013A25.JPG,25
images/016A16.JPG,16
images/034A02.JPG,2
images/053A01.JPG,1
images/061A04.JPG,4
images/046A12.JPG,12
images/002A29.JPG,29
images/034A25.JPG,25
images/024A10.JPG,10
images/035A21.JPG,21
images/057A18.JPG,18
images/079A09.JPG,9
images/023A09.JPG,9
images/037A06.JPG,6
images/036A20.JPG,20
images/004A63.JPG,63
images/079A07.JPG,7
images/079A13.JPG,13
images/052A13.JPG,13
images/038A23.JPG,23
images/014A14.JPG,14
images/006A51.JPG,51
images/053A08.JPG,8
images/052A16.JPG,16
images/071A42.JPG,42
images/030A20.JPG,20
images/066A11.JPG,11
images/048A17.JPG,17
images/026A18.JPG,18
images/035A09.JPG,9
images/069A02.JPG,2
images/068A14.JPG,14
images/082A03.JPG,3
images/014A40.JPG,40
images/017A19.JPG,19
images/046A01.JPG,1
images/006A40.JPG,40
images/042A14.JPG,14
images/077A15.JPG,15
images/054A12.JPG,12
images/012A26.JPG,26
images/039A13.JPG,13
images/040A06.JPG,6
images/029A13.JPG,13
images/020A11.JPG,11
images/005A52.JPG,52
images/026A15.JPG,15
images/042A00.JPG,0
images/082A27.JPG,27
images/069A07.JPG,7
images/037A11.JPG,11
images/064A15.JPG,15
images/036A05.JPG,5
images/042A20.JPG,20
images/051A05.JPG,5
images/036A00.JPG,0
images/026A04.JPG,4
images/053A15.JPG,15
images/080A00.JPG,0
images/017A32.JPG,32
images/025A39.JPG,39
images/077A04.JPG,4
images/011A34.JPG,34
images/020A20.JPG,20
images/036A13.JPG,13
images/033A39.JPG,39
images/029A33.JPG,33
images/029A10.JPG,10
images/049A17.JPG,17
images/006A24.JPG,24
images/011A14.JPG,14
images/066A08.JPG,8
images/050A03.JPG,3
images/064A19.JPG,19
images/035A05.JPG,5
images/021A03.JPG,3
images/037A00.JPG,0
images/049A10.JPG,10
images/061A25.JPG,25
images/008A33.JPG,33
images/017A22.JPG,22
images/035A07.JPG,7
images/020A30.JPG,30
images/029A23.JPG,23
images/059A12.JPG,12
images/037A18.JPG,18
images/036A17.JPG,17
images/074A12.JPG,12
images/029A04.JPG,4
images/001A43a.JPG,43
images/040A09.JPG,9
images/029A01.JPG,1
images/061A32.JPG,32
images/049A16.JPG,16
images/030A16.JPG,16
images/061A07.JPG,7
images/010A18.JPG,18
images/013A08.JPG,8
images/071A22.JPG,22
images/008A41.JPG,41
images/080A08.JPG,8
images/004A21.JPG,21
images/077A08.JPG,8
images/046A00.JPG,0
images/002A03.JPG,3
images/059A07.JPG,7
images/020A13.JPG,13
images/034A13.JPG,13
images/054A04.JPG,4
images/024A25.JPG,25
images/005A30.JPG,30
images/017A17.JPG,17
images/009A13.JPG,13
images/069A04.JPG,4
images/054A09.JPG,9
images/012A18.JPG,18
images/017A15.JPG,15
images/035A00.JPG,0
images/004A28.JPG,28
images/049A08.JPG,8
images/024A05.JPG,5
images/079A04.JPG,4
images/074A10.JPG,10
images/021A16.JPG,16
images/017A26.JPG,26
images/051A18.JPG,18
images/029A11.JPG,11
images/012A32.JPG,32
images/077A03.JPG,3
images/016A10.JPG,10
images/002A20.JPG,20
images/001A02.JPG,2
images/019A05.JPG,5
images/052A20.JPG,20
images/038A14.JPG,14
images/013A21.JPG,21
images/033A21.JPG,21
images/017A36.JPG,36
images/026A06.JPG,6
images/068A00.JPG,0
images/054A13.JPG,13
images/020A36.JPG,36
images/023A21.JPG,21
images/038A10.JPG,10
images/002A15.JPG,15
images/039A11.JPG,11
images/061A26.JPG,26
images/035A18.JPG,18
images/020A04.JPG,4
images/034A44.JPG,44
images/024A19.JPG,19
images/036A01.JPG,1
images/030A07.JPG,7
images/033A02.JPG,2
images/011A11.JPG,11
images/029A16.JPG,16
images/020A16.JPG,16
images/042A01.JPG,1
images/001A28.JPG,28
images/042A06.JPG,6
images/016A17.JPG,17
images/050A10.JPG,10
images/024A18.JPG,18
images/069A11.JPG,11
images/037A17.JPG,17
images/012A21.JPG,21
images/069A13.JPG,13
images/034A39.JPG,39
images/017A12.JPG,12
images/082A25.JPG,25
images/009A00.JPG,0
images/029A31.JPG,31
images/039A35.JPG,35
images/010A01.JPG,1
images/021A05.JPG,5
images/051A17.JPG,17
images/057A07.JPG,7
images/068A10b.JPG,10
images/074A00.JPG,0
images/021A30.JPG,30
images/002A36.JPG,36
images/046A04.JPG,4
images/053A03.JPG,3
images/051A24.JPG,24
images/050A16.JPG,16
images/001A14.JPG,14
images/074A05.JPG,5
images/016A07.JPG,7
images/050A06.JPG,6
images/016A04.JPG,4
images/077A00.JPG,0
images/077A09.JPG,9
images/025A18.JPG,18
images/009A16b.JPG,16
images/024A23.JPG,23
images/068A11.JPG,11
images/023A03.JPG,3
images/001A10.JPG,10
images/010A06.JPG,6
images/020A26.JPG,26
images/040A03a.JPG,3
images/064A01.JPG,1
images/038A17.JPG,17
images/001A18.JPG,18
images/074A06.JPG,6
images/071A18.JPG,18
images/002A18.JPG,18
images/038A34.JPG,34
images/005A45.JPG,45
images/013A00.JPG,0
images/004A30.JPG,30
images/048A54.JPG,54
images/002A16.JPG,16
images/059A16.JPG,16
images/051A16.JPG,16
images/002A04.JPG,4
images/004A51.JPG,51
images/068A10a.JPG,10
images/026A11.JPG,11
images/079A01.JPG,1
images/037A19.JPG,19
images/010A09.JPG,9
images/080A03.JPG,3
images/039A02.JPG,2
images/010A10.JPG,10
images/033A44.JPG,44
images/034A35.JPG,35
images/036A11.JPG,11
images/012A12.JPG,12
images/005A49.JPG,49
images/082A00.JPG,0
images/080A09.JPG,9
images/011A02.JPG,2
images/068A09.JPG,9
images/077A16.JPG,16
images/025A23.JPG,23
images/034A30.JPG,30
images/074A08.JPG,8
images/025A03.JPG,3
images/068A04.JPG,4
images/079A02.JPG,2
images/024A00.JPG,0
images/021A35.JPG,35
images/052A04.JPG,4
images/016A01.JPG,1
images/048A11.JPG,11
images/039A17.JPG,17
images/054A16.JPG,16
images/050A14.JPG,14
images/001A05.JPG,5
images/079A00.JPG,0
images/004A19.JPG,19
images/040A10.JPG,10
images/002A26.JPG,26
images/008A17.JPG,17
images/030A26.JPG,26
images/034A18.JPG,18
images/006A31.JPG,31
images/046A06.JPG,6
images/011A13.JPG,13
images/042A18.JPG,18
images/061A29.JPG,29
images/001A33.JPG,33
images/046A16.JPG,16
images/035A16.JPG,16
images/049A05.JPG,5
images/077A10.JPG,10
images/066A07.JPG,7
images/057A23.JPG,23
images/046A18.JPG,18
images/038A03.JPG,3
images/006A67.JPG,67
images/023A00.JPG,0
images/040A02.JPG,2
images/009A22b.JPG,22
images/002A21.JPG,21
images/012A25.JPG,25
images/034A11.JPG,11
images/005A35.JPG,35
images/005A18.JPG,18
images/059A02a.JPG,2
images/074A13.JPG,13
images/016A19.JPG,19
images/016A08.JPG,8
images/005A61.JPG,61
images/046A10.JPG,10
images/019A27.JPG,27
images/024A17.JPG,17
images/002A07.JPG,7
images/009A16a.JPG,16
images/005A48.JPG,48
images/037A01.JPG,1
images/071A00.JPG,0
images/014A22.JPG,22
images/036A19.JPG,19
images/020A22.JPG,22
images/048A46.JPG,46
images/008A29.JPG,29
images/036A06.JPG,6
images/009A05.JPG,5
images/080A01.JPG,1
images/042A10.JPG,10
images/074A01.JPG,1
images/068A12.JPG,12
images/010A05.JPG,5
images/001A40.JPG,40
images/017A42.JPG,42
images/053A10.JPG,10
images/001A43b.JPG,43
images/040A14.JPG,14
images/039A07.JPG,7
images/005A40.JPG,40
images/038A05.JPG,5
images/039A15.JPG,15
images/035A01.JPG,1
images/033A10.JPG,10
images/036A03.JPG,3
images/026A19.JPG,19
images/011A42.JPG,42
images/042A04.JPG,4
images/066A02a.JPG,2
images/039A10.JPG,10
images/051A14.JPG,14
images/020A24.JPG,24
images/036A15.JPG,15
images/082A18.JPG,18
images/069A03.JPG,3
images/050A22.JPG,22
images/006A36.JPG,36
images/020A02.JPG,2
images/038A01.JPG,1
images/012A04.JPG,4
images/011A05.JPG,5
images/009A14.JPG,14
images/048A18.JPG,18
images/037A02.JPG,2
images/013A16.JPG,16
images/051A15.JPG,15
images/035A14.JPG,14
images/061A06.JPG,6
images/021A39.JPG,39
images/054A10.JPG,10
images/040A19.JPG,19
images/030A00.JPG,0
images/021A20.JPG,20
images/048A27.JPG,27
images/059A06.JPG,6
images/054A11.JPG,11
images/021A18.JPG,18
images/026A17.JPG,17
images/014A18.JPG,18
images/082A21.JPG,21
images/030A18.JPG,18
images/025A19.JPG,19
images/071A45.JPG,45
images/036A18.JPG,18
images/019A23.JPG,23
images/080A13.JPG,13
images/014A42.JPG,42
images/057A05.JPG,5
images/048A52.JPG,52
images/012A34.JPG,34
images/042A08.JPG,8
images/006A61.JPG,61
images/013A19.JPG,19
images/023A14.JPG,14
images/057A17.JPG,17
images/053A18.JPG,18
images/077A01.JPG,1
images/066A04.JPG,4
images/011A15.JPG,15
images/021A11.JPG,11
images/023A22.JPG,22
images/013A23.JPG,23
images/053A13.JPG,13
images/023A05.JPG,5
images/046A20.JPG,20
images/077A14.JPG,14
images/010A04.JPG,4
images/057A16.JPG,16
images/019A12.JPG,12
images/014A16.JPG,16
images/023A07.JPG,7
images/048A30.JPG,30
images/071A44.JPG,44
images/064A03.JPG,3
images/013A41.JPG,41
images/054A06.JPG,6
images/048A16.JPG,16
images/012A14.JPG,14
images/061A30.JPG,30
images/036A08.JPG,8
images/080A04.JPG,4
images/054A00.JPG,0
images/053A11.JPG,11
images/066A02b.JPG,2
images/037A09.JPG,9
images/071A35.JPG,35
images/038A13.JPG,13
images/052A10.JPG,10
images/017A38.JPG,38
images/011A17.JPG,17
images/001A16.JPG,16
images/046A02.JPG,2
images/042A12.JPG,12
images/012A23.JPG,23
images/021A27.JPG,27
images/033A18.JPG,18
images/008A03.JPG,3
images/023A25.JPG,25
images/019A15.JPG,15
images/034A21.JPG,21
images/013A18.JPG,18
images/029A22.JPG,22
images/079A05.JPG,5
images/059A04.JPG,4
images/014A30.JPG,30
images/010A07b.JPG,7
images/074A03.JPG,3
images/048A00.JPG,0
images/052A14.JPG,14
images/052A19.JPG,19
images/077A02.JPG,2
images/013A44.JPG,44
images/074A07.JPG,7
images/026A13.JPG,13
images/039A45.JPG,45
