images/058A17.JPG,17
images/071A43.JPG,43
images/022A25.JPG,25
images/015A07.JPG,7
images/057A12.JPG,12
images/002A15.JPG,15
images/050A00.JPG,0
images/039A45.JPG,45
images/079A01.JPG,1
images/047A27.JPG,27
images/072A45.JPG,45
images/056A15.JPG,15
images/072A34.JPG,34
images/052A14.JPG,14
images/014A16.JPG,16
images/029A11.JPG,11
images/060A04.JPG,4
images/024A05.JPG,5
images/075A03.JPG,3
images/004A40.JPG,40
images/077A16.JPG,16
images/014A42.JPG,42
images/020A22.JPG,22
images/002A29.JPG,29
images/020A20.JPG,20
images/060A07.JPG,7
images/040A12.JPG,12
images/054A16.JPG,16
images/037A13.JPG,13
images/039A35.JPG,35
images/061A30.JPG,30
images/043A00.JPG,0
images/039A10.JPG,10
images/032A13.JPG,13
images/012A34.JPG,34
images/077A14.JPG,14
images/057A06.JPG,6
images/057A25.JPG,25
images/040A19.JPG,19
images/053A13.JPG,13
images/046A04.JPG,4
images/037A00.JPG,0
images/054A02.JPG,2
images/011A30.JPG,30
images/041A24.JPG,24
images/071A45.JPG,45
images/025A12.JPG,12
images/076A04.JPG,4
images/040A16.JPG,16
images/032A18.JPG,18
images/076A14.JPG,14
images/057A16.JPG,16
images/072A14.JPG,14
images/037A19.JPG,19
images/036A01.JPG,1
images/018A22.JPG,22
images/054A11.JPG,11
images/052A07.JPG,7
images/060A05.JPG,5
images/015A05.JPG,5
images/079A03.JPG,3
images/020A36.JPG,36
images/014A12.JPG,12
images/014A36.JPG,36
images/077A13.JPG,13
images/072A17.JPG,17
images/061A26.JPG,26
images/041A13.JPG,13
images/052A16.JPG,16
images/061A25.JPG,25
images/040A06.JPG,6
images/029A04.JPG,4
images/039A07.JPG,7
images/041A04.JPG,4
images/029A23.JPG,23
images/046A10.JPG,10
images/015A00.JPG,0
images/076A07.JPG,7
images/080A06.JPG,6
images/041A06.JPG,6
images/081A02.JPG,2
images/071A18.JPG,18
images/015A15.JPG,15
images/024A30.JPG,30
images/043A19.JPG,19
images/071A10.JPG,10
images/015A04.JPG,4
images/019A30.JPG,30
images/012A27.JPG,27
images/077A01.JPG,1
images/004A53.JPG,53
images/061A32.JPG,32
images/024A19.JPG,19
images/012A30.JPG,30
images/046A01.JPG,1
images/043A15.JPG,15
images/039A50.JPG,50
images/045A43.JPG,43
images/081A11.JPG,11
images/023A09.JPG,9
images/020A13.JPG,13
images/029A10.JPG,10
images/025A19.JPG,19
images/004A30.JPG,30
images/006A24.JPG,24
images/053A12.JPG,12
images/043A04.JPG,4
images/051A16.JPG,16
images/052A18.JPG,18
images/042A12.JPG,12
images/060A12.JPG,12
images/060A02.JPG,2
images/023A25.JPG,25
images/080A13.JPG,13
images/002A31.JPG,31
images/006A42.JPG,42
images/040A10.JPG,10
images/023A07.JPG,7
images/057A18.JPG,18
images/004A63.JPG,63
images/072A19.JPG,19
images/041A20.JPG,20
images/029A22.JPG,22
images/046A02.JPG,2
images/039A13.JPG,13
images/011A13.JPG,13
images/051A08.JPG,8
images/013A30.JPG,30
images/076A06.JPG,6
images/060A17.JPG,17
images/058A10.JPG,10
images/025A34.JPG,34
images/014A30.JPG,30
images/011A42.JPG,42
images/047A45.JPG,45
images/028A41.JPG,41
images/031A09.JPG,9
images/023A18.JPG,18
images/018A28.JPG,28
images/019A07.JPG,7
images/080A02.JPG,2
images/024A17.JPG,17
images/012A24.JPG,24
images/042A28.JPG,28
images/061A17.JPG,17
images/020A16.JPG,16
images/047A13.JPG,13
images/031A02.JPG,2
images/004A19.JPG,19
images/025A07.JPG,7
images/039A05.JPG,5
images/007A23.JPG,23
images/023A29.JPG,29
images/030A18.JPG,18
images/012A21.JPG,21
images/032A15.JPG,15
images/076A15.JPG,15
images/066A08.JPG,8
images/001A22.JPG,22
images/012A25.JPG,25
images/007A45.JPG,45
images/013A08.JPG,8
images/032A20.JPG,20
images/080A01.JPG,1
images/032A35.JPG,35
images/045A06.JPG,6
images/015A14.JPG,14
images/066A02a.JPG,2
images/001A33.JPG,33
images/002A20.JPG,20
images/015A10.JPG,10
images/054A00.JPG,0
images/045A12.JPG,12
images/006A69.JPG,69
images/075A11.JPG,11
images/053A02.JPG,2
images/012A18.JPG,18
images/076A05.JPG,5
images/053A11.JPG,11
images/064A19.JPG,19
images/039A16.JPG,16
images/025A22.JPG,22
images/058A03.JPG,3
images/077A10.JPG,10
images/025A28.JPG,28
images/066A03.JPG,3
images/020A08.JPG,8
images/079A11.JPG,11
images/001A05.JPG,5
images/053A03.JPG,3
images/046A17.JPG,17
images/046A20.JPG,20
images/031A19.JPG,19
images/052A13.JPG,13
images/042A24.JPG,24
images/045A32.JPG,32
images/037A06.JPG,6
images/066A04.JPG,4
images/047A15.JPG,15
images/018A25.JPG,25
images/058A00.JPG,0
images/028A28.JPG,28
images/011A27.JPG,27
images/042A14.JPG,14
images/039A11.JPG,11
images/054A12.JPG,12
images/045A48.JPG,48
images/013A34.JPG,34
images/015A17.JPG,17
images/002A21.JPG,21
images/040A00.JPG,0
images/028A37.JPG,37
images/060A19.JPG,19
images/018A36.JPG,36
images/022A28.JPG,28
images/007A01.JPG,1
images/051A17.JPG,17
images/029A31.JPG,31
images/004A48.JPG,48
images/079A06.JPG,6
images/031A06.JPG,6
images/028A46.JPG,46
images/001A18.JPG,18
images/081A12.JPG,12
images/028A35.JPG,35
images/053A06.JPG,6
images/047A09.JPG,9
images/079A13.JPG,13
images/042A01.JPG,1
images/042A20.JPG,20
images/040A07.JPG,7
images/076A10.JPG,10
images/011A17.JPG,17
images/006A31.JPG,31
images/075A00.JPG,0
images/044A17.JPG,17
images/006A61.JPG,61
images/080A00.JPG,0
images/030A00.JPG,0
images/031A15.JPG,15
images/077A15.JPG,15
images/079A08.JPG,8
images/071A44.JPG,44
images/047A20.JPG,20
images/044A18.JPG,18
images/012A12.JPG,12
images/024A18.JPG,18
images/011A20.JPG,20
images/022A18.JPG,18
images/031A11.JPG,11
images/046A18.JPG,18
images/014A22.JPG,22
images/060A08.JPG,8
images/076A09.JPG,9
images/031A00.JPG,0
images/051A18.JPG,18
images/007A26.JPG,26
images/023A00.JPG,0
images/031A14.JPG,14
images/023A03.JPG,3
images/036A15.JPG,15
images/029A01.JPG,1
images/001A28.JPG,28
images/052A02.JPG,2
images/015A19.JPG,19
images/019A18.JPG,18
images/042A08.JPG,8
images/081A03.JPG,3
images/077A12.JPG,12
images/080A12.JPG,12
images/037A01.JPG,1
images/030A07.JPG,7
images/030A23.JPG,23
images/047A33.JPG,33
images/036A18.JPG,18
images/007A37.JPG,37
images/064A10.JPG,10
images/053A04.JPG,4
images/040A03b.JPG,3
images/001A08.JPG,8
images/001A43a.JPG,43
images/001A19.JPG,19
images/019A27.JPG,27
images/071A35.JPG,35
images/044A21.JPG,21
images/014A03.JPG,3
images/047A11.JPG,11
images/054A19.JPG,19
images/032A08.JPG,8
images/066A09.JPG,9
images/043A10.JPG,10
images/024A25.JPG,25
images/036A00.JPG,0
images/001A10.JPG,10
images/081A05.JPG,5
images/044A07.JPG,7
images/036A19.JPG,19
images/052A04.JPG,4
images/039A52.JPG,52
images/045A03.JPG,3
images/001A29.JPG,29
images/042A04.JPG,4
images/076A17.JPG,17
images/054A17.JPG,17
images/051A12.JPG,12
images/007A22.JPG,22
images/019A03.JPG,3
images/041A09.JPG,9
images/061A29.JPG,29
images/081A07.JPG,7
images/045A18.JPG,18
images/066A06a.JPG,6
images/020A24.JPG,24
images/022A07.JPG,7
images/047A12.JPG,12
images/044A13.JPG,13
images/040A14.JPG,14
images/037A04.JPG,4
images/076A03.JPG,3
images/037A18.JPG,18
images/006A46.JPG,46
images/076A08.JPG,8
images/045A40.JPG,40
images/025A03.JPG,3
images/031A03.JPG,3
images/019A05.JPG,5
images/072A07.JPG,7
images/002A03.JPG,3
images/022A20.JPG,20
images/002A04.JPG,4
images/022A27.JPG,27
images/015A03.JPG,3
images/050A22.JPG,22
images/056A03.JPG,3
images/023A21.JPG,21
images/081A10.JPG,10
images/058A04.JPG,4
images/045A25.JPG,25
images/011A05.JPG,5
images/040A05.JPG,5
images/032A10.JPG,10
images/024A28.JPG,28
images/075A10.JPG,10
images/066A11.JPG,11
images/053A10.JPG,10
images/064A03.JPG,3
images/080A03.JPG,3
images/077A07.JPG,7
images/056A10.JPG,10
images/004A21.JPG,21
images/077A11.JPG,11
images/046A14.JPG,14
images/051A14.JPG,14
images/053A15.JPG,15
images/032A06.JPG,6
images/006A28.JPG,28
images/014A14.JPG,14
images/028A34.JPG,34
images/040A03a.JPG,3
images/051A24.JPG,24
images/030A17.JPG,17
images/011A11.JPG,11
images/043A23.JPG,23
images/019A00.JPG,0
images/079A10.JPG,10
images/036A17.JPG,17
images/064A01.JPG,1
images/080A05.JPG,5
images/046A06.JPG,6
images/077A09.JPG,9
images/047A05.JPG,5
images/056A12.JPG,12
images/045A08.JPG,8
images/002A12.JPG,12
images/043A05.JPG,5
images/013A41.JPG,41
images/061A06.JPG,6
images/045A28.JPG,28
images/036A20.JPG,20
images/075A08.JPG,8
images/042A10.JPG,10
images/052A10.JPG,10
images/002A18.JPG,18
images/001A02.JPG,2
images/028A14.JPG,14
images/077A08.JPG,8
images/072A25.JPG,25
images/058A02.JPG,2
images/002A23.JPG,23
images/079A09.JPG,9
images/012A26.JPG,26
images/045A19.JPG,19
images/052A19.JPG,19
images/042A05.JPG,5
images/042A06.JPG,6
images/029A29.JPG,29
images/025A39.JPG,39
images/022A11.JPG,11
images/011A02.JPG,2
images/045A17.JPG,17
images/030A20.JPG,20
images/022A26.JPG,26
images/012A04.JPG,4
images/013A44.JPG,44
images/061A18.JPG,18
images/056A04.JPG,4
images/041A21.JPG,21
images/040A09.JPG,9
images/061A07.JPG,7
images/077A03.JPG,3
images/013A19.JPG,19
images/071A00.JPG,0
images/044A01.JPG,1
images/024A00.JPG,0
images/044A15.JPG,15
images/057A07.JPG,7
images/079A07.JPG,7
images/014A40.JPG,40
images/018A33.JPG,33
images/036A11.JPG,11
images/060A10.JPG,10
images/007A18.JPG,18
images/031A16.JPG,16
images/006A51.JPG,51
images/042A18.JPG,18
images/025A15.JPG,15
images/023A05.JPG,5
images/019A12.JPG,12
images/066A06b.JPG,6
images/056A02.JPG,2
images/002A26.JPG,26
images/075A02.JPG,2
images/056A01.JPG,1
images/012A23.JPG,23
images/019A15.JPG,15
images/043A03.JPG,3
images/052A17.JPG,17
images/013A16.JPG,16
images/028A18.JPG,18
images/076A00.JPG,0
images/079A02.JPG,2
images/006A55.JPG,55
images/071A27.JPG,27
images/031A12.JPG,12
images/071A42.JPG,42
images/056A06.JPG,6
images/031A07.JPG,7
images/060A20.JPG,20
images/040A21.JPG,21
images/072A21.JPG,21
images/054A04.JPG,4
images/076A16.JPG,16
images/054A10.JPG,10
images/012A32.JPG,32
images/031A04.JPG,4
images/015A01.JPG,1
images/072A41.JPG,41
images/014A18.JPG,18
images/004A28.JPG,28
images/002A07.JPG,7
images/054A18.JPG,18
images/036A08.JPG,8
images/053A08.JPG,8
images/024A07.JPG,7
images/061A04.JPG,4
images/076A01.JPG,1
images/061A15.JPG,15
images/071A40.JPG,40
images/018A06.JPG,6
images/001A16.JPG,16
images/004A51.JPG,51
images/006A36.JPG,36
images/029A33.JPG,33
images/022A14.JPG,14
images/058A15.JPG,15
images/054A06.JPG,6
images/058A13.JPG,13
images/032A33.JPG,33
images/050A10.JPG,10
images/079A00.JPG,0
images/020A26.JPG,26
images/023A14.JPG,14
images/042A00.JPG,0
images/025A18.JPG,18
images/064A04.JPG,4
images/036A13.JPG,13
images/064A15.JPG,15
images/041A19.JPG,19
images/041A00.JPG,0
images/022A00.JPG,0
images/022A23.JPG,23
images/052A20.JPG,20
images/047A23.JPG,23
images/057A00.JPG,0
images/060A11.JPG,11
images/077A02.JPG,2
images/057A17.JPG,17
images/029A13.JPG,13
images/077A00.JPG,0
images/001A43b.JPG,43
images/007A39.JPG,39
images/072A27.JPG,27
images/022A16.JPG,16
images/039A17.JPG,17
images/079A04.JPG,4
images/029A05.JPG,5
images/011A40.JPG,40
images/066A10.JPG,10
images/061A19.JPG,19
images/058A06.JPG,6
images/030A04.JPG,4
images/013A21.JPG,21
images/025A23.JPG,23
images/047A18.JPG,18
images/076A13.JPG,13
images/072A13.JPG,13
images/043A13.JPG,13
images/018A29.JPG,29
images/023A16.JPG,16
images/037A08.JPG,8
images/081A06.JPG,6
images/030A10.JPG,10
images/025A00.JPG,0
images/075A07.JPG,7
images/037A17.JPG,17
images/051A15.JPG,15
images/080A09.JPG,9
images/020A04.JPG,4
images/076A11.JPG,11
images/011A14.JPG,14
images/023A22.JPG,22
images/061A10.JPG,10
images/004A62.JPG,62
images/053A18.JPG,18
images/047A55.JPG,55
images/032A40.JPG,40
images/006A40.JPG,40
images/050A18.JPG,18
images/032A24.JPG,24
images/002A05.JPG,5
images/013A00.JPG,0
images/013A23.JPG,23
images/036A03.JPG,3
images/040A02.JPG,2
images/051A05.JPG,5
images/015A09.JPG,9
images/039A15.JPG,15
images/066A02b.JPG,2
images/072A11.JPG,11
images/024A10.JPG,10
images/001A40.JPG,40
images/012A14.JPG,14
images/004A37.JPG,37
images/037A09.JPG,9
images/007A38.JPG,38
images/011A34.JPG,34
images/075A06.JPG,6
images/039A02.JPG,2
images/006A67.JPG,67
images/037A11.JPG,11
images/018A18.JPG,18
images/002A36.JPG,36
images/030A16.JPG,16
images/001A14.JPG,14
images/030A26.JPG,26
images/076A02.JPG,2
images/053A01.JPG,1
images/046A08.JPG,8
images/028A26.JPG,26
images/081A00.JPG,0
images/051A00.JPG,0
images/032A28.JPG,28
images/066A00.JPG,0
images/020A02.JPG,2
images/075A01.JPG,1
images/043A17.JPG,17
images/080A07.JPG,7
images/018A34.JPG,34
images/028A20.JPG,20
images/036A06.JPG,6
images/054A13.JPG,13
images/080A10.JPG,10
images/075A05.JPG,5
images/076A12.JPG,12
images/036A05.JPG,5
images/050A14.JPG,14
images/018A16.JPG,16
images/020A30.JPG,30
images/077A06.JPG,6
images/071A22.JPG,22
images/072A29.JPG,29
images/013A25.JPG,25
images/050A16.JPG,16
images/080A04.JPG,4
images/054A09.JPG,9
images/015A12.JPG,12
images/081A04.JPG,4
images/066A07.JPG,7
images/002A38.JPG,38
images/050A03.JPG,3
images/037A02.JPG,2
images/012A36.JPG,36
images/046A16.JPG,16
images/046A00.JPG,0
images/057A05.JPG,5
images/044A25.JPG,25
images/012A07.JPG,7
images/030A05.JPG,5
images/079A12.JPG,12
images/044A03.JPG,3
images/022A30.JPG,30
images/050A06.JPG,6
images/057A23.JPG,23
images/046A12.JPG,12
images/039A19.JPG,19
images/053A00.JPG,0
images/043A27.JPG,27
images/011A15.JPG,15
images/081A08.JPG,8
images/080A08.JPG,8
images/044A05.JPG,5
images/079A05.JPG,5
images/020A18.JPG,18
images/080A14.JPG,14
images/018A11.JPG,11
images/024A23.JPG,23
images/051A02.JPG,2
images/028A16.JPG,16
images/081A01.JPG,1
images/013A18.JPG,18
images/004A26.JPG,26
images/071A23.JPG,23
images/041A02.JPG,2
images/047A06.JPG,6
images/002A16.JPG,16
images/077A04.JPG,4
images/019A23.JPG,23
images/058A01.JPG,1
images/029A20.JPG,20
images/029A16.JPG,16
images/011A07.JPG,7
images/071A24.JPG,24
images/020A11.JPG,11
images/072A02.JPG,2
images/058A05.JPG,5
images/060A06.JPG,6
