images/051A15.JPG,15
images/011A14.JPG,14
images/019A15.JPG,15
images/034A21.JPG,21
images/004A63.JPG,63
images/038A13.JPG,13
images/017A07.JPG,7
images/054A10.JPG,10
images/079A11.JPG,11
images/058A13.JPG,13
images/011A27.JPG,27
images/050A03.JPG,3
images/013A19.JPG,19
images/045A06.JPG,6
images/013A21.JPG,21
images/031A04.JPG,4
images/011A30.JPG,30
images/040A14.JPG,14
images/081A08.JPG,8
images/044A21.JPG,21
images/011A20.JPG,20
images/045A40.JPG,40
images/077A08.JPG,8
images/069A11.JPG,11
images/042A20.JPG,20
images/045A19.JPG,19
images/063A33.JPG,33
images/017A32.JPG,32
images/069A09.JPG,9
images/058A02.JPG,2
images/063A22.JPG,22
images/044A15.JPG,15
images/072A41.JPG,41
images/072A13.JPG,13
images/030A00.JPG,0
images/052A04.JPG,4
images/042A08.JPG,8
images/017A19.JPG,19
images/058A00.JPG,0
images/019A30.JPG,30
images/063A09.JPG,9
images/031A11.JPG,11
images/040A09.JPG,9
images/065A06a.JPG,6
images/048A11.JPG,11
images/079A12.JPG,12
images/050A18.JPG,18
images/016A05.JPG,5
images/066A06b.JPG,6
images/038A05.JPG,5
images/060A08.JPG,8
images/065A09.JPG,9
images/066A02b.JPG,2
images/012A18.JPG,18
images/078A09.JPG,9
images/022A16.JPG,16
images/079A09.JPG,9
images/076A02.JPG,2
images/039A05.JPG,5
images/055A05.JPG,5
images/042A00.JPG,0
images/024A05.JPG,5
images/080A09.JPG,9
images/076A17.JPG,17
images/011A17.JPG,17
images/021A11.JPG,11
images/048A10.JPG,10
images/021A27.JPG,27
images/009A01.JPG,1
images/074A03.JPG,3
images/017A22.JPG,22
images/034A18.JPG,18
images/029A20.JPG,20
images/068A14.JPG,14
images/062A45.JPG,45
images/010A01.JPG,1
images/052A16.JPG,16
images/079A13.JPG,13
images/007A26.JPG,26
images/009A03.JPG,3
images/080A06.JPG,6
images/029A11.JPG,11
images/042A06.JPG,6
images/021A05.JPG,5
images/031A06.JPG,6
images/072A34.JPG,34
images/017A12.JPG,12
images/065A03b.JPG,3
images/044A18.JPG,18
images/032A15.JPG,15
images/015A09.JPG,9
images/079A03.JPG,3
images/038A17.JPG,17
images/034A13.JPG,13
images/065A12.JPG,12
images/050A00.JPG,0
images/011A34.JPG,34
images/042A28.JPG,28
images/055A06.JPG,6
images/024A18.JPG,18
images/032A35.JPG,35
images/066A00.JPG,0
images/015A19.JPG,19
images/021A03.JPG,3
images/039A52.JPG,52
images/063A00.JPG,0
images/048A50.JPG,50
images/074A12.JPG,12
images/054A19.JPG,19
images/054A12.JPG,12
images/039A17.JPG,17
images/076A04.JPG,4
images/007A39.JPG,39
images/044A13.JPG,13
images/032A08.JPG,8
images/045A43.JPG,43
images/081A06.JPG,6
images/034A15.JPG,15
images/078A11.JPG,11
images/016A19.JPG,19
images/009A00.JPG,0
images/068A03.JPG,3
images/076A16.JPG,16
images/014A40.JPG,40
images/062A53.JPG,53
images/003A25.JPG,25
images/034A39.JPG,39
images/009A05.JPG,5
images/078A15.JPG,15
images/031A00.JPG,0
images/019A05.JPG,5
images/077A01.JPG,1
images/028A35.JPG,35
images/017A29.JPG,29
images/014A14.JPG,14
images/048A30.JPG,30
images/062A38.JPG,38
images/030A10.JPG,10
images/048A27.JPG,27
images/019A23.JPG,23
images/003A18.JPG,18
images/060A05.JPG,5
images/029A05.JPG,5
images/015A15.JPG,15
images/009A18.JPG,18
images/045A48.JPG,48
images/045A32.JPG,32
images/014A12.JPG,12
images/004A21.JPG,21
images/003A35.JPG,35
images/051A02.JPG,2
images/042A05.JPG,5
images/028A41.JPG,41
images/010A09.JPG,9
images/011A15.JPG,15
images/074A08.JPG,8
images/007A23.JPG,23
images/065A13.JPG,13
images/074A06.JPG,6
images/038A11.JPG,11
images/014A22.JPG,22
images/076A01.JPG,1
images/069A13.JPG,13
images/052A20.JPG,20
images/050A16.JPG,16
images/076A06.JPG,6
images/016A16.JPG,16
images/010A07a.JPG,7
images/015A03.JPG,3
images/052A02.JPG,2
images/012A21.JPG,21
images/074A00.JPG,0
images/012A27.JPG,27
images/012A04.JPG,4
images/055A04.JPG,4
images/048A15.JPG,15
images/038A08.JPG,8
images/017A42.JPG,42
images/077A02.JPG,2
images/004A30.JPG,30
images/015A10.JPG,10
images/052A10.JPG,10
images/005A61.JPG,61
images/076A09.JPG,9
images/065A04.JPG,4
images/044A25.JPG,25
images/013A25.JPG,25
images/009A16a.JPG,16
images/003A20.JPG,20
images/049A12.JPG,12
images/052A13.JPG,13
images/066A07.JPG,7
images/021A16.JPG,16
images/051A12.JPG,12
images/005A49.JPG,49
images/019A03.JPG,3
images/016A18.JPG,18
images/068A04.JPG,4
images/072A14.JPG,14
images/062A30.JPG,30
images/054A00.JPG,0
images/068A10b.JPG,10
images/028A14.JPG,14
images/028A16.JPG,16
images/054A06.JPG,6
images/040A19.JPG,19
images/072A29.JPG,29
images/015A01.JPG,1
images/081A02.JPG,2
images/019A18.JPG,18
images/042A01.JPG,1
images/069A05.JPG,5
images/054A17.JPG,17
images/017A26.JPG,26
images/022A00.JPG,0
images/017A36.JPG,36
images/034A02.JPG,2
images/022A18.JPG,18
images/062A15.JPG,15
images/038A34.JPG,34
images/024A28.JPG,28
images/031A19.JPG,19
images/055A14.JPG,14
images/054A18.JPG,18
images/069A04.JPG,4
images/016A01.JPG,1
images/076A10.JPG,10
images/063A20.JPG,20
images/031A15.JPG,15
images/077A00.JPG,0
images/034A30.JPG,30
images/079A08.JPG,8
images/029A23.JPG,23
images/040A21.JPG,21
images/010A04.JPG,4
images/032A40.JPG,40
images/024A17.JPG,17
images/021A39.JPG,39
images/014A16.JPG,16
images/021A20.JPG,20
images/039A50.JPG,50
images/078A13.JPG,13
images/068A00.JPG,0
images/030A20.JPG,20
images/028A20.JPG,20
images/063A18.JPG,18
images/044A01.JPG,1
images/077A14.JPG,14
images/010A16.JPG,16
images/012A07.JPG,7
images/058A17.JPG,17
images/031A03.JPG,3
images/044A05.JPG,5
images/029A13.JPG,13
images/010A10.JPG,10
images/080A08.JPG,8
images/029A04.JPG,4
images/015A05.JPG,5
images/048A46.JPG,46
images/014A36.JPG,36
images/003A61.JPG,61
images/022A26.JPG,26
images/040A12.JPG,12
images/080A01.JPG,1
images/051A18.JPG,18
images/038A21.JPG,21
images/066A08.JPG,8
images/045A17.JPG,17
images/076A14.JPG,14
images/039A16.JPG,16
images/009A09.JPG,9
images/038A01.JPG,1
images/005A40.JPG,40
images/074A01.JPG,1
images/069A00.JPG,0
images/078A02.JPG,2
images/078A03.JPG,3
images/030A17.JPG,17
images/021A18.JPG,18
images/049A08.JPG,8
images/078A10.JPG,10
images/077A07.JPG,7
images/040A10.JPG,10
images/012A26.JPG,26
images/013A18.JPG,18
images/007A22.JPG,22
images/049A16.JPG,16
images/080A05.JPG,5
images/038A10.JPG,10
images/049A15.JPG,15
images/066A10.JPG,10
images/066A03.JPG,3
images/072A02.JPG,2
images/069A10.JPG,10
images/022A11.JPG,11
images/003A49.JPG,49
images/068A11.JPG,11
images/007A37.JPG,37
images/076A12.JPG,12
images/022A14.JPG,14
images/029A22.JPG,22
images/016A08.JPG,8
images/016A14.JPG,14
images/068A09.JPG,9
images/079A04.JPG,4
images/034A11.JPG,11
images/029A31.JPG,31
images/038A04.JPG,4
images/005A31.JPG,31
images/018A34.JPG,34
images/039A10.JPG,10
images/065A02b.JPG,2
images/080A00.JPG,0
images/004A37.JPG,37
images/060A07.JPG,7
images/065A07a.JPG,7
images/076A03.JPG,3
images/065A07b.JPG,7
images/058A04.JPG,4
images/010A06.JPG,6
images/014A03.JPG,3
images/021A06.JPG,6
images/015A12.JPG,12
images/031A09.JPG,9
images/034A16.JPG,16
images/058A15.JPG,15
images/004A51.JPG,51
images/016A07.JPG,7
images/028A34.JPG,34
images/007A18.JPG,18
images/078A06.JPG,6
images/021A35.JPG,35
images/007A01.JPG,1
images/011A05.JPG,5
images/031A07.JPG,7
images/048A09.JPG,9
images/038A23.JPG,23
images/045A25.JPG,25
images/039A11.JPG,11
images/065A10.JPG,10
images/030A23.JPG,23
images/013A23.JPG,23
images/021A30.JPG,30
images/032A28.JPG,28
images/054A16.JPG,16
images/074A09.JPG,9
images/081A07.JPG,7
images/029A29.JPG,29
images/063A04.JPG,4
images/045A12.JPG,12
images/052A14.JPG,14
images/080A02.JPG,2
images/003A23.JPG,23
images/048A00.JPG,0
images/018A25.JPG,25
images/024A25.JPG,25
images/012A14.JPG,14
images/080A07.JPG,7
images/051A16.JPG,16
images/055A22.JPG,22
images/060A02.JPG,2
images/076A13.JPG,13
images/039A35.JPG,35
images/024A07.JPG,7
images/069A07.JPG,7
images/010A15.JPG,15
images/040A00.JPG,0
images/074A07.JPG,7
images/034A04.JPG,4
images/078A14.JPG,14
images/050A10.JPG,10
images/014A30.JPG,30
images/045A08.JPG,8
images/049A05.JPG,5
images/081A05.JPG,5
images/074A02.JPG,2
images/081A11.JPG,11
images/044A17.JPG,17
images/016A04.JPG,4
images/007A38.JPG,38
images/076A15.JPG,15
images/042A10.JPG,10
images/065A06b.JPG,6
images/030A18.JPG,18
images/060A20.JPG,20
images/022A30.JPG,30
images/007A45.JPG,45
images/018A33.JPG,33
images/018A16.JPG,16
images/004A62.JPG,62
images/078A04.JPG,4
images/072A45.JPG,45
images/039A13.JPG,13
images/031A16.JPG,16
images/005A48.JPG,48
images/018A06.JPG,6
images/042A14.JPG,14
images/066A02a.JPG,2
images/052A07.JPG,7
images/010A12.JPG,12
images/058A03.JPG,3
images/034A44.JPG,44
images/009A11.JPG,11
images/032A33.JPG,33
images/014A42.JPG,42
images/004A26.JPG,26
images/015A00.JPG,0
images/074A13.JPG,13
images/048A52.JPG,52
images/052A19.JPG,19
images/009A14.JPG,14
images/003A58.JPG,58
images/030A16.JPG,16
images/078A07.JPG,7
images/055A12.JPG,12
images/003A38.JPG,38
images/062A35.JPG,35
images/012A36.JPG,36
images/068A10a.JPG,10
images/005A30.JPG,30
images/013A16.JPG,16
images/081A10.JPG,10
images/019A27.JPG,27
images/018A22.JPG,22
images/079A06.JPG,6
images/076A05.JPG,5
images/024A23.JPG,23
images/030A05.JPG,5
images/049A07.JPG,7
images/072A19.JPG,19
images/048A54.JPG,54
images/019A07.JPG,7
images/058A01.JPG,1
images/062A47.JPG,47
images/060A17.JPG,17
images/052A18.JPG,18
images/039A07.JPG,7
images/019A12.JPG,12
images/069A06.JPG,6
images/076A08.JPG,8
images/028A28.JPG,28
images/066A04.JPG,4
images/018A18.JPG,18
images/016A03.JPG,3
images/077A03.JPG,3
images/048A49.JPG,49
images/012A12.JPG,12
images/028A46.JPG,46
images/078A00.JPG,0
images/042A18.JPG,18
images/005A24.JPG,24
images/044A03.JPG,3
images/050A14.JPG,14
images/010A18.JPG,18
images/077A06.JPG,6
images/080A04.JPG,4
images/051A05.JPG,5
images/062A54.JPG,54
images/013A08.JPG,8
images/074A04.JPG,4
images/022A07.JPG,7
images/081A01.JPG,1
images/029A10.JPG,10
images/032A06.JPG,6
images/045A18.JPG,18
images/065A08.JPG,8
images/013A41.JPG,41
images/077A04.JPG,4
images/054A13.JPG,13
images/048A33.JPG,33
images/054A09.JPG,9
images/081A04.JPG,4
images/038A14.JPG,14
images/039A15.JPG,15
images/011A11.JPG,11
images/068A12.JPG,12
images/048A17.JPG,17
images/016A10.JPG,10
images/009A22a.JPG,22
images/081A00.JPG,0
images/010A05.JPG,5
images/079A01.JPG,1
images/055A23.JPG,23
images/079A10.JPG,10
images/079A00.JPG,0
images/063A08.JPG,8
images/051A14.JPG,14
images/013A30.JPG,30
images/038A03.JPG,3
images/054A04.JPG,4
images/029A33.JPG,33
images/054A11.JPG,11
images/005A45.JPG,45
images/077A11.JPG,11
images/079A07.JPG,7
images/072A27.JPG,27
images/058A06.JPG,6
images/040A03a.JPG,3
images/029A16.JPG,16
images/013A00.JPG,0
images/009A22b.JPG,22
images/079A05.JPG,5
images/081A12.JPG,12
images/013A44.JPG,44
images/022A25.JPG,25
images/005A35.JPG,35
images/074A10.JPG,10
images/039A19.JPG,19
images/078A05.JPG,5
images/005A18.JPG,18
images/022A27.JPG,27
images/034A25.JPG,25
images/060A04.JPG,4
images/028A26.JPG,26
images/015A17.JPG,17
images/018A29.JPG,29
images/051A17.JPG,17
images/066A09.JPG,9
images/080A14.JPG,14
images/076A07.JPG,7
images/072A17.JPG,17
images/074A05.JPG,5
images/012A30.JPG,30
images/031A12.JPG,12
images/030A04.JPG,4
images/040A02.JPG,2
images/011A07.JPG,7
images/045A03.JPG,3
images/080A10.JPG,10
images/040A16.JPG,16
images/028A37.JPG,37
images/003A60.JPG,60
images/012A24.JPG,24
images/024A30.JPG,30
images/015A14.JPG,14
images/077A09.JPG,9
images/003A47.JPG,47
images/050A22.JPG,22
images/042A12.JPG,12
images/080A12.JPG,12
images/016A12.JPG,12
images/060A06.JPG,6
images/018A11.JPG,11
images/024A10.JPG,10
images/005A52.JPG,52
images/029A01.JPG,1
images/031A14.JPG,14
images/076A00.JPG,0
images/077A10.JPG,10
images/074A11.JPG,11
images/049A17.JPG,17
images/032A13.JPG,13
images/051A08.JPG,8
images/011A42.JPG,42
images/080A13.JPG,13
images/078A01.JPG,1
images/022A23.JPG,23
images/062A41.JPG,41
images/080A03.JPG,3
images/078A08.JPG,8
images/004A19.JPG,19
images/072A07.JPG,7
images/044A07.JPG,7
images/017A38.JPG,38
images/032A20.JPG,20
images/011A02.JPG,2
images/040A03b.JPG,3
images/010A07b.JPG,7
images/060A11.JPG,11
images/072A21.JPG,21
images/066A06a.JPG,6
images/038A00.JPG,0
images/012A32.JPG,32
images/034A35.JPG,35
images/024A19.JPG,19
images/030A07.JPG,7
images/048A18.JPG,18
images/040A07.JPG,7
images/048A16.JPG,16
images/015A04.JPG,4
images/060A12.JPG,12
images/012A34.JPG,34
images/011A13.JPG,13
images/013A34.JPG,34
images/040A06.JPG,6
images/032A10.JPG,10
images/058A10.JPG,10
images/051A00.JPG,0
images/078A12.JPG,12
images/014A18.JPG,18
images/012A25.JPG,25
images/032A24.JPG,24
images/049A06.JPG,6
images/028A18.JPG,18
images/052A17.JPG,17
images/017A05.JPG,5
images/072A25.JPG,25
images/062A18.JPG,18
images/011A40.JPG,40
images/069A03.JPG,3
images/039A45.JPG,45
images/030A26.JPG,26
images/051A24.JPG,24
images/018A28.JPG,28
images/065A11.JPG,11
images/074A14.JPG,14
images/017A15.JPG,15
images/039A02.JPG,2
images/062A03.JPG,3
images/065A03a.JPG,3
images/009A13.JPG,13
images/004A48.JPG,48
images/003A51.JPG,51
images/019A00.JPG,0
images/024A00.JPG,0
images/050A06.JPG,6
images/065A02a.JPG,2
images/077A16.JPG,16
images/049A04.JPG,4
images/021A23.JPG,23
images/079A02.JPG,2
images/077A13.JPG,13
images/063A25.JPG,25
images/012A23.JPG,23
images/062A16.JPG,16
images/072A11.JPG,11
images/045A28.JPG,28
images/004A40.JPG,40
images/063A02.JPG,2
images/069A02.JPG,2
images/077A12.JPG,12
images/022A28.JPG,28
images/042A24.JPG,24
images/004A28.JPG,28
images/031A02.JPG,2
images/058A05.JPG,5
images/049A10.JPG,10
images/018A36.JPG,36
images/054A02.JPG,2
images/004A53.JPG,53
images/060A19.JPG,19
images/040A05.JPG,5
images/016A17.JPG,17
images/076A11.JPG,11
images/074A15.JPG,15
images/060A10.JPG,10
images/055A08.JPG,8
images/077A15.JPG,15
images/022A20.JPG,20
images/009A16b.JPG,16
images/066A11.JPG,11
images/032A18.JPG,18
images/015A07.JPG,7
images/081A03.JPG,3
images/042A04.JPG,4
images/068A13.JPG,13
images/017A17.JPG,17
