images/062A45.JPG,45
images/026A19.JPG,19
images/047A05.JPG,5
images/061A15.JPG,15
images/025A07.JPG,7
images/019A05.JPG,5
images/036A05.JPG,5
images/044A18.JPG,18
images/061A18.JPG,18
images/002A05.JPG,5
images/014A22.JPG,22
images/069A13.JPG,13
images/055A08.JPG,8
images/004A30.JPG,30
images/061A29.JPG,29
images/067A04.JPG,4
images/039A15.JPG,15
images/003A23.JPG,23
images/003A58.JPG,58
images/053A18.JPG,18
images/058A15.JPG,15
images/061A25.JPG,25
images/004A48.JPG,48
images/078A14.JPG,14
images/062A47.JPG,47
images/025A19.JPG,19
images/040A07.JPG,7
images/014A30.JPG,30
images/067A23.JPG,23
images/065A09.JPG,9
images/028A37.JPG,37
images/080A05.JPG,5
images/010A09.JPG,9
images/077A03.JPG,3
images/077A10.JPG,10
images/030A07.JPG,7
images/021A16.JPG,16
images/036A17.JPG,17
images/004A62.JPG,62
images/044A17.JPG,17
images/047A15.JPG,15
images/002A21.JPG,21
images/077A07.JPG,7
images/009A22a.JPG,22
images/052A19.JPG,19
images/051A14.JPG,14
images/061A32.JPG,32
images/071A23.JPG,23
images/060A10.JPG,10
images/031A07.JPG,7
images/070A03.JPG,3
images/039A10.JPG,10
images/061A19.JPG,19
images/060A05.JPG,5
images/061A07.JPG,7
images/019A23.JPG,23
images/070A08.JPG,8
images/049A08.JPG,8
images/058A17.JPG,17
images/019A18.JPG,18
images/062A53.JPG,53
images/076A13.JPG,13
images/036A18.JPG,18
images/025A28.JPG,28
images/052A14.JPG,14
images/050A16.JPG,16
images/031A00.JPG,0
images/005A18.JPG,18
images/002A04.JPG,4
images/042A24.JPG,24
images/021A20.JPG,20
images/017A38.JPG,38
images/069A06.JPG,6
images/059A06.JPG,6
images/071A40.JPG,40
images/030A18.JPG,18
images/017A19.JPG,19
images/049A07.JPG,7
images/002A07.JPG,7
images/014A03.JPG,3
images/005A48.JPG,48
images/030A16.JPG,16
images/078A00.JPG,0
images/028A34.JPG,34
images/010A07a.JPG,7
images/052A10.JPG,10
images/078A10.JPG,10
images/047A12.JPG,12
images/028A41.JPG,41
images/017A42.JPG,42
images/060A17.JPG,17
images/024A23.JPG,23
images/053A01.JPG,1
images/053A15.JPG,15
images/012A14.JPG,14
images/031A03.JPG,3
images/002A23.JPG,23
images/078A01.JPG,1
images/049A15.JPG,15
images/039A19.JPG,19
images/074A02.JPG,2
images/061A10.JPG,10
images/067A17.JPG,17
images/044A05.JPG,5
images/033A14.JPG,14
images/010A01.JPG,1
images/051A00.JPG,0
images/059A14.JPG,14
images/012A25.JPG,25
images/065A06a.JPG,6
images/028A26.JPG,26
images/076A14.JPG,14
images/078A12.JPG,12
images/033A10.JPG,10
images/060A02.JPG,2
images/082A23.JPG,23
images/049A05.JPG,5
images/060A12.JPG,12
images/025A12.JPG,12
images/061A17.JPG,17
images/010A12.JPG,12
images/021A30.JPG,30
images/039A02.JPG,2
images/012A36.JPG,36
images/005A30.JPG,30
images/068A14.JPG,14
images/005A40.JPG,40
images/055A22.JPG,22
images/036A00.JPG,0
images/065A06b.JPG,6
images/050A06.JPG,6
images/012A34.JPG,34
images/062A03.JPG,3
images/069A02.JPG,2
images/042A10.JPG,10
images/082A18.JPG,18
images/015A03.JPG,3
images/076A16.JPG,16
images/027A22.JPG,22
images/028A16.JPG,16
images/058A01.JPG,1
images/019A15.JPG,15
images/026A02.JPG,2
images/065A13.JPG,13
images/060A07.JPG,7
images/021A23.JPG,23
images/026A15.JPG,15
images/065A07a.JPG,7
images/062A16.JPG,16
images/058A06.JPG,6
images/024A30.JPG,30
images/042A01.JPG,1
images/060A08.JPG,8
images/065A10.JPG,10
images/080A00.JPG,0
images/002A36.JPG,36
images/069A11.JPG,11
images/065A03a.JPG,3
images/058A02.JPG,2
images/010A10.JPG,10
images/026A18.JPG,18
images/016A18.JPG,18
images/036A03.JPG,3
images/062A41.JPG,41
images/051A15.JPG,15
images/074A08.JPG,8
images/019A30.JPG,30
images/053A11.JPG,11
images/003A38.JPG,38
images/074A15.JPG,15
images/009A18.JPG,18
images/077A00.JPG,0
images/042A04.JPG,4
images/074A13.JPG,13
images/024A05.JPG,5
images/027A20.JPG,20
images/003A47.JPG,47
images/023A00.JPG,0
images/033A39.JPG,39
images/012A04.JPG,4
images/047A06.JPG,6
images/010A15.JPG,15
images/050A10.JPG,10
images/074A07.JPG,7
images/075A02.JPG,2
images/080A12.JPG,12
images/078A15.JPG,15
images/070A14.JPG,14
images/078A08.JPG,8
images/031A11.JPG,11
images/080A13.JPG,13
images/042A00.JPG,0
images/075A08.JPG,8
images/071A27.JPG,27
images/067A28.JPG,28
images/002A18.JPG,18
images/052A13.JPG,13
images/017A15.JPG,15
images/039A35.JPG,35
images/055A12.JPG,12
images/016A04.JPG,4
images/014A36.JPG,36
images/024A18.JPG,18
images/017A29.JPG,29
images/067A39.JPG,39
images/004A51.JPG,51
images/071A10.JPG,10
images/076A01.JPG,1
images/062A54.JPG,54
images/026A07.JPG,7
images/069A10.JPG,10
images/076A08.JPG,8
images/014A12.JPG,12
images/004A53.JPG,53
images/023A18.JPG,18
images/016A03.JPG,3
images/052A02.JPG,2
images/065A04.JPG,4
images/024A17.JPG,17
images/074A12.JPG,12
images/012A07.JPG,7
images/044A13.JPG,13
images/080A03.JPG,3
images/012A18.JPG,18
images/036A06.JPG,6
images/015A00.JPG,0
images/042A06.JPG,6
images/064A15.JPG,15
images/031A12.JPG,12
images/021A06.JPG,6
images/028A18.JPG,18
images/030A04.JPG,4
images/078A09.JPG,9
images/060A06.JPG,6
images/082A22.JPG,22
images/033A44.JPG,44
images/033A05.JPG,5
images/036A15.JPG,15
images/052A16.JPG,16
images/030A05.JPG,5
images/068A10b.JPG,10
images/080A04.JPG,4
images/078A02.JPG,2
images/071A18.JPG,18
images/080A09.JPG,9
images/051A02.JPG,2
images/074A01.JPG,1
images/005A31.JPG,31
images/067A30.JPG,30
images/005A45.JPG,45
images/075A10.JPG,10
images/049A12.JPG,12
images/062A35.JPG,35
images/044A25.JPG,25
images/049A04.JPG,4
images/052A17.JPG,17
images/040A12.JPG,12
images/070A09.JPG,9
images/036A20.JPG,20
images/061A04.JPG,4
images/040A14.JPG,14
images/077A04.JPG,4
images/033A25.JPG,25
images/025A03.JPG,3
images/003A25.JPG,25
images/062A30.JPG,30
images/044A15.JPG,15
images/082A27.JPG,27
images/058A00.JPG,0
images/025A00.JPG,0
images/058A13.JPG,13
images/004A37.JPG,37
images/014A16.JPG,16
images/027A13.JPG,13
images/050A00.JPG,0
images/003A35.JPG,35
images/002A38.JPG,38
images/065A12.JPG,12
images/016A07.JPG,7
images/025A23.JPG,23
images/077A06.JPG,6
images/082A21.JPG,21
images/044A03.JPG,3
images/015A09.JPG,9
images/078A03.JPG,3
images/061A06.JPG,6
images/005A24.JPG,24
images/023A22.JPG,22
images/053A04.JPG,4
images/082A03.JPG,3
images/036A11.JPG,11
images/047A11.JPG,11
images/033A02.JPG,2
images/026A11.JPG,11
images/028A35.JPG,35
images/059A07.JPG,7
images/009A05.JPG,5
images/039A50.JPG,50
images/059A12.JPG,12
images/075A03.JPG,3
images/023A09.JPG,9
images/042A28.JPG,28
images/015A17.JPG,17
images/076A15.JPG,15
images/075A00.JPG,0
images/078A11.JPG,11
images/047A27.JPG,27
images/080A10.JPG,10
images/030A26.JPG,26
images/053A13.JPG,13
images/076A05.JPG,5
images/078A04.JPG,4
images/009A09.JPG,9
images/068A10a.JPG,10
images/062A18.JPG,18
images/076A06.JPG,6
images/002A29.JPG,29
images/077A16.JPG,16
images/053A02.JPG,2
images/068A11.JPG,11
images/031A16.JPG,16
images/068A04.JPG,4
images/004A40.JPG,40
images/053A08.JPG,8
images/025A15.JPG,15
images/070A00.JPG,0
images/014A42.JPG,42
images/023A14.JPG,14
images/047A45.JPG,45
images/077A14.JPG,14
images/021A35.JPG,35
images/004A63.JPG,63
images/002A31.JPG,31
images/047A13.JPG,13
images/065A11.JPG,11
images/058A05.JPG,5
images/064A04.JPG,4
images/069A05.JPG,5
images/017A36.JPG,36
images/019A27.JPG,27
images/017A17.JPG,17
images/028A28.JPG,28
images/067A33.JPG,33
images/052A20.JPG,20
images/024A25.JPG,25
images/039A16.JPG,16
images/002A20.JPG,20
images/036A08.JPG,8
images/002A12.JPG,12
images/049A17.JPG,17
images/016A08.JPG,8
images/077A13.JPG,13
images/064A03.JPG,3
images/023A07.JPG,7
images/059A16.JPG,16
images/023A25.JPG,25
images/058A04.JPG,4
images/069A04.JPG,4
images/019A03.JPG,3
images/055A14.JPG,14
images/060A04.JPG,4
images/055A06.JPG,6
images/049A16.JPG,16
images/047A09.JPG,9
images/082A31.JPG,31
images/026A00.JPG,0
images/031A06.JPG,6
images/015A14.JPG,14
images/077A11.JPG,11
images/047A20.JPG,20
images/010A04.JPG,4
images/070A05.JPG,5
images/077A02.JPG,2
images/070A12.JPG,12
images/050A18.JPG,18
images/015A10.JPG,10
images/027A30.JPG,30
images/015A07.JPG,7
images/039A05.JPG,5
images/080A01.JPG,1
images/047A33.JPG,33
images/023A29.JPG,29
images/030A20.JPG,20
images/031A02.JPG,2
images/082A20.JPG,20
images/076A12.JPG,12
images/005A49.JPG,49
images/005A35.JPG,35
images/027A25.JPG,25
images/076A03.JPG,3
images/016A01.JPG,1
images/040A02.JPG,2
images/021A18.JPG,18
images/021A11.JPG,11
images/016A10.JPG,10
images/049A06.JPG,6
images/071A42.JPG,42
images/068A00.JPG,0
images/065A02a.JPG,2
images/055A23.JPG,23
images/078A06.JPG,6
images/033A18.JPG,18
images/002A26.JPG,26
images/053A10.JPG,10
images/055A04.JPG,4
images/039A07.JPG,7
images/019A12.JPG,12
images/070A02.JPG,2
images/003A49.JPG,49
images/004A19.JPG,19
images/005A52.JPG,52
images/019A07.JPG,7
images/074A09.JPG,9
images/021A39.JPG,39
images/036A01.JPG,1
images/021A05.JPG,5
images/003A51.JPG,51
images/077A12.JPG,12
images/002A16.JPG,16
images/047A23.JPG,23
images/074A00.JPG,0
images/040A21.JPG,21
images/053A00.JPG,0
images/027A16.JPG,16
images/012A23.JPG,23
images/017A22.JPG,22
images/055A05.JPG,5
images/078A07.JPG,7
images/059A02b.JPG,2
images/044A21.JPG,21
images/075A07.JPG,7
images/009A11.JPG,11
images/042A20.JPG,20
images/033A35.JPG,35
images/030A10.JPG,10
images/017A32.JPG,32
images/068A13.JPG,13
images/074A14.JPG,14
images/069A00.JPG,0
images/070A06.JPG,6
images/082A25.JPG,25
images/009A13.JPG,13
images/040A03b.JPG,3
images/053A03.JPG,3
images/010A07b.JPG,7
images/075A05.JPG,5
images/015A19.JPG,19
images/074A06.JPG,6
images/039A11.JPG,11
images/042A12.JPG,12
images/068A12.JPG,12
images/025A34.JPG,34
images/036A13.JPG,13
images/044A07.JPG,7
images/019A00.JPG,0
images/040A06.JPG,6
images/075A11.JPG,11
images/067A26.JPG,26
images/015A05.JPG,5
images/040A10.JPG,10
images/016A14.JPG,14
images/067A21.JPG,21
images/051A18.JPG,18
images/016A05.JPG,5
images/014A18.JPG,18
images/009A03.JPG,3
images/078A05.JPG,5
images/077A09.JPG,9
images/015A15.JPG,15
images/074A10.JPG,10
images/058A03.JPG,3
images/012A27.JPG,27
images/071A44.JPG,44
images/051A24.JPG,24
images/077A08.JPG,8
images/040A03a.JPG,3
images/009A00.JPG,0
images/010A18.JPG,18
images/015A04.JPG,4
images/067A14.JPG,14
images/015A12.JPG,12
images/036A19.JPG,19
images/074A11.JPG,11
images/017A26.JPG,26
images/053A06.JPG,6
images/039A45.JPG,45
images/040A00.JPG,0
images/052A04.JPG,4
images/012A21.JPG,21
images/076A10.JPG,10
images/080A14.JPG,14
images/016A17.JPG,17
images/027A11.JPG,11
images/051A08.JPG,8
images/076A09.JPG,9
images/068A03.JPG,3
images/069A07.JPG,7
images/026A04.JPG,4
images/080A08.JPG,8
images/039A52.JPG,52
images/060A19.JPG,19
images/025A18.JPG,18
images/002A15.JPG,15
images/025A22.JPG,22
images/070A07.JPG,7
images/023A21.JPG,21
images/080A02.JPG,2
images/009A16a.JPG,16
images/016A19.JPG,19
images/074A04.JPG,4
images/031A14.JPG,14
images/064A01.JPG,1
images/050A22.JPG,22
images/060A11.JPG,11
images/023A03.JPG,3
images/015A01.JPG,1
images/060A20.JPG,20
images/076A00.JPG,0
images/023A16.JPG,16
images/050A14.JPG,14
images/076A07.JPG,7
images/009A14.JPG,14
images/003A60.JPG,60
images/080A06.JPG,6
images/012A30.JPG,30
images/061A30.JPG,30
images/003A18.JPG,18
images/024A19.JPG,19
images/040A09.JPG,9
images/064A10.JPG,10
images/026A13.JPG,13
images/027A36.JPG,36
images/059A02a.JPG,2
images/017A05.JPG,5
images/077A15.JPG,15
images/082A00.JPG,0
images/070A01.JPG,1
images/042A14.JPG,14
images/049A10.JPG,10
images/076A04.JPG,4
images/076A17.JPG,17
images/061A26.JPG,26
images/053A12.JPG,12
images/028A14.JPG,14
images/024A10.JPG,10
images/014A40.JPG,40
images/051A17.JPG,17
images/031A19.JPG,19
images/003A61.JPG,61
images/004A28.JPG,28
images/017A07.JPG,7
images/071A35.JPG,35
images/068A09.JPG,9
images/051A05.JPG,5
images/065A08.JPG,8
images/065A07b.JPG,7
images/040A19.JPG,19
images/010A05.JPG,5
images/012A24.JPG,24
images/028A46.JPG,46
images/080A07.JPG,7
images/065A03b.JPG,3
images/017A12.JPG,12
images/030A23.JPG,23
images/009A16b.JPG,16
images/065A02b.JPG,2
images/033A21.JPG,21
images/076A11.JPG,11
images/040A05.JPG,5
images/027A41.JPG,41
images/025A39.JPG,39
images/009A01.JPG,1
images/069A03.JPG,3
images/075A06.JPG,6
images/058A10.JPG,10
images/033A30.JPG,30
images/005A61.JPG,61
images/012A26.JPG,26
images/071A22.JPG,22
images/016A16.JPG,16
images/051A12.JPG,12
images/064A19.JPG,19
images/026A06.JPG,6
images/027A18.JPG,18
images/059A03.JPG,3
images/044A01.JPG,1
images/047A18.JPG,18
images/042A05.JPG,5
images/051A16.JPG,16
images/024A07.JPG,7
images/039A13.JPG,13
images/003A20.JPG,20
images/069A09.JPG,9
images/012A32.JPG,32
images/078A13.JPG,13
images/010A06.JPG,6
images/010A16.JPG,16
images/030A17.JPG,17
images/024A00.JPG,0
images/040A16.JPG,16
images/071A24.JPG,24
images/062A38.JPG,38
images/031A04.JPG,4
images/047A55.JPG,55
images/031A09.JPG,9
images/026A17.JPG,17
images/074A03.JPG,3
images/002A03.JPG,3
images/059A04.JPG,4
images/021A03.JPG,3
images/009A22b.JPG,22
images/004A21.JPG,21
images/028A20.JPG,20
images/023A05.JPG,5
images/071A43.JPG,43
images/030A00.JPG,0
images/052A18.JPG,18
images/042A18.JPG,18
images/031A15.JPG,15
images/071A00.JPG,0
images/042A08.JPG,8
images/027A02.JPG,2
images/004A26.JPG,26
images/012A12.JPG,12
images/024A28.JPG,28
images/050A03.JPG,3
images/039A17.JPG,17
images/071A45.JPG,45
images/075A01.JPG,1
images/082A16.JPG,16
images/062A15.JPG,15
images/016A12.JPG,12
images/074A05.JPG,5
images/077A01.JPG,1
images/052A07.JPG,7
images/014A14.JPG,14
images/021A27.JPG,27
images/076A02.JPG,2
