images/031A19.JPG,19
images/013A25.JPG,25
images/003A51.JPG,51
images/076A08.JPG,8
images/021A11.JPG,11
images/076A15.JPG,15
images/034A15.JPG,15
images/036A00.JPG,0
images/045A48.JPG,48
images/039A17.JPG,17
images/004A21.JPG,21
images/072A07.JPG,7
images/074A06.JPG,6
images/059A02b.JPG,2
images/030A10.JPG,10
images/001A08.JPG,8
images/070A01.JPG,1
images/031A16.JPG,16
images/018A25.JPG,25
images/021A30.JPG,30
images/017A36.JPG,36
images/059A03.JPG,3
images/060A17.JPG,17
images/027A18.JPG,18
images/010A18.JPG,18
images/036A19.JPG,19
images/023A00.JPG,0
images/024A28.JPG,28
images/080A10.JPG,10
images/074A08.JPG,8
images/023A22.JPG,22
images/075A08.JPG,8
images/059A16.JPG,16
images/057A25.JPG,25
images/079A10.JPG,10
images/039A02.JPG,2
images/005A18.JPG,18
images/010A04.JPG,4
images/031A06.JPG,6
images/076A13.JPG,13
images/023A09.JPG,9
images/017A32.JPG,32
images/070A00.JPG,0
images/043A03.JPG,3
images/036A20.JPG,20
images/008A30.JPG,30
images/001A18.JPG,18
images/010A06.JPG,6
images/034A21.JPG,21
images/053A12.JPG,12
images/003A58.JPG,58
images/012A14.JPG,14
images/073A13.JPG,13
images/063A18.JPG,18
images/034A30.JPG,30
images/039A16.JPG,16
images/064A04.JPG,4
images/074A00.JPG,0
images/054A18.JPG,18
images/023A29.JPG,29
images/009A16a.JPG,16
images/031A02.JPG,2
images/039A07.JPG,7
images/008A21.JPG,21
images/002A23.JPG,23
images/070A08.JPG,8
images/030A17.JPG,17
images/074A05.JPG,5
images/038A05.JPG,5
images/039A52.JPG,52
images/008A29.JPG,29
images/018A06.JPG,6
images/079A06.JPG,6
images/060A11.JPG,11
images/044A25.JPG,25
images/009A14.JPG,14
images/056A06.JPG,6
images/038A21.JPG,21
images/029A29.JPG,29
images/059A14.JPG,14
images/056A12.JPG,12
images/078A09.JPG,9
images/079A04.JPG,4
images/021A20.JPG,20
images/001A02.JPG,2
images/045A28.JPG,28
images/080A13.JPG,13
images/006A51.JPG,51
images/058A05.JPG,5
images/072A11.JPG,11
images/024A19.JPG,19
images/013A00.JPG,0
images/072A45.JPG,45
images/001A16.JPG,16
images/065A13.JPG,13
images/009A09.JPG,9
images/008A31.JPG,31
images/064A01.JPG,1
images/079A00.JPG,0
images/006A61.JPG,61
images/060A07.JPG,7
images/018A11.JPG,11
images/058A01.JPG,1
images/080A07.JPG,7
images/061A15.JPG,15
images/029A13.JPG,13
images/070A05.JPG,5
images/057A00.JPG,0
images/001A28.JPG,28
images/023A21.JPG,21
images/078A04.JPG,4
images/072A25.JPG,25
images/042A01.JPG,1
images/012A32.JPG,32
images/054A09.JPG,9
images/010A07b.JPG,7
images/012A23.JPG,23
images/023A25.JPG,25
images/038A04.JPG,4
images/009A03.JPG,3
images/052A16.JPG,16
images/022A07.JPG,7
images/076A05.JPG,5
images/029A20.JPG,20
images/063A02.JPG,2
images/005A40.JPG,40
images/038A01.JPG,1
images/054A00.JPG,0
images/006A69.JPG,69
images/060A02.JPG,2
images/061A10.JPG,10
images/013A08.JPG,8
images/013A41.JPG,41
images/052A13.JPG,13
images/033A21.JPG,21
images/033A35.JPG,35
images/080A05.JPG,5
images/042A05.JPG,5
images/045A08.JPG,8
images/008A08.JPG,8
images/008A33.JPG,33
images/058A13.JPG,13
images/042A06.JPG,6
images/045A03.JPG,3
images/042A10.JPG,10
images/058A15.JPG,15
images/073A06.JPG,6
images/053A08.JPG,8
images/076A01.JPG,1
images/073A09.JPG,9
images/038A08.JPG,8
images/080A00.JPG,0
images/004A28.JPG,28
images/031A14.JPG,14
images/012A04.JPG,4
images/076A12.JPG,12
images/051A02.JPG,2
images/044A03.JPG,3
images/024A00.JPG,0
images/017A05.JPG,5
images/061A06.JPG,6
images/065A07a.JPG,7
images/034A04.JPG,4
images/074A03.JPG,3
images/053A04.JPG,4
images/024A25.JPG,25
images/024A17.JPG,17
images/002A03.JPG,3
images/038A03.JPG,3
images/034A44.JPG,44
images/033A05.JPG,5
images/013A18.JPG,18
images/029A16.JPG,16
images/003A38.JPG,38
images/075A10.JPG,10
images/036A05.JPG,5
images/045A40.JPG,40
images/065A02a.JPG,2
images/002A15.JPG,15
images/002A38.JPG,38
images/043A23.JPG,23
images/078A15.JPG,15
images/018A33.JPG,33
images/010A07a.JPG,7
images/044A05.JPG,5
images/064A03.JPG,3
images/005A48.JPG,48
images/004A48.JPG,48
images/053A00.JPG,0
images/074A15.JPG,15
images/061A25.JPG,25
images/022A20.JPG,20
images/009A05.JPG,5
images/029A11.JPG,11
images/031A11.JPG,11
images/027A16.JPG,16
images/078A14.JPG,14
images/058A02.JPG,2
images/009A01.JPG,1
images/033A10.JPG,10
images/056A04.JPG,4
images/027A30.JPG,30
images/013A16.JPG,16
images/027A02.JPG,2
images/075A11.JPG,11
images/073A04.JPG,4
images/008A03.JPG,3
images/040A09.JPG,9
images/052A18.JPG,18
images/001A10.JPG,10
images/017A15.JPG,15
images/079A08.JPG,8
images/036A18.JPG,18
images/008A41.JPG,41
images/072A29.JPG,29
images/057A07.JPG,7
images/029A10.JPG,10
images/042A04.JPG,4
images/076A16.JPG,16
images/002A21.JPG,21
images/053A13.JPG,13
images/040A14.JPG,14
images/024A23.JPG,23
images/058A06.JPG,6
images/058A00.JPG,0
images/078A11.JPG,11
images/030A16.JPG,16
images/013A19.JPG,19
images/033A39.JPG,39
images/042A12.JPG,12
images/040A06.JPG,6
images/021A23.JPG,23
images/003A23.JPG,23
images/012A36.JPG,36
images/063A22.JPG,22
images/040A03b.JPG,3
images/080A03.JPG,3
images/074A01.JPG,1
images/075A03.JPG,3
images/079A01.JPG,1
images/064A10.JPG,10
images/043A00.JPG,0
images/052A19.JPG,19
images/063A00.JPG,0
images/030A18.JPG,18
images/030A07.JPG,7
images/079A07.JPG,7
images/042A08.JPG,8
images/073A03.JPG,3
images/034A11.JPG,11
images/044A17.JPG,17
images/040A12.JPG,12
images/056A01.JPG,1
images/034A13.JPG,13
images/078A12.JPG,12
images/080A06.JPG,6
images/073A08.JPG,8
images/002A04.JPG,4
images/033A02.JPG,2
images/074A12.JPG,12
images/040A21.JPG,21
images/027A36.JPG,36
images/053A18.JPG,18
images/031A00.JPG,0
images/060A19.JPG,19
images/001A19.JPG,19
images/052A20.JPG,20
images/074A13.JPG,13
images/039A10.JPG,10
images/043A10.JPG,10
images/057A23.JPG,23
images/070A02.JPG,2
images/051A15.JPG,15
images/005A24.JPG,24
images/030A00.JPG,0
images/052A17.JPG,17
images/042A14.JPG,14
images/080A08.JPG,8
images/051A17.JPG,17
images/006A24.JPG,24
images/042A18.JPG,18
images/042A00.JPG,0
images/029A23.JPG,23
images/038A10.JPG,10
images/074A09.JPG,9
images/057A16.JPG,16
images/078A13.JPG,13
images/009A13.JPG,13
images/059A12.JPG,12
images/043A17.JPG,17
images/052A04.JPG,4
images/036A08.JPG,8
images/073A16.JPG,16
images/038A17.JPG,17
images/024A30.JPG,30
images/045A17.JPG,17
images/060A08.JPG,8
images/008A06.JPG,6
images/054A13.JPG,13
images/022A18.JPG,18
images/004A63.JPG,63
images/002A20.JPG,20
images/018A16.JPG,16
images/078A03.JPG,3
images/002A18.JPG,18
images/051A05.JPG,5
images/057A05.JPG,5
images/022A26.JPG,26
images/002A31.JPG,31
images/036A11.JPG,11
images/006A55.JPG,55
images/029A22.JPG,22
images/079A03.JPG,3
images/043A19.JPG,19
images/075A02.JPG,2
images/080A02.JPG,2
images/075A07.JPG,7
images/006A36.JPG,36
images/030A20.JPG,20
images/078A01.JPG,1
images/076A14.JPG,14
images/013A34.JPG,34
images/005A30.JPG,30
images/074A10.JPG,10
images/045A19.JPG,19
images/008A16.JPG,16
images/061A17.JPG,17
images/013A30.JPG,30
images/018A22.JPG,22
images/002A07.JPG,7
images/052A10.JPG,10
images/061A04.JPG,4
images/012A25.JPG,25
images/076A10.JPG,10
images/054A04.JPG,4
images/022A11.JPG,11
images/059A02a.JPG,2
images/038A11.JPG,11
images/079A05.JPG,5
images/024A10.JPG,10
images/059A06.JPG,6
images/018A18.JPG,18
images/010A10.JPG,10
images/075A06.JPG,6
images/078A00.JPG,0
images/004A19.JPG,19
images/063A20.JPG,20
images/051A18.JPG,18
images/051A14.JPG,14
images/043A13.JPG,13
images/064A15.JPG,15
images/060A04.JPG,4
images/009A11.JPG,11
images/036A03.JPG,3
images/010A01.JPG,1
images/052A07.JPG,7
images/079A11.JPG,11
images/076A09.JPG,9
images/030A23.JPG,23
images/038A23.JPG,23
images/072A19.JPG,19
images/038A14.JPG,14
images/033A30.JPG,30
images/056A15.JPG,15
images/022A30.JPG,30
images/013A21.JPG,21
images/017A12.JPG,12
images/033A18.JPG,18
images/076A03.JPG,3
images/034A18.JPG,18
images/006A40.JPG,40
images/073A00.JPG,0
images/076A17.JPG,17
images/023A14.JPG,14
images/024A07.JPG,7
images/039A50.JPG,50
images/017A29.JPG,29
images/074A14.JPG,14
images/038A13.JPG,13
images/005A45.JPG,45
images/001A29.JPG,29
images/051A12.JPG,12
images/070A07.JPG,7
images/080A04.JPG,4
images/039A15.JPG,15
images/060A12.JPG,12
images/009A18.JPG,18
images/042A20.JPG,20
images/063A09.JPG,9
images/042A24.JPG,24
images/004A53.JPG,53
images/002A36.JPG,36
images/012A24.JPG,24
images/074A11.JPG,11
images/075A05.JPG,5
images/075A00.JPG,0
images/018A34.JPG,34
images/045A06.JPG,6
images/004A40.JPG,40
images/053A15.JPG,15
images/009A16b.JPG,16
images/044A15.JPG,15
images/080A01.JPG,1
images/079A13.JPG,13
images/031A04.JPG,4
images/004A30.JPG,30
images/017A38.JPG,38
images/065A12.JPG,12
images/022A14.JPG,14
images/003A60.JPG,60
images/012A07.JPG,7
images/040A16.JPG,16
images/002A16.JPG,16
images/078A02.JPG,2
images/027A41.JPG,41
images/013A23.JPG,23
images/003A49.JPG,49
images/031A12.JPG,12
images/078A08.JPG,8
images/052A02.JPG,2
images/039A35.JPG,35
images/017A26.JPG,26
images/078A07.JPG,7
images/039A13.JPG,13
images/061A32.JPG,32
images/039A45.JPG,45
images/006A67.JPG,67
images/065A02b.JPG,2
images/030A04.JPG,4
images/029A31.JPG,31
images/018A36.JPG,36
images/027A13.JPG,13
images/029A33.JPG,33
images/012A27.JPG,27
images/010A05.JPG,5
images/018A28.JPG,28
images/033A44.JPG,44
images/006A46.JPG,46
images/072A41.JPG,41
images/063A04.JPG,4
images/038A34.JPG,34
images/061A19.JPG,19
images/065A11.JPG,11
images/008A35.JPG,35
images/005A49.JPG,49
images/054A06.JPG,6
images/034A25.JPG,25
images/065A09.JPG,9
images/027A20.JPG,20
images/042A28.JPG,28
images/053A11.JPG,11
images/017A19.JPG,19
images/017A22.JPG,22
images/008A17.JPG,17
images/043A15.JPG,15
images/079A02.JPG,2
images/070A14.JPG,14
images/010A09.JPG,9
images/065A06b.JPG,6
images/054A10.JPG,10
images/056A10.JPG,10
images/034A35.JPG,35
images/022A16.JPG,16
images/080A09.JPG,9
images/080A12.JPG,12
images/006A31.JPG,31
images/073A01.JPG,1
images/058A03.JPG,3
images/079A12.JPG,12
images/001A40.JPG,40
images/076A11.JPG,11
images/045A32.JPG,32
images/061A30.JPG,30
images/043A04.JPG,4
images/061A07.JPG,7
images/027A22.JPG,22
images/031A03.JPG,3
images/054A19.JPG,19
images/023A16.JPG,16
images/040A19.JPG,19
images/061A26.JPG,26
images/058A04.JPG,4
images/013A44.JPG,44
images/044A18.JPG,18
images/023A18.JPG,18
images/010A15.JPG,15
images/003A25.JPG,25
images/036A17.JPG,17
images/073A12.JPG,12
images/075A01.JPG,1
images/060A20.JPG,20
images/039A11.JPG,11
images/063A08.JPG,8
images/005A31.JPG,31
images/001A14.JPG,14
images/031A09.JPG,9
images/027A25.JPG,25
images/045A25.JPG,25
images/072A17.JPG,17
images/010A16.JPG,16
images/002A12.JPG,12
images/012A34.JPG,34
images/005A61.JPG,61
images/023A05.JPG,5
images/030A05.JPG,5
images/021A39.JPG,39
images/044A13.JPG,13
images/070A06.JPG,6
images/009A22a.JPG,22
images/008A13.JPG,13
images/057A12.JPG,12
images/076A04.JPG,4
images/056A02.JPG,2
images/064A19.JPG,19
images/004A51.JPG,51
images/044A07.JPG,7
images/076A07.JPG,7
images/031A15.JPG,15
images/005A52.JPG,52
images/051A08.JPG,8
images/040A05.JPG,5
images/072A27.JPG,27
images/002A05.JPG,5
images/036A01.JPG,1
images/018A29.JPG,29
images/070A12.JPG,12
images/034A39.JPG,39
images/045A12.JPG,12
images/003A47.JPG,47
images/073A15.JPG,15
images/045A43.JPG,43
images/065A04.JPG,4
images/021A05.JPG,5
images/072A13.JPG,13
images/073A14.JPG,14
images/012A18.JPG,18
images/040A02.JPG,2
images/054A11.JPG,11
images/017A07.JPG,7
images/043A27.JPG,27
images/060A06.JPG,6
images/074A04.JPG,4
images/022A00.JPG,0
images/065A08.JPG,8
images/053A02.JPG,2
images/063A25.JPG,25
images/036A15.JPG,15
images/040A03a.JPG,3
images/005A35.JPG,35
images/078A10.JPG,10
images/021A18.JPG,18
images/012A12.JPG,12
images/073A11.JPG,11
images/001A22.JPG,22
images/034A02.JPG,2
images/003A20.JPG,20
images/002A29.JPG,29
images/017A17.JPG,17
images/065A07b.JPG,7
images/012A21.JPG,21
images/060A10.JPG,10
images/021A16.JPG,16
images/010A12.JPG,12
images/039A19.JPG,19
images/021A27.JPG,27
images/038A00.JPG,0
images/021A35.JPG,35
images/017A42.JPG,42
images/076A00.JPG,0
images/060A05.JPG,5
images/054A02.JPG,2
images/003A35.JPG,35
images/053A10.JPG,10
images/003A18.JPG,18
images/036A13.JPG,13
images/059A04.JPG,4
images/072A14.JPG,14
images/023A07.JPG,7
images/044A21.JPG,21
images/023A03.JPG,3
images/054A17.JPG,17
images/070A09.JPG,9
images/073A05.JPG,5
images/001A05.JPG,5
images/073A07.JPG,7
images/040A07.JPG,7
images/008A12.JPG,12
images/008A18.JPG,18
images/070A03.JPG,3
images/057A18.JPG,18
images/001A43b.JPG,43
images/029A05.JPG,5
images/021A03.JPG,3
images/057A06.JPG,6
images/030A26.JPG,26
images/001A33.JPG,33
images/079A09.JPG,9
images/022A23.JPG,23
images/080A14.JPG,14
images/078A05.JPG,5
images/006A42.JPG,42
images/059A07.JPG,7
images/012A26.JPG,26
images/054A16.JPG,16
images/053A01.JPG,1
images/045A18.JPG,18
images/009A00.JPG,0
images/021A06.JPG,6
images/072A21.JPG,21
images/044A01.JPG,1
images/056A03.JPG,3
images/072A34.JPG,34
images/036A06.JPG,6
images/040A00.JPG,0
images/029A04.JPG,4
images/006A28.JPG,28
images/024A05.JPG,5
images/072A02.JPG,2
images/029A01.JPG,1
images/051A24.JPG,24
images/074A02.JPG,2
images/058A17.JPG,17
images/004A37.JPG,37
images/027A11.JPG,11
images/065A03b.JPG,3
images/033A14.JPG,14
images/065A06a.JPG,6
images/054A12.JPG,12
images/053A06.JPG,6
images/053A03.JPG,3
images/051A00.JPG,0
images/061A29.JPG,29
images/078A06.JPG,6
images/022A27.JPG,27
images/073A02.JPG,2
images/004A26.JPG,26
images/043A05.JPG,5
images/022A25.JPG,25
images/052A14.JPG,14
images/076A02.JPG,2
images/076A06.JPG,6
images/063A33.JPG,33
images/009A22b.JPG,22
images/001A43a.JPG,43
images/002A26.JPG,26
images/034A16.JPG,16
images/074A07.JPG,7
images/057A17.JPG,17
images/003A61.JPG,61
images/022A28.JPG,28
images/024A18.JPG,18
images/031A07.JPG,7
images/039A05.JPG,5
images/058A10.JPG,10
images/065A03a.JPG,3
images/065A10.JPG,10
images/033A25.JPG,25
images/004A62.JPG,62
images/061A18.JPG,18
images/051A16.JPG,16
images/040A10.JPG,10
images/012A30.JPG,30
