images/066A06a.JPG,6
images/023A25.JPG,25
images/052A13.JPG,13
images/032A24.JPG,24
images/015A05.JPG,5
images/074A11.JPG,11
images/069A11.JPG,11
images/078A13.JPG,13
images/054A09.JPG,9
images/038A03.JPG,3
images/056A03.JPG,3
images/065A10.JPG,10
images/048A18.JPG,18
images/041A20.JPG,20
images/060A06.JPG,6
images/023A22.JPG,22
images/043A13.JPG,13
images/003A47.JPG,47
images/037A13.JPG,13
images/074A08.JPG,8
images/069A07.JPG,7
images/002A20.JPG,20
images/037A18.JPG,18
images/070A06.JPG,6
images/025A03.JPG,3
images/006A61.JPG,61
images/008A21.JPG,21
images/054A16.JPG,16
images/052A02.JPG,2
images/038A01.JPG,1
images/072A17.JPG,17
images/020A08.JPG,8
images/064A03.JPG,3
images/078A14.JPG,14
images/037A08.JPG,8
images/054A04.JPG,4
images/009A22b.JPG,22
images/006A36.JPG,36
images/065A06b.JPG,6
images/005A31.JPG,31
images/066A10.JPG,10
images/038A04.JPG,4
images/080A10.JPG,10
images/025A19.JPG,19
images/015A15.JPG,15
images/056A02.JPG,2
images/064A10.JPG,10
images/005A35.JPG,35
images/027A41.JPG,41
images/069A05.JPG,5
images/058A15.JPG,15
images/054A13.JPG,13
images/044A05.JPG,5
images/080A03.JPG,3
images/008A30.JPG,30
images/041A19.JPG,19
images/023A09.JPG,9
images/025A28.JPG,28
images/033A44.JPG,44
images/076A11.JPG,11
images/041A06.JPG,6
images/055A05.JPG,5
images/035A03.JPG,3
images/033A02.JPG,2
images/009A05.JPG,5
images/012A23.JPG,23
images/072A07.JPG,7
images/025A34.JPG,34
images/076A00.JPG,0
images/063A04.JPG,4
images/005A48.JPG,48
images/053A15.JPG,15
images/058A10.JPG,10
images/001A22.JPG,22
images/002A04.JPG,4
images/012A24.JPG,24
images/078A01.JPG,1
images/046A06.JPG,6
images/017A22.JPG,22
images/063A18.JPG,18
images/008A17.JPG,17
images/002A12.JPG,12
images/003A60.JPG,60
images/043A05.JPG,5
images/040A02.JPG,2
images/003A20.JPG,20
images/001A43b.JPG,43
images/070A12.JPG,12
images/072A34.JPG,34
images/023A05.JPG,5
images/025A39.JPG,39
images/032A20.JPG,20
images/074A12.JPG,12
images/062A38.JPG,38
images/040A06.JPG,6
images/080A05.JPG,5
images/006A67.JPG,67
images/039A11.JPG,11
images/016A08.JPG,8
images/037A17.JPG,17
images/009A00.JPG,0
images/003A18.JPG,18
images/065A03a.JPG,3
images/059A06.JPG,6
images/002A05.JPG,5
images/002A23.JPG,23
images/035A05.JPG,5
images/038A17.JPG,17
images/009A18.JPG,18
images/032A28.JPG,28
images/012A36.JPG,36
images/038A14.JPG,14
images/016A19.JPG,19
images/009A03.JPG,3
images/046A00.JPG,0
images/058A00.JPG,0
images/038A13.JPG,13
images/072A21.JPG,21
images/008A31.JPG,31
images/003A61.JPG,61
images/053A02.JPG,2
images/076A08.JPG,8
images/080A14.JPG,14
images/001A05.JPG,5
images/042A24.JPG,24
images/002A26.JPG,26
images/040A21.JPG,21
images/074A15.JPG,15
images/046A04.JPG,4
images/012A30.JPG,30
images/041A21.JPG,21
images/074A13.JPG,13
images/059A07.JPG,7
images/017A19.JPG,19
images/078A03.JPG,3
images/057A25.JPG,25
images/043A00.JPG,0
images/001A08.JPG,8
images/006A40.JPG,40
images/076A13.JPG,13
images/021A11.JPG,11
images/039A13.JPG,13
images/008A08.JPG,8
images/057A17.JPG,17
images/038A10.JPG,10
images/020A20.JPG,20
images/041A09.JPG,9
images/048A46.JPG,46
images/003A38.JPG,38
images/075A08.JPG,8
images/042A08.JPG,8
images/072A02.JPG,2
images/064A04.JPG,4
images/080A04.JPG,4
images/039A15.JPG,15
images/044A17.JPG,17
images/042A18.JPG,18
images/039A45.JPG,45
images/016A04.JPG,4
images/065A02b.JPG,2
images/056A12.JPG,12
images/074A10.JPG,10
images/048A33.JPG,33
images/002A21.JPG,21
images/016A17.JPG,17
images/040A12.JPG,12
images/062A54.JPG,54
images/035A21.JPG,21
images/066A07.JPG,7
images/035A23b.JPG,23
images/012A32.JPG,32
images/074A02.JPG,2
images/066A00.JPG,0
images/039A05.JPG,5
images/048A16.JPG,16
images/001A19.JPG,19
images/080A01.JPG,1
images/020A04.JPG,4
images/023A07.JPG,7
images/001A43a.JPG,43
images/039A07.JPG,7
images/080A08.JPG,8
images/053A00.JPG,0
images/053A18.JPG,18
images/063A08.JPG,8
images/046A17.JPG,17
images/043A23.JPG,23
images/017A17.JPG,17
images/027A20.JPG,20
images/025A15.JPG,15
images/065A07b.JPG,7
images/039A50.JPG,50
images/033A10.JPG,10
images/012A14.JPG,14
images/062A41.JPG,41
images/069A02.JPG,2
images/015A10.JPG,10
images/042A05.JPG,5
images/008A35.JPG,35
images/009A14.JPG,14
images/062A18.JPG,18
images/078A06.JPG,6
images/080A12.JPG,12
images/066A04.JPG,4
images/027A13.JPG,13
images/039A52.JPG,52
images/072A29.JPG,29
images/041A04.JPG,4
images/066A03.JPG,3
images/033A05.JPG,5
images/017A36.JPG,36
images/016A10.JPG,10
images/038A08.JPG,8
images/042A28.JPG,28
images/025A18.JPG,18
images/055A23.JPG,23
images/058A05.JPG,5
images/078A08.JPG,8
images/061A32.JPG,32
images/023A03.JPG,3
images/020A30.JPG,30
images/003A49.JPG,49
images/012A26.JPG,26
images/047A15.JPG,15
images/053A13.JPG,13
images/037A19.JPG,19
images/059A16.JPG,16
images/044A21.JPG,21
images/060A07.JPG,7
images/017A29.JPG,29
images/076A05.JPG,5
images/072A41.JPG,41
images/021A16.JPG,16
images/058A13.JPG,13
images/076A03.JPG,3
images/066A06b.JPG,6
images/033A14.JPG,14
images/017A32.JPG,32
images/020A18.JPG,18
images/038A05.JPG,5
images/062A16.JPG,16
images/043A27.JPG,27
images/074A07.JPG,7
images/052A19.JPG,19
images/046A16.JPG,16
images/037A11.JPG,11
images/012A34.JPG,34
images/070A00.JPG,0
images/041A13.JPG,13
images/046A01.JPG,1
images/017A42.JPG,42
images/008A13.JPG,13
images/075A03.JPG,3
images/076A12.JPG,12
images/080A00.JPG,0
images/001A18.JPG,18
images/021A03.JPG,3
images/012A25.JPG,25
images/001A10.JPG,10
images/042A10.JPG,10
images/053A04.JPG,4
images/072A19.JPG,19
images/076A17.JPG,17
images/016A12.JPG,12
images/035A07.JPG,7
images/065A04.JPG,4
images/054A12.JPG,12
images/053A01.JPG,1
images/039A16.JPG,16
images/055A04.JPG,4
images/075A05.JPG,5
images/012A07.JPG,7
images/039A10.JPG,10
images/046A20.JPG,20
images/027A02.JPG,2
images/065A12.JPG,12
images/015A01.JPG,1
images/046A02.JPG,2
images/074A01.JPG,1
images/046A18.JPG,18
images/048A15.JPG,15
images/061A19.JPG,19
images/065A13.JPG,13
images/040A03a.JPG,3
images/060A08.JPG,8
images/043A15.JPG,15
images/061A15.JPG,15
images/080A06.JPG,6
images/015A14.JPG,14
images/032A06.JPG,6
images/008A16.JPG,16
images/009A16a.JPG,16
images/032A40.JPG,40
images/053A03.JPG,3
images/066A11.JPG,11
images/062A45.JPG,45
images/074A05.JPG,5
images/076A16.JPG,16
images/061A30.JPG,30
images/015A04.JPG,4
images/076A14.JPG,14
images/001A02.JPG,2
images/040A05.JPG,5
images/076A02.JPG,2
images/002A31.JPG,31
images/075A02.JPG,2
images/008A41.JPG,41
images/076A15.JPG,15
images/005A49.JPG,49
images/054A17.JPG,17
images/002A07.JPG,7
images/042A20.JPG,20
images/009A11.JPG,11
images/072A13.JPG,13
images/055A06.JPG,6
images/057A23.JPG,23
images/053A06.JPG,6
images/020A26.JPG,26
images/062A03.JPG,3
images/060A11.JPG,11
images/001A33.JPG,33
images/017A38.JPG,38
images/070A07.JPG,7
images/023A16.JPG,16
images/064A19.JPG,19
images/042A06.JPG,6
images/033A39.JPG,39
images/040A16.JPG,16
images/001A28.JPG,28
images/040A03b.JPG,3
images/047A13.JPG,13
images/035A12.JPG,12
images/055A14.JPG,14
images/048A50.JPG,50
images/054A06.JPG,6
images/047A06.JPG,6
images/009A16b.JPG,16
images/021A05.JPG,5
images/047A09.JPG,9
images/052A07.JPG,7
images/069A06.JPG,6
images/054A00.JPG,0
images/009A09.JPG,9
images/006A42.JPG,42
images/058A04.JPG,4
images/017A26.JPG,26
images/047A11.JPG,11
images/047A55.JPG,55
images/080A07.JPG,7
images/048A17.JPG,17
images/027A36.JPG,36
images/047A27.JPG,27
images/063A22.JPG,22
images/062A30.JPG,30
images/047A20.JPG,20
images/052A20.JPG,20
images/005A52.JPG,52
images/054A11.JPG,11
images/012A27.JPG,27
images/078A11.JPG,11
images/078A12.JPG,12
images/016A03.JPG,3
images/039A19.JPG,19
images/012A21.JPG,21
images/032A10.JPG,10
images/017A15.JPG,15
images/044A18.JPG,18
images/044A15.JPG,15
images/055A08.JPG,8
images/074A09.JPG,9
images/074A00.JPG,0
images/027A16.JPG,16
images/059A14.JPG,14
images/015A19.JPG,19
images/046A14.JPG,14
images/052A10.JPG,10
images/052A14.JPG,14
images/078A15.JPG,15
images/033A35.JPG,35
images/054A19.JPG,19
images/006A46.JPG,46
images/061A17.JPG,17
images/005A45.JPG,45
images/056A04.JPG,4
images/057A05.JPG,5
images/025A07.JPG,7
images/058A03.JPG,3
images/074A03.JPG,3
images/042A00.JPG,0
images/037A09.JPG,9
images/044A07.JPG,7
images/042A01.JPG,1
images/048A54.JPG,54
images/037A06.JPG,6
images/016A16.JPG,16
images/021A18.JPG,18
images/055A22.JPG,22
images/027A11.JPG,11
images/032A08.JPG,8
images/047A33.JPG,33
images/008A29.JPG,29
images/003A35.JPG,35
images/070A14.JPG,14
images/025A12.JPG,12
images/001A40.JPG,40
images/063A25.JPG,25
images/066A02a.JPG,2
images/053A11.JPG,11
images/069A00.JPG,0
images/020A11.JPG,11
images/059A02a.JPG,2
images/065A09.JPG,9
images/066A08.JPG,8
images/053A12.JPG,12
images/033A25.JPG,25
images/059A12.JPG,12
images/006A31.JPG,31
images/001A16.JPG,16
images/070A03.JPG,3
images/023A18.JPG,18
images/002A38.JPG,38
images/021A39.JPG,39
images/016A14.JPG,14
images/062A35.JPG,35
images/057A18.JPG,18
images/041A02.JPG,2
images/057A16.JPG,16
images/063A02.JPG,2
images/062A15.JPG,15
images/075A06.JPG,6
images/061A10.JPG,10
images/044A01.JPG,1
images/075A01.JPG,1
images/008A18.JPG,18
images/040A07.JPG,7
images/003A23.JPG,23
images/043A10.JPG,10
images/002A29.JPG,29
images/070A02.JPG,2
images/003A25.JPG,25
images/005A40.JPG,40
images/038A21.JPG,21
images/075A07.JPG,7
images/044A13.JPG,13
images/042A04.JPG,4
images/080A09.JPG,9
images/008A06.JPG,6
images/057A12.JPG,12
images/038A34.JPG,34
images/020A36.JPG,36
images/039A17.JPG,17
images/037A01.JPG,1
images/040A19.JPG,19
images/015A17.JPG,17
images/002A18.JPG,18
images/060A05.JPG,5
images/040A14.JPG,14
images/041A00.JPG,0
images/035A08.JPG,8
images/023A00.JPG,0
images/065A03b.JPG,3
images/064A15.JPG,15
images/043A19.JPG,19
images/078A10.JPG,10
images/069A13.JPG,13
images/061A07.JPG,7
images/015A00.JPG,0
images/059A03.JPG,3
images/076A06.JPG,6
images/035A23a.JPG,23
images/037A02.JPG,2
images/052A18.JPG,18
images/047A18.JPG,18
images/046A10.JPG,10
images/008A33.JPG,33
images/053A10.JPG,10
images/046A08.JPG,8
images/072A45.JPG,45
images/061A29.JPG,29
images/020A13.JPG,13
images/021A20.JPG,20
images/074A06.JPG,6
images/012A18.JPG,18
images/047A45.JPG,45
images/048A00.JPG,0
images/080A02.JPG,2
images/032A35.JPG,35
images/021A30.JPG,30
images/069A04.JPG,4
images/063A00.JPG,0
images/065A06a.JPG,6
images/075A10.JPG,10
images/038A11.JPG,11
images/074A14.JPG,14
images/023A21.JPG,21
images/015A03.JPG,3
images/008A03.JPG,3
images/052A04.JPG,4
images/072A27.JPG,27
images/074A04.JPG,4
images/078A05.JPG,5
images/005A30.JPG,30
images/057A06.JPG,6
images/075A00.JPG,0
images/009A22a.JPG,22
images/069A10.JPG,10
images/063A09.JPG,9
images/060A02.JPG,2
images/040A09.JPG,9
images/078A00.JPG,0
images/001A29.JPG,29
images/017A07.JPG,7
images/063A33.JPG,33
images/017A05.JPG,5
images/035A01.JPG,1
images/062A53.JPG,53
images/002A15.JPG,15
images/047A12.JPG,12
images/040A00.JPG,0
images/044A03.JPG,3
images/060A04.JPG,4
images/070A05.JPG,5
images/005A24.JPG,24
images/052A17.JPG,17
images/065A07a.JPG,7
images/060A12.JPG,12
images/005A18.JPG,18
images/043A03.JPG,3
images/041A24.JPG,24
images/076A09.JPG,9
images/064A01.JPG,1
images/003A51.JPG,51
images/078A04.JPG,4
images/006A69.JPG,69
images/033A21.JPG,21
images/076A04.JPG,4
images/060A10.JPG,10
images/052A16.JPG,16
images/046A12.JPG,12
images/039A35.JPG,35
images/080A13.JPG,13
images/006A24.JPG,24
images/061A04.JPG,4
images/048A10.JPG,10
images/038A23.JPG,23
images/035A00.JPG,0
images/035A18.JPG,18
images/044A25.JPG,25
images/076A07.JPG,7
images/070A08.JPG,8
images/072A14.JPG,14
images/035A14.JPG,14
images/069A03.JPG,3
images/017A12.JPG,12
images/021A06.JPG,6
images/032A33.JPG,33
images/048A27.JPG,27
images/058A06.JPG,6
images/057A00.JPG,0
images/027A22.JPG,22
images/070A01.JPG,1
images/001A14.JPG,14
images/021A35.JPG,35
images/047A05.JPG,5
images/043A17.JPG,17
images/027A18.JPG,18
images/016A07.JPG,7
images/023A29.JPG,29
images/012A12.JPG,12
images/048A09.JPG,9
images/035A09.JPG,9
images/060A19.JPG,19
images/025A22.JPG,22
images/059A04.JPG,4
images/058A02.JPG,2
images/006A51.JPG,51
images/069A09.JPG,9
images/027A30.JPG,30
images/037A04.JPG,4
images/058A01.JPG,1
images/072A25.JPG,25
images/059A02b.JPG,2
images/060A17.JPG,17
images/015A09.JPG,9
images/078A09.JPG,9
images/032A18.JPG,18
images/058A17.JPG,17
images/076A10.JPG,10
images/066A02b.JPG,2
images/048A52.JPG,52
images/056A15.JPG,15
images/066A09.JPG,9
images/062A47.JPG,47
images/055A12.JPG,12
images/065A08.JPG,8
images/060A20.JPG,20
images/009A01.JPG,1
images/032A15.JPG,15
images/016A18.JPG,18
images/035A16.JPG,16
images/003A58.JPG,58
images/048A11.JPG,11
images/065A02a.JPG,2
images/015A12.JPG,12
images/061A26.JPG,26
images/057A07.JPG,7
images/040A10.JPG,10
images/078A02.JPG,2
images/002A03.JPG,3
images/016A01.JPG,1
images/065A11.JPG,11
images/078A07.JPG,7
images/075A11.JPG,11
images/038A00.JPG,0
images/061A25.JPG,25
images/042A12.JPG,12
images/054A18.JPG,18
images/021A27.JPG,27
images/072A11.JPG,11
images/061A06.JPG,6
images/012A04.JPG,4
images/037A00.JPG,0
images/006A55.JPG,55
images/063A20.JPG,20
images/054A02.JPG,2
images/016A05.JPG,5
images/056A01.JPG,1
images/056A10.JPG,10
images/025A00.JPG,0
images/043A04.JPG,4
images/005A61.JPG,61
images/015A07.JPG,7
images/009A13.JPG,13
images/002A16.JPG,16
images/020A02.JPG,2
images/048A30.JPG,30
images/033A30.JPG,30
images/006A28.JPG,28
images/061A18.JPG,18
images/020A22.JPG,22
images/048A49.JPG,49
images/025A23.JPG,23
images/070A09.JPG,9
images/027A25.JPG,25
images/056A06.JPG,6
images/054A10.JPG,10
images/076A01.JPG,1
images/008A12.JPG,12
images/039A02.JPG,2
images/020A16.JPG,16
images/053A08.JPG,8
images/021A23.JPG,23
images/002A36.JPG,36
images/020A24.JPG,24
images/023A14.JPG,14
images/042A14.JPG,14
images/047A23.JPG,23
images/033A18.JPG,18
images/032A13.JPG,13
