images/073A03.JPG,3
images/069A05.JPG,5
images/032A20.JPG,20
images/075A02.JPG,2
images/008A41.JPG,41
images/001A43a.JPG,43
images/006A55.JPG,55
images/074A02.JPG,2
images/041A24.JPG,24
images/077A09.JPG,9
images/074A10.JPG,10
images/078A09.JPG,9
images/078A02.JPG,2
images/069A11.JPG,11
images/058A15.JPG,15
images/060A12.JPG,12
images/050A06.JPG,6
images/023A29.JPG,29
images/043A10.JPG,10
images/025A28.JPG,28
images/073A16.JPG,16
images/003A35.JPG,35
images/018A16.JPG,16
images/039A05.JPG,5
images/080A07.JPG,7
images/041A13.JPG,13
images/026A19.JPG,19
images/001A02.JPG,2
images/027A11.JPG,11
images/035A23b.JPG,23
images/024A18.JPG,18
images/042A10.JPG,10
images/069A07.JPG,7
images/078A08.JPG,8
images/011A14.JPG,14
images/044A07.JPG,7
images/042A28.JPG,28
images/050A00.JPG,0
images/041A04.JPG,4
images/057A06.JPG,6
images/023A09.JPG,9
images/038A14.JPG,14
images/017A29.JPG,29
images/026A07.JPG,7
images/026A00.JPG,0
images/030A17.JPG,17
images/027A36.JPG,36
images/040A19.JPG,19
images/065A07b.JPG,7
images/024A19.JPG,19
images/075A11.JPG,11
images/015A03.JPG,3
images/035A16.JPG,16
images/065A13.JPG,13
images/009A22a.JPG,22
images/067A23.JPG,23
images/064A10.JPG,10
images/064A03.JPG,3
images/052A07.JPG,7
images/042A01.JPG,1
images/078A12.JPG,12
images/053A04.JPG,4
images/040A21.JPG,21
images/006A28.JPG,28
images/011A40.JPG,40
images/050A18.JPG,18
images/075A08.JPG,8
images/012A24.JPG,24
images/053A18.JPG,18
images/074A13.JPG,13
images/009A13.JPG,13
images/009A01.JPG,1
images/077A07.JPG,7
images/050A03.JPG,3
images/015A05.JPG,5
images/045A17.JPG,17
images/008A17.JPG,17
images/075A07.JPG,7
images/024A00.JPG,0
images/026A02.JPG,2
images/030A23.JPG,23
images/012A32.JPG,32
images/053A02.JPG,2
images/078A07.JPG,7
images/030A20.JPG,20
images/028A37.JPG,37
images/057A05.JPG,5
images/008A08.JPG,8
images/031A15.JPG,15
images/026A11.JPG,11
images/030A07.JPG,7
images/059A14.JPG,14
images/010A05.JPG,5
images/065A03b.JPG,3
images/058A02.JPG,2
images/077A02.JPG,2
images/025A07.JPG,7
images/010A06.JPG,6
images/032A28.JPG,28
images/067A17.JPG,17
images/057A07.JPG,7
images/024A07.JPG,7
images/015A19.JPG,19
images/023A25.JPG,25
images/025A19.JPG,19
images/042A04.JPG,4
images/035A07.JPG,7
images/047A13.JPG,13
images/042A05.JPG,5
images/042A20.JPG,20
images/003A38.JPG,38
images/025A15.JPG,15
images/031A09.JPG,9
images/080A14.JPG,14
images/048A50.JPG,50
images/044A03.JPG,3
images/030A16.JPG,16
images/045A43.JPG,43
images/018A33.JPG,33
images/027A18.JPG,18
images/065A10.JPG,10
images/077A08.JPG,8
images/059A02a.JPG,2
images/042A06.JPG,6
images/017A12.JPG,12
images/053A11.JPG,11
images/007A23.JPG,23
images/021A23.JPG,23
images/027A41.JPG,41
images/031A02.JPG,2
images/041A00.JPG,0
images/057A23.JPG,23
images/045A08.JPG,8
images/045A40.JPG,40
images/039A19.JPG,19
images/048A10.JPG,10
images/058A03.JPG,3
images/028A34.JPG,34
images/077A03.JPG,3
images/043A03.JPG,3
images/067A30.JPG,30
images/010A04.JPG,4
images/033A44.JPG,44
images/080A00.JPG,0
images/033A35.JPG,35
images/065A09.JPG,9
images/041A20.JPG,20
images/043A27.JPG,27
images/077A06.JPG,6
images/009A03.JPG,3
images/032A40.JPG,40
images/038A13.JPG,13
images/074A05.JPG,5
images/078A11.JPG,11
images/073A04.JPG,4
images/064A19.JPG,19
images/015A14.JPG,14
images/017A38.JPG,38
images/047A55.JPG,55
images/019A18.JPG,18
images/064A04.JPG,4
images/027A20.JPG,20
images/077A15.JPG,15
images/038A21.JPG,21
images/031A16.JPG,16
images/010A07b.JPG,7
images/040A02.JPG,2
images/067A26.JPG,26
images/017A19.JPG,19
images/026A18.JPG,18
images/080A09.JPG,9
images/012A04.JPG,4
images/010A16.JPG,16
images/059A03.JPG,3
images/015A07.JPG,7
images/010A15.JPG,15
images/039A17.JPG,17
images/012A27.JPG,27
images/030A05.JPG,5
images/032A18.JPG,18
images/021A05.JPG,5
images/035A18.JPG,18
images/021A27.JPG,27
images/077A14.JPG,14
images/042A14.JPG,14
images/082A00.JPG,0
images/047A18.JPG,18
images/058A05.JPG,5
images/059A16.JPG,16
images/065A06b.JPG,6
images/045A32.JPG,32
images/011A17.JPG,17
images/003A25.JPG,25
images/058A00.JPG,0
images/060A02.JPG,2
images/011A05.JPG,5
images/082A22.JPG,22
images/039A15.JPG,15
images/074A06.JPG,6
images/010A07a.JPG,7
images/033A02.JPG,2
images/008A13.JPG,13
images/080A08.JPG,8
images/080A03.JPG,3
images/019A07.JPG,7
images/065A11.JPG,11
images/039A16.JPG,16
images/001A40.JPG,40
images/074A03.JPG,3
images/057A12.JPG,12
images/060A19.JPG,19
images/007A26.JPG,26
images/057A00.JPG,0
images/024A10.JPG,10
images/065A08.JPG,8
images/069A13.JPG,13
images/059A12.JPG,12
images/008A35.JPG,35
images/001A08.JPG,8
images/023A21.JPG,21
images/003A49.JPG,49
images/047A23.JPG,23
images/075A10.JPG,10
images/026A06.JPG,6
images/074A11.JPG,11
images/031A07.JPG,7
images/053A15.JPG,15
images/078A00.JPG,0
images/008A12.JPG,12
images/060A07.JPG,7
images/069A06.JPG,6
images/052A20.JPG,20
images/021A18.JPG,18
images/007A38.JPG,38
images/074A09.JPG,9
images/074A01.JPG,1
images/052A16.JPG,16
images/077A01.JPG,1
images/018A11.JPG,11
images/038A10.JPG,10
images/073A14.JPG,14
images/053A00.JPG,0
images/075A06.JPG,6
images/024A28.JPG,28
images/007A01.JPG,1
images/035A08.JPG,8
images/032A35.JPG,35
images/042A00.JPG,0
images/032A24.JPG,24
images/080A06.JPG,6
images/018A29.JPG,29
images/053A06.JPG,6
images/047A45.JPG,45
images/039A13.JPG,13
images/025A03.JPG,3
images/047A33.JPG,33
images/073A06.JPG,6
images/019A15.JPG,15
images/011A27.JPG,27
images/032A06.JPG,6
images/053A13.JPG,13
images/048A49.JPG,49
images/019A23.JPG,23
images/064A01.JPG,1
images/050A22.JPG,22
images/059A07.JPG,7
images/017A22.JPG,22
images/031A00.JPG,0
images/065A04.JPG,4
images/052A17.JPG,17
images/041A19.JPG,19
images/032A13.JPG,13
images/080A12.JPG,12
images/044A21.JPG,21
images/064A15.JPG,15
images/033A25.JPG,25
images/018A18.JPG,18
images/012A26.JPG,26
images/048A27.JPG,27
images/043A15.JPG,15
images/039A02.JPG,2
images/060A10.JPG,10
images/043A00.JPG,0
images/043A17.JPG,17
images/021A35.JPG,35
images/012A07.JPG,7
images/077A11.JPG,11
images/019A27.JPG,27
images/044A05.JPG,5
images/019A12.JPG,12
images/003A61.JPG,61
images/025A39.JPG,39
images/006A61.JPG,61
images/018A28.JPG,28
images/065A03a.JPG,3
images/008A18.JPG,18
images/078A04.JPG,4
images/018A22.JPG,22
images/039A50.JPG,50
images/073A00.JPG,0
images/082A23.JPG,23
images/028A26.JPG,26
images/015A04.JPG,4
images/045A18.JPG,18
images/027A25.JPG,25
images/027A02.JPG,2
images/082A18.JPG,18
images/057A18.JPG,18
images/045A28.JPG,28
images/027A22.JPG,22
images/015A01.JPG,1
images/032A08.JPG,8
images/025A23.JPG,23
images/009A14.JPG,14
images/042A12.JPG,12
images/006A42.JPG,42
images/009A16b.JPG,16
images/044A13.JPG,13
images/006A40.JPG,40
images/033A30.JPG,30
images/015A09.JPG,9
images/023A22.JPG,22
images/018A06.JPG,6
images/025A00.JPG,0
images/048A16.JPG,16
images/025A18.JPG,18
images/077A00.JPG,0
images/069A10.JPG,10
images/038A23.JPG,23
images/038A08.JPG,8
images/057A16.JPG,16
images/015A17.JPG,17
images/052A02.JPG,2
images/047A12.JPG,12
images/030A04.JPG,4
images/017A42.JPG,42
images/026A17.JPG,17
images/021A06.JPG,6
images/080A13.JPG,13
images/028A28.JPG,28
images/021A03.JPG,3
images/008A30.JPG,30
images/075A01.JPG,1
images/009A11.JPG,11
images/019A30.JPG,30
images/011A11.JPG,11
images/021A16.JPG,16
images/001A22.JPG,22
images/011A07.JPG,7
images/065A12.JPG,12
images/033A14.JPG,14
images/008A21.JPG,21
images/035A14.JPG,14
images/006A36.JPG,36
images/044A18.JPG,18
images/006A51.JPG,51
images/007A22.JPG,22
images/078A06.JPG,6
images/021A11.JPG,11
images/012A14.JPG,14
images/030A18.JPG,18
images/060A11.JPG,11
images/048A17.JPG,17
images/031A19.JPG,19
images/044A17.JPG,17
images/011A02.JPG,2
images/053A08.JPG,8
images/023A16.JPG,16
images/001A33.JPG,33
images/001A43b.JPG,43
images/009A16a.JPG,16
images/028A35.JPG,35
images/026A15.JPG,15
images/043A05.JPG,5
images/044A15.JPG,15
images/010A12.JPG,12
images/027A13.JPG,13
images/008A03.JPG,3
images/007A37.JPG,37
images/018A36.JPG,36
images/067A04.JPG,4
images/052A18.JPG,18
images/058A10.JPG,10
images/069A09.JPG,9
images/030A00.JPG,0
images/033A10.JPG,10
images/073A05.JPG,5
images/023A05.JPG,5
images/040A03a.JPG,3
images/045A48.JPG,48
images/011A34.JPG,34
images/035A12.JPG,12
images/001A05.JPG,5
images/008A33.JPG,33
images/031A06.JPG,6
images/059A06.JPG,6
images/006A31.JPG,31
images/040A06.JPG,6
images/048A15.JPG,15
images/067A33.JPG,33
images/027A30.JPG,30
images/035A09.JPG,9
images/001A28.JPG,28
images/012A18.JPG,18
images/033A18.JPG,18
images/047A11.JPG,11
images/021A20.JPG,20
images/032A10.JPG,10
images/045A19.JPG,19
images/039A45.JPG,45
images/042A24.JPG,24
images/065A07a.JPG,7
images/001A10.JPG,10
images/052A19.JPG,19
images/075A03.JPG,3
images/073A07.JPG,7
images/047A09.JPG,9
images/048A11.JPG,11
images/045A12.JPG,12
images/008A06.JPG,6
images/080A01.JPG,1
images/047A15.JPG,15
images/044A01.JPG,1
images/006A69.JPG,69
images/023A14.JPG,14
images/048A54.JPG,54
images/001A14.JPG,14
images/038A03.JPG,3
images/077A10.JPG,10
images/033A39.JPG,39
images/073A08.JPG,8
images/059A02b.JPG,2
images/053A12.JPG,12
images/031A12.JPG,12
images/003A18.JPG,18
images/078A05.JPG,5
images/017A17.JPG,17
images/031A03.JPG,3
images/077A13.JPG,13
images/082A25.JPG,25
images/024A05.JPG,5
images/080A05.JPG,5
images/040A16.JPG,16
images/019A03.JPG,3
images/009A00.JPG,0
images/035A03.JPG,3
images/001A16.JPG,16
images/082A03.JPG,3
images/045A06.JPG,6
images/017A05.JPG,5
images/078A14.JPG,14
images/078A01.JPG,1
images/027A16.JPG,16
images/031A04.JPG,4
images/052A04.JPG,4
images/038A01.JPG,1
images/023A18.JPG,18
images/006A46.JPG,46
images/080A02.JPG,2
images/058A01.JPG,1
images/048A33.JPG,33
images/074A14.JPG,14
images/017A26.JPG,26
images/030A26.JPG,26
images/038A17.JPG,17
images/003A23.JPG,23
images/024A30.JPG,30
images/033A21.JPG,21
images/035A01.JPG,1
images/048A09.JPG,9
images/008A29.JPG,29
images/060A04.JPG,4
images/010A18.JPG,18
images/047A27.JPG,27
images/035A05.JPG,5
images/003A51.JPG,51
images/012A23.JPG,23
images/021A30.JPG,30
images/025A34.JPG,34
images/069A00.JPG,0
images/065A06a.JPG,6
images/058A06.JPG,6
images/073A09.JPG,9
images/012A25.JPG,25
images/074A15.JPG,15
images/074A12.JPG,12
images/045A25.JPG,25
images/074A00.JPG,0
images/028A20.JPG,20
images/003A60.JPG,60
images/052A13.JPG,13
images/058A13.JPG,13
images/040A03b.JPG,3
images/073A13.JPG,13
images/038A00.JPG,0
images/011A42.JPG,42
images/041A06.JPG,6
images/001A19.JPG,19
images/028A18.JPG,18
images/060A08.JPG,8
images/043A13.JPG,13
images/017A15.JPG,15
images/041A09.JPG,9
images/077A12.JPG,12
images/028A46.JPG,46
images/082A16.JPG,16
images/026A04.JPG,4
images/074A08.JPG,8
images/009A22b.JPG,22
images/043A19.JPG,19
images/039A35.JPG,35
images/039A11.JPG,11
images/040A09.JPG,9
images/047A06.JPG,6
images/007A45.JPG,45
images/012A21.JPG,21
images/012A36.JPG,36
images/019A05.JPG,5
images/011A15.JPG,15
images/006A67.JPG,67
images/010A09.JPG,9
images/053A10.JPG,10
images/078A13.JPG,13
images/078A10.JPG,10
images/077A16.JPG,16
images/073A15.JPG,15
images/039A10.JPG,10
images/011A20.JPG,20
images/048A52.JPG,52
images/023A07.JPG,7
images/038A11.JPG,11
images/080A10.JPG,10
images/009A18.JPG,18
images/040A00.JPG,0
images/073A02.JPG,2
images/065A02a.JPG,2
images/010A10.JPG,10
images/052A10.JPG,10
images/044A25.JPG,25
images/042A08.JPG,8
images/043A23.JPG,23
images/017A36.JPG,36
images/017A07.JPG,7
images/078A15.JPG,15
images/024A23.JPG,23
images/040A12.JPG,12
images/050A10.JPG,10
images/067A39.JPG,39
images/019A00.JPG,0
images/040A10.JPG,10
images/024A25.JPG,25
images/069A04.JPG,4
images/035A21.JPG,21
images/009A05.JPG,5
images/028A41.JPG,41
images/040A14.JPG,14
images/075A05.JPG,5
images/067A21.JPG,21
images/065A02b.JPG,2
images/060A05.JPG,5
images/048A30.JPG,30
images/040A05.JPG,5
images/031A11.JPG,11
images/069A02.JPG,2
images/041A02.JPG,2
images/074A07.JPG,7
images/017A32.JPG,32
images/035A00.JPG,0
images/018A25.JPG,25
images/053A01.JPG,1
images/021A39.JPG,39
images/058A04.JPG,4
images/028A14.JPG,14
images/042A18.JPG,18
images/073A01.JPG,1
images/078A03.JPG,3
images/059A04.JPG,4
images/073A12.JPG,12
images/047A20.JPG,20
images/045A03.JPG,3
images/001A29.JPG,29
images/012A12.JPG,12
images/011A13.JPG,13
images/032A15.JPG,15
images/048A46.JPG,46
images/009A09.JPG,9
images/003A20.JPG,20
images/067A14.JPG,14
images/006A24.JPG,24
images/023A00.JPG,0
images/001A18.JPG,18
images/038A34.JPG,34
images/032A33.JPG,33
images/007A18.JPG,18
images/048A18.JPG,18
images/075A00.JPG,0
images/039A07.JPG,7
images/057A17.JPG,17
images/060A20.JPG,20
images/058A17.JPG,17
images/057A25.JPG,25
images/028A16.JPG,16
images/018A34.JPG,34
images/082A27.JPG,27
images/003A58.JPG,58
images/011A30.JPG,30
images/008A16.JPG,16
images/052A14.JPG,14
images/050A14.JPG,14
images/040A07.JPG,7
images/038A04.JPG,4
images/033A05.JPG,5
images/023A03.JPG,3
images/060A06.JPG,6
images/077A04.JPG,4
images/080A04.JPG,4
images/074A04.JPG,4
images/050A16.JPG,16
images/039A52.JPG,52
images/025A22.JPG,22
images/012A30.JPG,30
images/082A20.JPG,20
images/041A21.JPG,21
images/008A31.JPG,31
images/048A00.JPG,0
images/003A47.JPG,47
images/007A39.JPG,39
images/082A31.JPG,31
images/015A00.JPG,0
images/015A15.JPG,15
images/069A03.JPG,3
images/012A34.JPG,34
images/030A10.JPG,10
images/031A14.JPG,14
images/015A10.JPG,10
images/024A17.JPG,17
images/026A13.JPG,13
images/043A04.JPG,4
images/010A01.JPG,1
images/047A05.JPG,5
images/073A11.JPG,11
images/053A03.JPG,3
images/060A17.JPG,17
images/038A05.JPG,5
images/035A23a.JPG,23
images/015A12.JPG,12
images/067A28.JPG,28
images/082A21.JPG,21
images/025A12.JPG,12
