images/064A19.JPG,19
images/071A44.JPG,44
images/002A18.JPG,18
images/075A11.JPG,11
images/017A19.JPG,19
images/056A03.JPG,3
images/079A12.JPG,12
images/067A26.JPG,26
images/052A13.JPG,13
images/073A02.JPG,2
images/050A03.JPG,3
images/074A05.JPG,5
images/033A21.JPG,21
images/045A32.JPG,32
images/051A05.JPG,5
images/032A24.JPG,24
images/006A28.JPG,28
images/007A23.JPG,23
images/010A15.JPG,15
images/001A43b.JPG,43
images/031A04.JPG,4
images/073A11.JPG,11
images/054A00.JPG,0
images/052A20.JPG,20
images/010A07a.JPG,7
images/032A18.JPG,18
images/051A02.JPG,2
images/041A20.JPG,20
images/060A12.JPG,12
images/046A14.JPG,14
images/042A06.JPG,6
images/063A22.JPG,22
images/053A02.JPG,2
images/057A25.JPG,25
images/061A06.JPG,6
images/061A18.JPG,18
images/079A03.JPG,3
images/080A01.JPG,1
images/001A08.JPG,8
images/080A05.JPG,5
images/045A19.JPG,19
images/074A14.JPG,14
images/056A04.JPG,4
images/047A18.JPG,18
images/002A04.JPG,4
images/042A12.JPG,12
images/065A07b.JPG,7
images/063A09.JPG,9
images/018A36.JPG,36
images/076A04.JPG,4
images/051A12.JPG,12
images/062A35.JPG,35
images/060A17.JPG,17
images/080A07.JPG,7
images/073A08.JPG,8
images/041A02.JPG,2
images/040A03a.JPG,3
images/076A16.JPG,16
images/006A55.JPG,55
images/041A00.JPG,0
images/028A18.JPG,18
images/035A16.JPG,16
images/052A04.JPG,4
images/003A49.JPG,49
images/007A26.JPG,26
images/079A11.JPG,11
images/031A14.JPG,14
images/073A12.JPG,12
images/003A20.JPG,20
images/039A02.JPG,2
images/060A05.JPG,5
images/030A18.JPG,18
images/042A01.JPG,1
images/057A23.JPG,23
images/018A34.JPG,34
images/045A12.JPG,12
images/013A23.JPG,23
images/056A12.JPG,12
images/079A06.JPG,6
images/039A19.JPG,19
images/079A04.JPG,4
images/045A08.JPG,8
images/017A32.JPG,32
images/061A32.JPG,32
images/061A29.JPG,29
images/068A10b.JPG,10
images/001A16.JPG,16
images/071A00.JPG,0
images/078A06.JPG,6
images/042A14.JPG,14
images/042A18.JPG,18
images/031A12.JPG,12
images/052A19.JPG,19
images/068A11.JPG,11
images/065A02a.JPG,2
images/007A22.JPG,22
images/069A03.JPG,3
images/062A41.JPG,41
images/002A20.JPG,20
images/006A42.JPG,42
images/035A08.JPG,8
images/030A20.JPG,20
images/074A00.JPG,0
images/059A04.JPG,4
images/074A03.JPG,3
images/032A35.JPG,35
images/074A10.JPG,10
images/017A12.JPG,12
images/035A23b.JPG,23
images/040A14.JPG,14
images/019A30.JPG,30
images/007A45.JPG,45
images/071A35.JPG,35
images/054A04.JPG,4
images/063A20.JPG,20
images/075A06.JPG,6
images/077A08.JPG,8
images/033A35.JPG,35
images/054A02.JPG,2
images/045A17.JPG,17
images/079A13.JPG,13
images/018A16.JPG,16
images/051A18.JPG,18
images/079A09.JPG,9
images/002A31.JPG,31
images/032A06.JPG,6
images/014A14.JPG,14
images/057A18.JPG,18
images/028A26.JPG,26
images/080A04.JPG,4
images/032A20.JPG,20
images/077A11.JPG,11
images/004A28.JPG,28
images/014A03.JPG,3
images/051A15.JPG,15
images/002A05.JPG,5
images/078A09.JPG,9
images/076A17.JPG,17
images/073A09.JPG,9
images/013A00.JPG,0
images/039A05.JPG,5
images/073A13.JPG,13
images/046A12.JPG,12
images/010A09.JPG,9
images/076A06.JPG,6
images/030A23.JPG,23
images/045A03.JPG,3
images/039A50.JPG,50
images/003A25.JPG,25
images/047A33.JPG,33
images/051A16.JPG,16
images/019A07.JPG,7
images/002A23.JPG,23
images/040A05.JPG,5
images/001A40.JPG,40
images/031A02.JPG,2
images/080A03.JPG,3
images/075A00.JPG,0
images/076A01.JPG,1
images/079A05.JPG,5
images/031A07.JPG,7
images/075A05.JPG,5
images/057A07.JPG,7
images/019A03.JPG,3
images/035A14.JPG,14
images/031A11.JPG,11
images/050A14.JPG,14
images/041A13.JPG,13
images/078A14.JPG,14
images/032A10.JPG,10
images/017A38.JPG,38
images/040A21.JPG,21
images/079A02.JPG,2
images/068A00.JPG,0
images/004A51.JPG,51
images/035A09.JPG,9
images/040A09.JPG,9
images/077A13.JPG,13
images/001A02.JPG,2
images/075A07.JPG,7
images/013A21.JPG,21
images/078A13.JPG,13
images/002A16.JPG,16
images/069A10.JPG,10
images/069A11.JPG,11
images/032A13.JPG,13
images/018A22.JPG,22
images/079A07.JPG,7
images/019A18.JPG,18
images/047A12.JPG,12
images/069A05.JPG,5
images/047A11.JPG,11
images/041A19.JPG,19
images/010A12.JPG,12
images/058A17.JPG,17
images/067A30.JPG,30
images/056A02.JPG,2
images/057A16.JPG,16
images/061A07.JPG,7
images/068A12.JPG,12
images/001A10.JPG,10
images/078A10.JPG,10
images/052A10.JPG,10
images/052A07.JPG,7
images/007A38.JPG,38
images/062A38.JPG,38
images/001A29.JPG,29
images/004A37.JPG,37
images/056A06.JPG,6
images/061A30.JPG,30
images/013A16.JPG,16
images/077A15.JPG,15
images/074A12.JPG,12
images/068A04.JPG,4
images/035A07.JPG,7
images/081A01.JPG,1
images/069A00.JPG,0
images/076A13.JPG,13
images/065A08.JPG,8
images/063A04.JPG,4
images/041A21.JPG,21
images/078A00.JPG,0
images/002A07.JPG,7
images/079A00.JPG,0
images/059A03.JPG,3
images/040A00.JPG,0
images/028A35.JPG,35
images/060A04.JPG,4
images/060A08.JPG,8
images/071A24.JPG,24
images/060A10.JPG,10
images/065A07a.JPG,7
images/076A00.JPG,0
images/004A62.JPG,62
images/047A20.JPG,20
images/065A04.JPG,4
images/046A06.JPG,6
images/065A06a.JPG,6
images/060A11.JPG,11
images/065A03a.JPG,3
images/002A15.JPG,15
images/053A11.JPG,11
images/051A08.JPG,8
images/053A00.JPG,0
images/053A18.JPG,18
images/045A28.JPG,28
images/067A28.JPG,28
images/050A18.JPG,18
images/050A00.JPG,0
images/001A18.JPG,18
images/006A67.JPG,67
images/059A06.JPG,6
images/071A22.JPG,22
images/046A17.JPG,17
images/058A01.JPG,1
images/057A12.JPG,12
images/067A33.JPG,33
images/078A08.JPG,8
images/033A10.JPG,10
images/047A06.JPG,6
images/042A28.JPG,28
images/071A27.JPG,27
images/073A06.JPG,6
images/076A12.JPG,12
images/041A04.JPG,4
images/074A11.JPG,11
images/075A01.JPG,1
images/028A37.JPG,37
images/054A06.JPG,6
images/040A10.JPG,10
images/064A15.JPG,15
images/058A04.JPG,4
images/064A04.JPG,4
images/054A11.JPG,11
images/053A12.JPG,12
images/077A09.JPG,9
images/004A26.JPG,26
images/004A40.JPG,40
images/065A13.JPG,13
images/080A02.JPG,2
images/064A10.JPG,10
images/047A45.JPG,45
images/003A58.JPG,58
images/073A14.JPG,14
images/030A16.JPG,16
images/081A12.JPG,12
images/078A02.JPG,2
images/010A01.JPG,1
images/059A12.JPG,12
images/031A00.JPG,0
images/007A01.JPG,1
images/003A18.JPG,18
images/017A05.JPG,5
images/062A30.JPG,30
images/046A04.JPG,4
images/018A11.JPG,11
images/060A19.JPG,19
images/061A10.JPG,10
images/077A02.JPG,2
images/076A05.JPG,5
images/045A25.JPG,25
images/071A42.JPG,42
images/078A03.JPG,3
images/018A29.JPG,29
images/033A39.JPG,39
images/052A16.JPG,16
images/010A05.JPG,5
images/063A18.JPG,18
images/039A07.JPG,7
images/035A18.JPG,18
images/013A08.JPG,8
images/063A25.JPG,25
images/059A16.JPG,16
images/076A03.JPG,3
images/010A06.JPG,6
images/004A53.JPG,53
images/032A33.JPG,33
images/080A14.JPG,14
images/068A14.JPG,14
images/002A03.JPG,3
images/002A12.JPG,12
images/030A26.JPG,26
images/006A61.JPG,61
images/054A13.JPG,13
images/063A33.JPG,33
images/062A03.JPG,3
images/033A30.JPG,30
images/075A03.JPG,3
images/004A63.JPG,63
images/046A20.JPG,20
images/080A12.JPG,12
images/002A21.JPG,21
images/018A28.JPG,28
images/019A00.JPG,0
images/041A09.JPG,9
images/078A15.JPG,15
images/006A51.JPG,51
images/047A05.JPG,5
images/067A23.JPG,23
images/001A05.JPG,5
images/073A04.JPG,4
images/067A21.JPG,21
images/045A43.JPG,43
images/061A04.JPG,4
images/053A13.JPG,13
images/054A19.JPG,19
images/053A01.JPG,1
images/076A09.JPG,9
images/071A45.JPG,45
images/039A15.JPG,15
images/047A27.JPG,27
images/040A19.JPG,19
images/065A02b.JPG,2
images/028A20.JPG,20
images/057A06.JPG,6
images/032A08.JPG,8
images/014A12.JPG,12
images/028A16.JPG,16
images/058A00.JPG,0
images/057A05.JPG,5
images/076A08.JPG,8
images/028A34.JPG,34
images/001A22.JPG,22
images/080A13.JPG,13
images/051A17.JPG,17
images/053A04.JPG,4
images/060A07.JPG,7
images/018A06.JPG,6
images/004A19.JPG,19
images/078A11.JPG,11
images/004A48.JPG,48
images/014A22.JPG,22
images/017A42.JPG,42
images/045A40.JPG,40
images/056A15.JPG,15
images/001A33.JPG,33
images/041A06.JPG,6
images/051A00.JPG,0
images/035A01.JPG,1
images/080A09.JPG,9
images/006A40.JPG,40
images/014A18.JPG,18
images/002A38.JPG,38
images/077A16.JPG,16
images/030A00.JPG,0
images/050A06.JPG,6
images/014A16.JPG,16
images/042A00.JPG,0
images/061A26.JPG,26
images/003A61.JPG,61
images/079A10.JPG,10
images/013A19.JPG,19
images/068A03.JPG,3
images/017A29.JPG,29
images/073A05.JPG,5
images/031A16.JPG,16
images/069A07.JPG,7
images/003A23.JPG,23
images/067A39.JPG,39
images/047A13.JPG,13
images/062A47.JPG,47
images/079A01.JPG,1
images/054A12.JPG,12
images/078A01.JPG,1
images/010A18.JPG,18
images/042A08.JPG,8
images/032A40.JPG,40
images/073A03.JPG,3
images/010A07b.JPG,7
images/062A18.JPG,18
images/057A17.JPG,17
images/053A10.JPG,10
images/031A06.JPG,6
images/006A24.JPG,24
images/081A06.JPG,6
images/081A08.JPG,8
images/081A10.JPG,10
images/035A05.JPG,5
images/058A02.JPG,2
images/058A15.JPG,15
images/065A06b.JPG,6
images/040A03b.JPG,3
images/062A53.JPG,53
images/010A16.JPG,16
images/013A41.JPG,41
images/052A14.JPG,14
images/039A17.JPG,17
images/046A10.JPG,10
images/014A42.JPG,42
images/061A25.JPG,25
images/003A35.JPG,35
images/050A22.JPG,22
images/071A40.JPG,40
images/006A36.JPG,36
images/065A10.JPG,10
images/019A12.JPG,12
images/006A46.JPG,46
images/018A33.JPG,33
images/058A03.JPG,3
images/062A16.JPG,16
images/033A05.JPG,5
images/065A03b.JPG,3
images/081A05.JPG,5
images/042A24.JPG,24
images/013A34.JPG,34
images/062A15.JPG,15
images/046A08.JPG,8
images/040A07.JPG,7
images/019A23.JPG,23
images/054A18.JPG,18
images/054A10.JPG,10
images/073A15.JPG,15
images/063A00.JPG,0
images/060A20.JPG,20
images/078A07.JPG,7
images/013A25.JPG,25
images/002A26.JPG,26
images/028A14.JPG,14
images/081A00.JPG,0
images/033A02.JPG,2
images/056A01.JPG,1
images/001A28.JPG,28
images/073A16.JPG,16
images/069A06.JPG,6
images/042A20.JPG,20
images/074A08.JPG,8
images/067A17.JPG,17
images/050A10.JPG,10
images/054A16.JPG,16
images/081A02.JPG,2
images/071A43.JPG,43
images/013A18.JPG,18
images/031A19.JPG,19
images/007A18.JPG,18
images/018A25.JPG,25
images/073A00.JPG,0
images/080A10.JPG,10
images/033A25.JPG,25
images/031A03.JPG,3
images/063A02.JPG,2
images/052A18.JPG,18
images/001A14.JPG,14
images/071A18.JPG,18
images/074A06.JPG,6
images/062A54.JPG,54
images/046A01.JPG,1
images/067A14.JPG,14
images/028A28.JPG,28
images/075A10.JPG,10
images/071A10.JPG,10
images/071A23.JPG,23
images/003A47.JPG,47
images/045A18.JPG,18
images/035A03.JPG,3
images/059A02a.JPG,2
images/046A02.JPG,2
images/030A07.JPG,7
images/017A15.JPG,15
images/073A07.JPG,7
images/018A18.JPG,18
images/013A30.JPG,30
images/039A45.JPG,45
images/046A18.JPG,18
images/060A02.JPG,2
images/077A01.JPG,1
images/010A04.JPG,4
images/017A26.JPG,26
images/059A07.JPG,7
images/076A07.JPG,7
images/019A15.JPG,15
images/074A01.JPG,1
images/074A15.JPG,15
images/058A10.JPG,10
images/017A07.JPG,7
images/074A02.JPG,2
images/033A14.JPG,14
images/081A11.JPG,11
images/039A35.JPG,35
images/030A05.JPG,5
images/059A14.JPG,14
images/040A12.JPG,12
images/001A19.JPG,19
images/077A06.JPG,6
images/047A55.JPG,55
images/006A69.JPG,69
images/006A31.JPG,31
images/069A09.JPG,9
images/061A19.JPG,19
images/074A09.JPG,9
images/042A05.JPG,5
images/041A24.JPG,24
images/014A36.JPG,36
images/057A00.JPG,0
images/002A36.JPG,36
images/003A51.JPG,51
images/014A30.JPG,30
images/064A03.JPG,3
images/077A07.JPG,7
images/052A02.JPG,2
images/007A39.JPG,39
images/017A22.JPG,22
images/068A10a.JPG,10
images/039A16.JPG,16
images/003A60.JPG,60
images/040A02.JPG,2
images/054A09.JPG,9
images/010A10.JPG,10
images/069A04.JPG,4
images/035A12.JPG,12
images/077A03.JPG,3
images/031A15.JPG,15
images/080A00.JPG,0
images/032A28.JPG,28
images/046A16.JPG,16
images/060A06.JPG,6
images/050A16.JPG,16
images/019A27.JPG,27
images/080A06.JPG,6
images/067A04.JPG,4
images/069A02.JPG,2
images/046A00.JPG,0
images/065A12.JPG,12
images/078A12.JPG,12
images/030A17.JPG,17
images/079A08.JPG,8
images/039A13.JPG,13
images/040A16.JPG,16
images/013A44.JPG,44
images/075A08.JPG,8
images/033A44.JPG,44
images/059A02b.JPG,2
images/077A12.JPG,12
images/077A14.JPG,14
images/031A09.JPG,9
images/017A36.JPG,36
images/051A14.JPG,14
images/045A06.JPG,6
images/045A48.JPG,48
images/003A38.JPG,38
images/074A13.JPG,13
images/076A02.JPG,2
images/068A09.JPG,9
images/078A05.JPG,5
images/035A23a.JPG,23
images/058A05.JPG,5
images/033A18.JPG,18
images/040A06.JPG,6
images/052A17.JPG,17
images/054A17.JPG,17
images/076A15.JPG,15
images/042A04.JPG,4
images/039A11.JPG,11
images/030A10.JPG,10
images/028A41.JPG,41
images/030A04.JPG,4
images/001A43a.JPG,43
images/053A15.JPG,15
images/004A21.JPG,21
images/077A10.JPG,10
images/056A10.JPG,10
images/076A14.JPG,14
images/063A08.JPG,8
images/039A52.JPG,52
images/076A11.JPG,11
images/062A45.JPG,45
images/014A40.JPG,40
images/075A02.JPG,2
images/073A01.JPG,1
images/065A09.JPG,9
images/035A21.JPG,21
images/058A13.JPG,13
images/065A11.JPG,11
images/081A03.JPG,3
images/019A05.JPG,5
images/081A07.JPG,7
images/074A04.JPG,4
images/042A10.JPG,10
images/007A37.JPG,37
images/068A13.JPG,13
images/061A17.JPG,17
images/077A00.JPG,0
images/047A23.JPG,23
images/078A04.JPG,4
images/080A08.JPG,8
images/076A10.JPG,10
images/002A29.JPG,29
images/047A15.JPG,15
images/074A07.JPG,7
images/032A15.JPG,15
images/004A30.JPG,30
images/069A13.JPG,13
images/035A00.JPG,0
images/017A17.JPG,17
images/053A06.JPG,6
images/058A06.JPG,6
images/077A04.JPG,4
images/039A10.JPG,10
images/053A03.JPG,3
images/081A04.JPG,4
images/028A46.JPG,46
images/047A09.JPG,9
images/064A01.JPG,1
images/053A08.JPG,8
images/051A24.JPG,24
images/061A15.JPG,15
