images/031A11.JPG,11
images/070A06.JPG,6
images/027A41.JPG,41
images/076A12.JPG,12
images/020A11.JPG,11
images/081A06.JPG,6
images/007A39.JPG,39
images/015A15.JPG,15
images/024A25.JPG,25
images/054A16.JPG,16
images/004A53.JPG,53
images/055A22.JPG,22
images/038A21.JPG,21
images/017A29.JPG,29
images/065A07b.JPG,7
images/008A35.JPG,35
images/043A17.JPG,17
images/070A14.JPG,14
images/059A02a.JPG,2
images/065A09.JPG,9
images/076A02.JPG,2
images/032A20.JPG,20
images/001A43a.JPG,43
images/048A11.JPG,11
images/031A02.JPG,2
images/008A31.JPG,31
images/045A25.JPG,25
images/032A33.JPG,33
images/010A10.JPG,10
images/037A19.JPG,19
images/001A29.JPG,29
images/026A04.JPG,4
images/082A00.JPG,0
images/047A13.JPG,13
images/058A00.JPG,0
images/016A10.JPG,10
images/029A29.JPG,29
images/062A45.JPG,45
images/007A23.JPG,23
images/001A22.JPG,22
images/028A34.JPG,34
images/028A28.JPG,28
images/043A04.JPG,4
images/001A08.JPG,8
images/031A15.JPG,15
images/065A03a.JPG,3
images/020A18.JPG,18
images/081A03.JPG,3
images/028A46.JPG,46
images/054A10.JPG,10
images/037A08.JPG,8
images/027A25.JPG,25
images/024A07.JPG,7
images/032A24.JPG,24
images/010A06.JPG,6
images/078A01.JPG,1
images/063A22.JPG,22
images/050A10.JPG,10
images/004A48.JPG,48
images/070A00.JPG,0
images/080A04.JPG,4
images/027A13.JPG,13
images/062A41.JPG,41
images/069A04.JPG,4
images/070A02.JPG,2
images/061A29.JPG,29
images/031A09.JPG,9
images/053A03.JPG,3
images/016A04.JPG,4
images/008A29.JPG,29
images/047A12.JPG,12
images/079A06.JPG,6
images/070A09.JPG,9
images/038A00.JPG,0
images/001A19.JPG,19
images/067A26.JPG,26
images/053A04.JPG,4
images/078A10.JPG,10
images/048A52.JPG,52
images/004A51.JPG,51
images/017A15.JPG,15
images/016A07.JPG,7
images/076A15.JPG,15
images/061A32.JPG,32
images/076A00.JPG,0
images/031A06.JPG,6
images/006A61.JPG,61
images/076A03.JPG,3
images/075A08.JPG,8
images/045A19.JPG,19
images/050A22.JPG,22
images/037A06.JPG,6
images/062A03.JPG,3
images/048A49.JPG,49
images/001A10.JPG,10
images/047A11.JPG,11
images/010A18.JPG,18
images/004A37.JPG,37
images/045A43.JPG,43
images/017A26.JPG,26
images/010A15.JPG,15
images/010A07b.JPG,7
images/050A06.JPG,6
images/067A28.JPG,28
images/018A11.JPG,11
images/082A20.JPG,20
images/075A05.JPG,5
images/021A16.JPG,16
images/080A10.JPG,10
images/058A10.JPG,10
images/031A00.JPG,0
images/065A10.JPG,10
images/007A18.JPG,18
images/054A00.JPG,0
images/008A21.JPG,21
images/027A11.JPG,11
images/063A00.JPG,0
images/047A18.JPG,18
images/041A00.JPG,0
images/024A23.JPG,23
images/031A16.JPG,16
images/054A04.JPG,4
images/043A05.JPG,5
images/056A12.JPG,12
images/016A01.JPG,1
images/020A36.JPG,36
images/076A05.JPG,5
images/045A12.JPG,12
images/027A22.JPG,22
images/066A09.JPG,9
images/033A30.JPG,30
images/062A53.JPG,53
images/026A18.JPG,18
images/023A18.JPG,18
images/070A07.JPG,7
images/082A16.JPG,16
images/007A01.JPG,1
images/041A09.JPG,9
images/043A23.JPG,23
images/016A16.JPG,16
images/059A14.JPG,14
images/017A17.JPG,17
images/069A00.JPG,0
images/065A04.JPG,4
images/026A02.JPG,2
images/078A15.JPG,15
images/058A13.JPG,13
images/074A15.JPG,15
images/076A06.JPG,6
images/028A16.JPG,16
images/037A17.JPG,17
images/018A22.JPG,22
images/082A21.JPG,21
images/020A04.JPG,4
images/081A02.JPG,2
images/023A09.JPG,9
images/058A06.JPG,6
images/067A17.JPG,17
images/033A39.JPG,39
images/060A07.JPG,7
images/021A18.JPG,18
images/010A12.JPG,12
images/001A02.JPG,2
images/038A10.JPG,10
images/024A19.JPG,19
images/023A16.JPG,16
images/048A15.JPG,15
images/065A02b.JPG,2
images/043A13.JPG,13
images/004A19.JPG,19
images/008A08.JPG,8
images/081A04.JPG,4
images/004A63.JPG,63
images/020A16.JPG,16
images/065A13.JPG,13
images/066A02a.JPG,2
images/037A01.JPG,1
images/079A00.JPG,0
images/026A17.JPG,17
images/078A11.JPG,11
images/059A07.JPG,7
images/029A20.JPG,20
images/063A20.JPG,20
images/033A10.JPG,10
images/024A18.JPG,18
images/008A33.JPG,33
images/037A09.JPG,9
images/007A22.JPG,22
images/008A16.JPG,16
images/079A05.JPG,5
images/045A48.JPG,48
images/054A18.JPG,18
images/032A13.JPG,13
images/010A01.JPG,1
images/028A20.JPG,20
images/075A11.JPG,11
images/074A08.JPG,8
images/059A04.JPG,4
images/078A13.JPG,13
images/075A06.JPG,6
images/008A03.JPG,3
images/079A12.JPG,12
images/008A18.JPG,18
images/020A02.JPG,2
images/031A14.JPG,14
images/081A11.JPG,11
images/004A26.JPG,26
images/069A13.JPG,13
images/017A32.JPG,32
images/043A00.JPG,0
images/017A42.JPG,42
images/058A17.JPG,17
images/015A10.JPG,10
images/076A13.JPG,13
images/059A06.JPG,6
images/061A30.JPG,30
images/014A42.JPG,42
images/029A10.JPG,10
images/008A41.JPG,41
images/043A19.JPG,19
images/065A07a.JPG,7
images/054A19.JPG,19
images/023A21.JPG,21
images/079A11.JPG,11
images/070A03.JPG,3
images/017A12.JPG,12
images/018A06.JPG,6
images/020A13.JPG,13
images/082A18.JPG,18
images/021A30.JPG,30
images/070A12.JPG,12
images/027A16.JPG,16
images/015A12.JPG,12
images/048A16.JPG,16
images/037A00.JPG,0
images/008A12.JPG,12
images/004A40.JPG,40
images/055A04.JPG,4
images/006A31.JPG,31
images/024A00.JPG,0
images/043A15.JPG,15
images/026A11.JPG,11
images/050A00.JPG,0
images/069A10.JPG,10
images/016A19.JPG,19
images/021A23.JPG,23
images/074A09.JPG,9
images/069A02.JPG,2
images/063A18.JPG,18
images/066A11.JPG,11
images/024A10.JPG,10
images/031A03.JPG,3
images/021A39.JPG,39
images/038A23.JPG,23
images/047A09.JPG,9
images/027A36.JPG,36
images/060A02.JPG,2
images/059A16.JPG,16
images/066A07.JPG,7
images/033A21.JPG,21
images/078A04.JPG,4
images/016A17.JPG,17
images/016A12.JPG,12
images/029A04.JPG,4
images/048A27.JPG,27
images/054A06.JPG,6
images/006A46.JPG,46
images/080A05.JPG,5
images/078A06.JPG,6
images/054A12.JPG,12
images/004A21.JPG,21
images/028A41.JPG,41
images/038A04.JPG,4
images/032A28.JPG,28
images/074A04.JPG,4
images/069A05.JPG,5
images/043A27.JPG,27
images/065A03b.JPG,3
images/076A16.JPG,16
images/060A20.JPG,20
images/074A00.JPG,0
images/078A02.JPG,2
images/041A02.JPG,2
images/069A07.JPG,7
images/021A06.JPG,6
images/023A29.JPG,29
images/074A12.JPG,12
images/028A35.JPG,35
images/024A17.JPG,17
images/006A24.JPG,24
images/041A21.JPG,21
images/018A33.JPG,33
images/061A19.JPG,19
images/014A12.JPG,12
images/078A03.JPG,3
images/001A18.JPG,18
images/053A01.JPG,1
images/060A12.JPG,12
images/024A05.JPG,5
images/078A07.JPG,7
images/023A05.JPG,5
images/056A10.JPG,10
images/021A11.JPG,11
images/074A10.JPG,10
images/061A10.JPG,10
images/020A22.JPG,22
images/053A13.JPG,13
images/018A28.JPG,28
images/074A11.JPG,11
images/010A05.JPG,5
images/008A17.JPG,17
images/041A19.JPG,19
images/053A06.JPG,6
images/008A30.JPG,30
images/069A11.JPG,11
images/061A17.JPG,17
images/060A19.JPG,19
images/008A13.JPG,13
images/029A23.JPG,23
images/048A00.JPG,0
images/060A04.JPG,4
images/006A51.JPG,51
images/058A03.JPG,3
images/010A16.JPG,16
images/015A09.JPG,9
images/001A16.JPG,16
images/066A03.JPG,3
images/062A54.JPG,54
images/018A16.JPG,16
images/032A08.JPG,8
images/015A01.JPG,1
images/069A09.JPG,9
images/045A28.JPG,28
images/081A00.JPG,0
images/066A00.JPG,0
images/062A18.JPG,18
images/067A30.JPG,30
images/020A08.JPG,8
images/081A07.JPG,7
images/081A08.JPG,8
images/074A03.JPG,3
images/080A07.JPG,7
images/060A11.JPG,11
images/017A05.JPG,5
images/017A19.JPG,19
images/048A10.JPG,10
images/038A17.JPG,17
images/081A10.JPG,10
images/010A04.JPG,4
images/018A18.JPG,18
images/023A14.JPG,14
images/069A03.JPG,3
images/026A07.JPG,7
images/041A20.JPG,20
images/048A30.JPG,30
images/059A02b.JPG,2
images/006A36.JPG,36
images/021A20.JPG,20
images/053A18.JPG,18
images/006A40.JPG,40
images/060A10.JPG,10
images/074A13.JPG,13
images/063A02.JPG,2
images/065A06a.JPG,6
images/055A14.JPG,14
images/047A55.JPG,55
images/045A08.JPG,8
images/032A35.JPG,35
images/047A23.JPG,23
images/079A07.JPG,7
images/020A30.JPG,30
images/015A19.JPG,19
images/008A06.JPG,6
images/017A07.JPG,7
images/067A14.JPG,14
images/048A17.JPG,17
images/066A08.JPG,8
images/015A07.JPG,7
images/045A18.JPG,18
images/074A14.JPG,14
images/050A16.JPG,16
images/026A15.JPG,15
images/074A02.JPG,2
images/054A11.JPG,11
images/033A14.JPG,14
images/038A13.JPG,13
images/078A00.JPG,0
images/047A06.JPG,6
images/033A02.JPG,2
images/037A02.JPG,2
images/062A38.JPG,38
images/027A30.JPG,30
images/001A40.JPG,40
images/018A25.JPG,25
images/006A67.JPG,67
images/056A02.JPG,2
images/021A35.JPG,35
images/037A04.JPG,4
images/014A14.JPG,14
images/053A10.JPG,10
images/048A18.JPG,18
images/079A01.JPG,1
images/026A06.JPG,6
images/069A06.JPG,6
images/055A23.JPG,23
images/061A06.JPG,6
images/066A04.JPG,4
images/053A02.JPG,2
images/075A00.JPG,0
images/055A05.JPG,5
images/067A04.JPG,4
images/074A07.JPG,7
images/061A07.JPG,7
images/026A13.JPG,13
images/048A46.JPG,46
images/080A13.JPG,13
images/054A17.JPG,17
images/029A16.JPG,16
images/076A14.JPG,14
images/038A03.JPG,3
images/045A06.JPG,6
images/063A08.JPG,8
images/061A04.JPG,4
images/015A14.JPG,14
images/015A03.JPG,3
images/082A27.JPG,27
images/076A04.JPG,4
images/054A02.JPG,2
images/031A19.JPG,19
images/082A25.JPG,25
images/080A14.JPG,14
images/065A08.JPG,8
images/058A01.JPG,1
images/016A05.JPG,5
images/017A36.JPG,36
images/020A20.JPG,20
images/080A02.JPG,2
images/050A18.JPG,18
images/016A18.JPG,18
images/058A05.JPG,5
images/023A25.JPG,25
images/006A69.JPG,69
images/004A30.JPG,30
images/061A18.JPG,18
images/062A15.JPG,15
images/055A08.JPG,8
images/056A01.JPG,1
images/020A26.JPG,26
images/031A04.JPG,4
images/016A03.JPG,3
images/024A28.JPG,28
images/047A45.JPG,45
images/024A30.JPG,30
images/063A25.JPG,25
images/023A07.JPG,7
images/047A20.JPG,20
images/078A05.JPG,5
images/061A26.JPG,26
images/080A03.JPG,3
images/029A13.JPG,13
images/080A12.JPG,12
images/053A15.JPG,15
images/053A00.JPG,0
images/048A33.JPG,33
images/047A27.JPG,27
images/076A08.JPG,8
images/055A06.JPG,6
images/006A28.JPG,28
images/081A01.JPG,1
images/054A09.JPG,9
images/006A42.JPG,42
images/062A30.JPG,30
images/067A23.JPG,23
images/070A05.JPG,5
images/048A09.JPG,9
images/075A10.JPG,10
images/029A31.JPG,31
images/037A18.JPG,18
images/041A13.JPG,13
images/063A09.JPG,9
images/058A04.JPG,4
images/056A04.JPG,4
images/063A04.JPG,4
images/038A14.JPG,14
images/056A06.JPG,6
images/067A39.JPG,39
images/014A22.JPG,22
images/015A00.JPG,0
images/033A35.JPG,35
images/004A62.JPG,62
images/026A00.JPG,0
images/066A06a.JPG,6
images/076A07.JPG,7
images/076A01.JPG,1
images/061A25.JPG,25
images/076A10.JPG,10
images/053A11.JPG,11
images/015A05.JPG,5
images/045A32.JPG,32
images/041A06.JPG,6
images/031A07.JPG,7
images/076A09.JPG,9
images/027A18.JPG,18
images/060A17.JPG,17
images/048A54.JPG,54
images/031A12.JPG,12
images/079A10.JPG,10
images/001A14.JPG,14
images/033A18.JPG,18
images/001A05.JPG,5
images/065A11.JPG,11
images/067A21.JPG,21
images/063A33.JPG,33
images/048A50.JPG,50
images/027A02.JPG,2
images/080A00.JPG,0
images/067A33.JPG,33
images/060A05.JPG,5
images/081A12.JPG,12
images/080A09.JPG,9
images/080A01.JPG,1
images/065A06b.JPG,6
images/014A40.JPG,40
images/029A33.JPG,33
images/061A15.JPG,15
images/041A04.JPG,4
images/070A08.JPG,8
images/075A07.JPG,7
images/062A16.JPG,16
images/070A01.JPG,1
images/058A15.JPG,15
images/023A03.JPG,3
images/066A10.JPG,10
images/023A00.JPG,0
images/037A11.JPG,11
images/082A03.JPG,3
images/038A01.JPG,1
images/028A26.JPG,26
images/016A14.JPG,14
images/017A22.JPG,22
images/059A12.JPG,12
images/056A15.JPG,15
images/047A05.JPG,5
images/014A30.JPG,30
images/075A02.JPG,2
images/066A02b.JPG,2
images/076A17.JPG,17
images/078A08.JPG,8
images/014A36.JPG,36
images/058A02.JPG,2
images/080A08.JPG,8
images/033A05.JPG,5
images/021A05.JPG,5
images/001A33.JPG,33
images/029A05.JPG,5
images/023A22.JPG,22
images/038A11.JPG,11
images/033A44.JPG,44
images/079A02.JPG,2
images/074A01.JPG,1
images/027A20.JPG,20
images/074A06.JPG,6
images/045A17.JPG,17
images/010A07a.JPG,7
images/028A18.JPG,18
images/054A13.JPG,13
images/075A01.JPG,1
images/043A10.JPG,10
images/015A17.JPG,17
images/032A40.JPG,40
images/075A03.JPG,3
images/053A12.JPG,12
images/033A25.JPG,25
images/014A03.JPG,3
images/014A16.JPG,16
images/018A34.JPG,34
images/001A28.JPG,28
images/060A06.JPG,6
images/020A24.JPG,24
images/041A24.JPG,24
images/028A37.JPG,37
images/047A33.JPG,33
images/082A23.JPG,23
images/038A34.JPG,34
images/056A03.JPG,3
images/037A13.JPG,13
images/066A06b.JPG,6
images/032A15.JPG,15
images/014A18.JPG,18
images/026A19.JPG,19
images/043A03.JPG,3
images/062A47.JPG,47
images/004A28.JPG,28
images/050A03.JPG,3
images/062A35.JPG,35
images/078A14.JPG,14
images/016A08.JPG,8
images/078A09.JPG,9
images/076A11.JPG,11
images/078A12.JPG,12
images/082A22.JPG,22
images/047A15.JPG,15
images/081A05.JPG,5
images/080A06.JPG,6
images/045A03.JPG,3
images/055A12.JPG,12
images/079A09.JPG,9
images/017A38.JPG,38
images/060A08.JPG,8
images/038A08.JPG,8
images/007A26.JPG,26
images/032A06.JPG,6
images/007A37.JPG,37
images/018A29.JPG,29
images/079A13.JPG,13
images/015A04.JPG,4
images/007A38.JPG,38
images/021A03.JPG,3
images/028A14.JPG,14
images/032A10.JPG,10
images/050A14.JPG,14
images/065A02a.JPG,2
images/059A03.JPG,3
images/029A01.JPG,1
images/029A11.JPG,11
images/021A27.JPG,27
images/007A45.JPG,45
images/029A22.JPG,22
images/006A55.JPG,55
images/045A40.JPG,40
images/079A08.JPG,8
images/001A43b.JPG,43
images/018A36.JPG,36
images/065A12.JPG,12
images/032A18.JPG,18
images/079A04.JPG,4
images/079A03.JPG,3
images/053A08.JPG,8
images/010A09.JPG,9
images/082A31.JPG,31
images/074A05.JPG,5
images/038A05.JPG,5
