images/049A06.JPG,6
images/016A18.JPG,18
images/049A15.JPG,15
images/024A30.JPG,30
images/021A16.JPG,16
images/016A12.JPG,12
images/033A21.JPG,21
images/082A23.JPG,23
images/075A03.JPG,3
images/078A07.JPG,7
images/066A07.JPG,7
images/066A04.JPG,4
images/012A04.JPG,4
images/043A03.JPG,3
images/001A43a.JPG,43
images/061A10.JPG,10
images/064A03.JPG,3
images/001A08.JPG,8
images/029A29.JPG,29
images/047A05.JPG,5
images/046A10.JPG,10
images/031A06.JPG,6
images/075A06.JPG,6
images/073A07.JPG,7
images/017A22.JPG,22
images/056A10.JPG,10
images/026A15.JPG,15
images/043A27.JPG,27
images/009A09.JPG,9
images/079A01.JPG,1
images/016A17.JPG,17
images/019A00.JPG,0
images/009A05.JPG,5
images/051A05.JPG,5
images/038A17.JPG,17
images/044A18.JPG,18
images/035A01.JPG,1
images/058A06.JPG,6
images/031A09.JPG,9
images/081A07.JPG,7
images/001A43b.JPG,43
images/059A02b.JPG,2
images/051A16.JPG,16
images/059A04.JPG,4
images/046A16.JPG,16
images/041A06.JPG,6
images/082A00.JPG,0
images/012A34.JPG,34
images/032A20.JPG,20
images/021A39.JPG,39
images/071A44.JPG,44
images/047A20.JPG,20
images/009A16b.JPG,16
images/044A13.JPG,13
images/029A23.JPG,23
images/039A05.JPG,5
images/079A03.JPG,3
images/058A13.JPG,13
images/001A28.JPG,28
images/007A45.JPG,45
images/033A10.JPG,10
images/023A05.JPG,5
images/061A26.JPG,26
images/012A14.JPG,14
images/054A06.JPG,6
images/028A35.JPG,35
images/046A00.JPG,0
images/063A22.JPG,22
images/051A15.JPG,15
images/009A14.JPG,14
images/012A36.JPG,36
images/066A09.JPG,9
images/009A22b.JPG,22
images/082A03.JPG,3
images/071A24.JPG,24
images/062A18.JPG,18
images/001A33.JPG,33
images/043A13.JPG,13
images/038A23.JPG,23
images/058A03.JPG,3
images/048A52.JPG,52
images/041A20.JPG,20
images/016A14.JPG,14
images/023A18.JPG,18
images/082A27.JPG,27
images/039A13.JPG,13
images/043A05.JPG,5
images/010A01.JPG,1
images/048A18.JPG,18
images/082A16.JPG,16
images/073A12.JPG,12
images/039A35.JPG,35
images/078A13.JPG,13
images/017A32.JPG,32
images/021A06.JPG,6
images/038A11.JPG,11
images/028A26.JPG,26
images/035A09.JPG,9
images/035A12.JPG,12
images/054A02.JPG,2
images/018A36.JPG,36
images/015A09.JPG,9
images/079A09.JPG,9
images/059A16.JPG,16
images/023A09.JPG,9
images/024A19.JPG,19
images/028A41.JPG,41
images/079A00.JPG,0
images/078A01.JPG,1
images/047A45.JPG,45
images/044A17.JPG,17
images/054A13.JPG,13
images/056A06.JPG,6
images/047A33.JPG,33
images/027A30.JPG,30
images/009A22a.JPG,22
images/063A33.JPG,33
images/079A06.JPG,6
images/041A00.JPG,0
images/033A35.JPG,35
images/043A23.JPG,23
images/040A21.JPG,21
images/079A11.JPG,11
images/023A00.JPG,0
images/024A10.JPG,10
images/058A15.JPG,15
images/046A20.JPG,20
images/044A21.JPG,21
images/062A54.JPG,54
images/024A18.JPG,18
images/071A45.JPG,45
images/038A13.JPG,13
images/073A08.JPG,8
images/054A09.JPG,9
images/035A23a.JPG,23
images/021A03.JPG,3
images/048A17.JPG,17
images/049A07.JPG,7
images/049A08.JPG,8
images/063A18.JPG,18
images/079A07.JPG,7
images/050A18.JPG,18
images/070A07.JPG,7
images/078A03.JPG,3
images/029A33.JPG,33
images/001A18.JPG,18
images/056A15.JPG,15
images/013A08.JPG,8
images/054A12.JPG,12
images/048A49.JPG,49
images/017A19.JPG,19
images/054A00.JPG,0
images/043A17.JPG,17
images/035A16.JPG,16
images/055A04.JPG,4
images/035A05.JPG,5
images/021A30.JPG,30
images/035A00.JPG,0
images/044A15.JPG,15
images/048A30.JPG,30
images/030A00.JPG,0
images/071A22.JPG,22
images/075A01.JPG,1
images/018A29.JPG,29
images/019A27.JPG,27
images/058A00.JPG,0
images/066A02b.JPG,2
images/013A18.JPG,18
images/001A16.JPG,16
images/010A05.JPG,5
images/040A12.JPG,12
images/079A08.JPG,8
images/059A06.JPG,6
images/040A02.JPG,2
images/073A00.JPG,0
images/039A50.JPG,50
images/032A35.JPG,35
images/010A15.JPG,15
images/029A10.JPG,10
images/017A38.JPG,38
images/023A14.JPG,14
images/026A02.JPG,2
images/038A05.JPG,5
images/066A11.JPG,11
images/031A02.JPG,2
images/047A55.JPG,55
images/024A25.JPG,25
images/082A20.JPG,20
images/081A01.JPG,1
images/016A10.JPG,10
images/063A25.JPG,25
images/024A00.JPG,0
images/017A15.JPG,15
images/078A06.JPG,6
images/018A06.JPG,6
images/056A12.JPG,12
images/055A14.JPG,14
images/050A06.JPG,6
images/039A10.JPG,10
images/044A03.JPG,3
images/010A04.JPG,4
images/062A47.JPG,47
images/048A46.JPG,46
images/026A06.JPG,6
images/070A08.JPG,8
images/033A18.JPG,18
images/032A40.JPG,40
images/040A10.JPG,10
images/073A02.JPG,2
images/016A08.JPG,8
images/001A19.JPG,19
images/026A18.JPG,18
images/050A16.JPG,16
images/041A24.JPG,24
images/010A06.JPG,6
images/030A07.JPG,7
images/018A28.JPG,28
images/013A41.JPG,41
images/073A06.JPG,6
images/040A05.JPG,5
images/039A19.JPG,19
images/018A11.JPG,11
images/040A14.JPG,14
images/033A05.JPG,5
images/066A03.JPG,3
images/007A01.JPG,1
images/039A15.JPG,15
images/063A09.JPG,9
images/051A14.JPG,14
images/009A16a.JPG,16
images/035A21.JPG,21
images/035A23b.JPG,23
images/051A18.JPG,18
images/026A17.JPG,17
images/028A20.JPG,20
images/071A35.JPG,35
images/024A17.JPG,17
images/017A42.JPG,42
images/081A04.JPG,4
images/035A14.JPG,14
images/075A00.JPG,0
images/066A00.JPG,0
images/075A11.JPG,11
images/031A00.JPG,0
images/048A15.JPG,15
images/070A03.JPG,3
images/016A16.JPG,16
images/063A20.JPG,20
images/078A15.JPG,15
images/056A01.JPG,1
images/055A12.JPG,12
images/062A45.JPG,45
images/027A25.JPG,25
images/026A13.JPG,13
images/066A08.JPG,8
images/050A10.JPG,10
images/079A10.JPG,10
images/038A21.JPG,21
images/040A09.JPG,9
images/009A03.JPG,3
images/023A22.JPG,22
images/071A18.JPG,18
images/054A04.JPG,4
images/048A54.JPG,54
images/010A07b.JPG,7
images/027A36.JPG,36
images/047A27.JPG,27
images/013A34.JPG,34
images/027A13.JPG,13
images/079A13.JPG,13
images/026A19.JPG,19
images/049A12.JPG,12
images/029A11.JPG,11
images/051A00.JPG,0
images/017A17.JPG,17
images/021A20.JPG,20
images/066A02a.JPG,2
images/030A26.JPG,26
images/039A45.JPG,45
images/023A29.JPG,29
images/055A05.JPG,5
images/079A02.JPG,2
images/040A03a.JPG,3
images/009A00.JPG,0
images/043A15.JPG,15
images/062A41.JPG,41
images/047A12.JPG,12
images/058A10.JPG,10
images/049A10.JPG,10
images/073A01.JPG,1
images/029A22.JPG,22
images/071A00.JPG,0
images/049A05.JPG,5
images/064A19.JPG,19
images/013A44.JPG,44
images/023A07.JPG,7
images/001A29.JPG,29
images/021A18.JPG,18
images/030A10.JPG,10
images/039A16.JPG,16
images/038A04.JPG,4
images/073A09.JPG,9
images/041A13.JPG,13
images/019A07.JPG,7
images/010A07a.JPG,7
images/048A00.JPG,0
images/012A27.JPG,27
images/015A17.JPG,17
images/017A12.JPG,12
images/019A15.JPG,15
images/059A12.JPG,12
images/081A11.JPG,11
images/021A05.JPG,5
images/038A00.JPG,0
images/031A04.JPG,4
images/050A14.JPG,14
images/070A06.JPG,6
images/019A30.JPG,30
images/038A01.JPG,1
images/016A01.JPG,1
images/018A22.JPG,22
images/061A18.JPG,18
images/047A06.JPG,6
images/028A46.JPG,46
images/023A21.JPG,21
images/030A18.JPG,18
images/012A25.JPG,25
images/016A07.JPG,7
images/041A04.JPG,4
images/070A14.JPG,14
images/044A05.JPG,5
images/073A16.JPG,16
images/031A19.JPG,19
images/040A00.JPG,0
images/018A16.JPG,16
images/023A25.JPG,25
images/075A05.JPG,5
images/046A14.JPG,14
images/015A07.JPG,7
images/047A23.JPG,23
images/031A11.JPG,11
images/082A25.JPG,25
images/001A14.JPG,14
images/061A17.JPG,17
images/027A18.JPG,18
images/079A04.JPG,4
images/070A00.JPG,0
images/009A13.JPG,13
images/046A18.JPG,18
images/019A23.JPG,23
images/039A17.JPG,17
images/009A11.JPG,11
images/041A21.JPG,21
images/040A16.JPG,16
images/032A08.JPG,8
images/015A00.JPG,0
images/016A03.JPG,3
images/058A04.JPG,4
images/029A01.JPG,1
images/018A34.JPG,34
images/001A05.JPG,5
images/051A08.JPG,8
images/073A13.JPG,13
images/015A05.JPG,5
images/066A06a.JPG,6
images/021A27.JPG,27
images/081A06.JPG,6
images/054A17.JPG,17
images/033A14.JPG,14
images/070A12.JPG,12
images/063A08.JPG,8
images/041A09.JPG,9
images/039A02.JPG,2
images/028A14.JPG,14
images/015A19.JPG,19
images/048A09.JPG,9
images/029A13.JPG,13
images/013A21.JPG,21
images/018A33.JPG,33
images/047A13.JPG,13
images/021A35.JPG,35
images/027A41.JPG,41
images/013A23.JPG,23
images/024A28.JPG,28
images/010A18.JPG,18
images/073A04.JPG,4
images/015A03.JPG,3
images/007A18.JPG,18
images/056A03.JPG,3
images/033A44.JPG,44
images/043A04.JPG,4
images/038A10.JPG,10
images/035A18.JPG,18
images/035A03.JPG,3
images/059A07.JPG,7
images/062A16.JPG,16
images/030A16.JPG,16
images/032A13.JPG,13
images/061A07.JPG,7
images/018A25.JPG,25
images/062A35.JPG,35
images/033A02.JPG,2
images/015A15.JPG,15
images/078A04.JPG,4
images/081A02.JPG,2
images/029A05.JPG,5
images/073A14.JPG,14
images/016A04.JPG,4
images/029A20.JPG,20
images/015A10.JPG,10
images/027A16.JPG,16
images/031A16.JPG,16
images/035A08.JPG,8
images/043A10.JPG,10
images/070A09.JPG,9
images/075A07.JPG,7
images/027A20.JPG,20
images/071A42.JPG,42
images/029A31.JPG,31
images/063A02.JPG,2
images/048A27.JPG,27
images/061A30.JPG,30
images/062A38.JPG,38
images/054A11.JPG,11
images/017A29.JPG,29
images/073A03.JPG,3
images/058A17.JPG,17
images/030A17.JPG,17
images/047A09.JPG,9
images/028A16.JPG,16
images/038A14.JPG,14
images/016A19.JPG,19
images/032A28.JPG,28
images/028A37.JPG,37
images/050A03.JPG,3
images/071A23.JPG,23
images/012A26.JPG,26
images/031A03.JPG,3
images/018A18.JPG,18
images/033A25.JPG,25
images/031A14.JPG,14
images/009A01.JPG,1
images/063A00.JPG,0
images/028A28.JPG,28
images/026A07.JPG,7
images/054A19.JPG,19
images/059A02a.JPG,2
images/041A02.JPG,2
images/054A10.JPG,10
images/064A10.JPG,10
images/026A04.JPG,4
images/013A30.JPG,30
images/040A06.JPG,6
images/035A07.JPG,7
images/079A05.JPG,5
images/013A25.JPG,25
images/071A40.JPG,40
images/078A02.JPG,2
images/012A23.JPG,23
images/019A18.JPG,18
images/023A16.JPG,16
images/081A00.JPG,0
images/033A30.JPG,30
images/082A31.JPG,31
images/001A10.JPG,10
images/010A16.JPG,16
images/021A11.JPG,11
images/061A32.JPG,32
images/071A43.JPG,43
images/047A18.JPG,18
images/026A11.JPG,11
images/062A03.JPG,3
images/055A22.JPG,22
images/046A01.JPG,1
images/027A02.JPG,2
images/058A01.JPG,1
images/009A18.JPG,18
images/046A06.JPG,6
images/007A26.JPG,26
images/050A22.JPG,22
images/015A14.JPG,14
images/027A22.JPG,22
images/046A02.JPG,2
images/013A16.JPG,16
images/007A38.JPG,38
images/012A18.JPG,18
images/048A50.JPG,50
images/017A05.JPG,5
images/012A21.JPG,21
images/007A39.JPG,39
images/073A15.JPG,15
images/038A08.JPG,8
images/046A08.JPG,8
images/031A12.JPG,12
images/078A14.JPG,14
images/031A07.JPG,7
images/059A14.JPG,14
images/032A06.JPG,6
images/051A12.JPG,12
images/061A15.JPG,15
images/044A25.JPG,25
images/039A52.JPG,52
images/061A04.JPG,4
images/048A10.JPG,10
images/024A05.JPG,5
images/039A11.JPG,11
images/064A04.JPG,4
images/051A17.JPG,17
images/055A06.JPG,6
images/046A12.JPG,12
images/078A11.JPG,11
images/051A24.JPG,24
images/054A18.JPG,18
images/075A08.JPG,8
images/078A09.JPG,9
images/032A24.JPG,24
images/063A04.JPG,4
images/001A40.JPG,40
images/051A02.JPG,2
images/062A53.JPG,53
images/007A22.JPG,22
images/044A01.JPG,1
images/040A03b.JPG,3
images/079A12.JPG,12
images/028A18.JPG,18
images/043A19.JPG,19
images/078A05.JPG,5
images/015A12.JPG,12
images/050A00.JPG,0
images/061A19.JPG,19
images/081A03.JPG,3
images/030A04.JPG,4
images/066A06b.JPG,6
images/017A26.JPG,26
images/064A01.JPG,1
images/019A03.JPG,3
images/012A12.JPG,12
images/026A00.JPG,0
images/049A04.JPG,4
images/017A36.JPG,36
images/048A16.JPG,16
images/030A05.JPG,5
images/064A15.JPG,15
images/078A12.JPG,12
images/073A11.JPG,11
images/055A23.JPG,23
images/023A03.JPG,3
images/049A16.JPG,16
images/039A07.JPG,7
images/012A30.JPG,30
images/019A05.JPG,5
images/029A16.JPG,16
images/001A02.JPG,2
images/033A39.JPG,39
images/070A01.JPG,1
images/081A05.JPG,5
images/040A07.JPG,7
images/056A02.JPG,2
images/059A03.JPG,3
images/081A10.JPG,10
images/047A15.JPG,15
images/032A15.JPG,15
images/070A02.JPG,2
images/061A29.JPG,29
images/038A03.JPG,3
images/024A07.JPG,7
images/021A23.JPG,23
images/082A22.JPG,22
images/048A33.JPG,33
images/075A10.JPG,10
images/041A19.JPG,19
images/071A10.JPG,10
images/056A04.JPG,4
images/043A00.JPG,0
images/044A07.JPG,7
images/049A17.JPG,17
images/048A11.JPG,11
images/066A10.JPG,10
images/040A19.JPG,19
images/032A10.JPG,10
images/071A27.JPG,27
images/019A12.JPG,12
images/029A04.JPG,4
images/054A16.JPG,16
images/012A24.JPG,24
images/017A07.JPG,7
images/032A33.JPG,33
images/024A23.JPG,23
images/062A30.JPG,30
images/012A07.JPG,7
images/070A05.JPG,5
images/013A00.JPG,0
images/081A12.JPG,12
images/007A37.JPG,37
images/046A04.JPG,4
images/001A22.JPG,22
images/055A08.JPG,8
images/058A05.JPG,5
images/015A01.JPG,1
images/073A05.JPG,5
images/082A18.JPG,18
images/030A20.JPG,20
images/013A19.JPG,19
images/038A34.JPG,34
images/031A15.JPG,15
images/075A02.JPG,2
images/082A21.JPG,21
images/030A23.JPG,23
images/012A32.JPG,32
images/078A08.JPG,8
images/061A25.JPG,25
images/016A05.JPG,5
images/078A10.JPG,10
images/027A11.JPG,11
images/046A17.JPG,17
images/047A11.JPG,11
images/010A12.JPG,12
images/028A34.JPG,34
images/058A02.JPG,2
images/081A08.JPG,8
images/032A18.JPG,18
images/015A04.JPG,4
images/062A15.JPG,15
images/010A10.JPG,10
images/061A06.JPG,6
images/010A09.JPG,9
images/007A23.JPG,23
images/078A00.JPG,0
