images/072A25.JPG,25
images/040A03b.JPG,3
images/013A21.JPG,21
images/039A52.JPG,52
images/017A36.JPG,36
images/077A04.JPG,4
images/017A38.JPG,38
images/069A02.JPG,2
images/013A25.JPG,25
images/043A05.JPG,5
images/017A26.JPG,26
images/080A00.JPG,0
images/023A07.JPG,7
images/063A22.JPG,22
images/012A07.JPG,7
images/018A34.JPG,34
images/040A12.JPG,12
images/037A18.JPG,18
images/037A01.JPG,1
images/040A03a.JPG,3
images/023A22.JPG,22
images/036A08.JPG,8
images/063A08.JPG,8
images/015A12.JPG,12
images/078A06.JPG,6
images/080A08.JPG,8
images/072A17.JPG,17
images/053A10.JPG,10
images/081A04.JPG,4
images/052A10.JPG,10
images/038A34.JPG,34
images/077A15.JPG,15
images/029A05.JPG,5
images/076A08.JPG,8
images/002A36.JPG,36
images/018A36.JPG,36
images/065A07a.JPG,7
images/053A06.JPG,6
images/010A07b.JPG,7
images/055A06.JPG,6
images/005A52.JPG,52
images/032A33.JPG,33
images/036A06.JPG,6
images/030A26.JPG,26
images/076A16.JPG,16
images/076A03.JPG,3
images/080A04.JPG,4
images/041A09.JPG,9
images/038A08.JPG,8
images/078A08.JPG,8
images/036A20.JPG,20
images/080A06.JPG,6
images/030A10.JPG,10
images/014A16.JPG,16
images/040A02.JPG,2
images/041A21.JPG,21
images/067A30.JPG,30
images/003A25.JPG,25
images/029A33.JPG,33
images/076A10.JPG,10
images/038A17.JPG,17
images/020A04.JPG,4
images/057A17.JPG,17
images/020A18.JPG,18
images/053A18.JPG,18
images/067A26.JPG,26
images/076A14.JPG,14
images/015A10.JPG,10
images/076A02.JPG,2
images/034A44.JPG,44
images/076A17.JPG,17
images/003A38.JPG,38
images/015A14.JPG,14
images/007A38.JPG,38
images/036A13.JPG,13
images/061A26.JPG,26
images/043A27.JPG,27
images/013A00.JPG,0
images/018A28.JPG,28
images/016A12.JPG,12
images/014A18.JPG,18
images/048A27.JPG,27
images/057A23.JPG,23
images/007A23.JPG,23
images/017A15.JPG,15
images/055A23.JPG,23
images/065A13.JPG,13
images/006A61.JPG,61
images/018A25.JPG,25
images/077A08.JPG,8
images/030A04.JPG,4
images/041A04.JPG,4
images/037A00.JPG,0
images/023A00.JPG,0
images/009A22a.JPG,22
images/050A00.JPG,0
images/025A39.JPG,39
images/043A13.JPG,13
images/032A24.JPG,24
images/003A20.JPG,20
images/041A24.JPG,24
images/013A18.JPG,18
images/073A15.JPG,15
images/039A13.JPG,13
images/078A03.JPG,3
images/049A10.JPG,10
images/003A60.JPG,60
images/069A04.JPG,4
images/005A35.JPG,35
images/022A30.JPG,30
images/009A00.JPG,0
images/013A19.JPG,19
images/016A03.JPG,3
images/040A19.JPG,19
images/009A03.JPG,3
images/039A35.JPG,35
images/078A04.JPG,4
images/038A23.JPG,23
images/041A19.JPG,19
images/022A18.JPG,18
images/019A15.JPG,15
images/056A03.JPG,3
images/049A05.JPG,5
images/071A45.JPG,45
images/012A34.JPG,34
images/081A03.JPG,3
images/061A18.JPG,18
images/018A06.JPG,6
images/034A18.JPG,18
images/002A31.JPG,31
images/050A18.JPG,18
images/010A18.JPG,18
images/034A02.JPG,2
images/043A23.JPG,23
images/010A05.JPG,5
images/039A02.JPG,2
images/015A09.JPG,9
images/038A00.JPG,0
images/010A06.JPG,6
images/071A24.JPG,24
images/006A40.JPG,40
images/034A13.JPG,13
images/069A10.JPG,10
images/052A20.JPG,20
images/003A51.JPG,51
images/009A05.JPG,5
images/002A20.JPG,20
images/003A47.JPG,47
images/023A16.JPG,16
images/049A08.JPG,8
images/050A16.JPG,16
images/055A14.JPG,14
images/067A17.JPG,17
images/067A39.JPG,39
images/024A18.JPG,18
images/056A10.JPG,10
images/022A25.JPG,25
images/071A27.JPG,27
images/025A23.JPG,23
images/038A03.JPG,3
images/056A04.JPG,4
images/020A24.JPG,24
images/056A02.JPG,2
images/052A17.JPG,17
images/050A03.JPG,3
images/005A40.JPG,40
images/072A27.JPG,27
images/015A03.JPG,3
images/005A61.JPG,61
images/052A07.JPG,7
images/073A04.JPG,4
images/081A12.JPG,12
images/017A19.JPG,19
images/048A17.JPG,17
images/023A14.JPG,14
images/034A30.JPG,30
images/063A33.JPG,33
images/039A19.JPG,19
images/066A06b.JPG,6
images/056A06.JPG,6
images/034A04.JPG,4
images/032A08.JPG,8
images/018A18.JPG,18
images/081A10.JPG,10
images/069A13.JPG,13
images/078A14.JPG,14
images/039A50.JPG,50
images/024A05.JPG,5
images/040A00.JPG,0
images/048A54.JPG,54
images/049A15.JPG,15
images/024A28.JPG,28
images/005A45.JPG,45
images/072A19.JPG,19
images/037A13.JPG,13
images/077A09.JPG,9
images/022A16.JPG,16
images/024A30.JPG,30
images/022A14.JPG,14
images/034A15.JPG,15
images/080A01.JPG,1
images/052A04.JPG,4
images/061A30.JPG,30
images/039A15.JPG,15
images/016A04.JPG,4
images/036A18.JPG,18
images/041A00.JPG,0
images/006A51.JPG,51
images/072A21.JPG,21
images/029A13.JPG,13
images/071A44.JPG,44
images/071A22.JPG,22
images/002A15.JPG,15
images/019A18.JPG,18
images/009A09.JPG,9
images/076A13.JPG,13
images/057A00.JPG,0
images/016A14.JPG,14
images/071A40.JPG,40
images/017A05.JPG,5
images/073A06.JPG,6
images/081A08.JPG,8
images/043A10.JPG,10
images/039A05.JPG,5
images/002A21.JPG,21
images/020A16.JPG,16
images/053A08.JPG,8
images/040A10.JPG,10
images/038A04.JPG,4
images/003A35.JPG,35
images/014A12.JPG,12
images/072A02.JPG,2
images/012A23.JPG,23
images/065A02b.JPG,2
images/036A03.JPG,3
images/038A05.JPG,5
images/025A12.JPG,12
images/066A08.JPG,8
images/048A09.JPG,9
images/012A30.JPG,30
images/067A28.JPG,28
images/025A19.JPG,19
images/020A36.JPG,36
images/053A12.JPG,12
images/017A07.JPG,7
images/048A50.JPG,50
images/007A18.JPG,18
images/006A31.JPG,31
images/038A21.JPG,21
images/002A04.JPG,4
images/063A18.JPG,18
images/040A09.JPG,9
images/032A20.JPG,20
images/066A02b.JPG,2
images/015A19.JPG,19
images/037A08.JPG,8
images/009A22b.JPG,22
images/010A15.JPG,15
images/066A03.JPG,3
images/065A08.JPG,8
images/006A46.JPG,46
images/005A49.JPG,49
images/030A17.JPG,17
images/077A10.JPG,10
images/009A11.JPG,11
images/013A30.JPG,30
images/014A40.JPG,40
images/077A03.JPG,3
images/069A03.JPG,3
images/010A09.JPG,9
images/007A26.JPG,26
images/012A18.JPG,18
images/025A18.JPG,18
images/034A39.JPG,39
images/025A03.JPG,3
images/048A46.JPG,46
images/002A12.JPG,12
images/025A28.JPG,28
images/067A21.JPG,21
images/036A17.JPG,17
images/053A00.JPG,0
images/065A03a.JPG,3
images/039A11.JPG,11
images/002A03.JPG,3
images/055A12.JPG,12
images/012A32.JPG,32
images/009A16a.JPG,16
images/012A12.JPG,12
images/030A16.JPG,16
images/016A17.JPG,17
images/052A14.JPG,14
images/076A11.JPG,11
images/022A23.JPG,23
images/057A18.JPG,18
images/053A04.JPG,4
images/076A05.JPG,5
images/065A04.JPG,4
images/002A05.JPG,5
images/072A11.JPG,11
images/057A25.JPG,25
images/029A10.JPG,10
images/018A29.JPG,29
images/050A22.JPG,22
images/040A14.JPG,14
images/032A13.JPG,13
images/076A04.JPG,4
images/029A23.JPG,23
images/002A26.JPG,26
images/080A14.JPG,14
images/057A05.JPG,5
images/016A19.JPG,19
images/061A07.JPG,7
images/012A27.JPG,27
images/017A29.JPG,29
images/048A49.JPG,49
images/016A18.JPG,18
images/040A16.JPG,16
images/065A10.JPG,10
images/077A16.JPG,16
images/078A15.JPG,15
images/024A25.JPG,25
images/069A00.JPG,0
images/072A07.JPG,7
images/017A12.JPG,12
images/007A39.JPG,39
images/037A09.JPG,9
images/052A02.JPG,2
images/010A10.JPG,10
images/032A06.JPG,6
images/065A09.JPG,9
images/073A07.JPG,7
images/067A04.JPG,4
images/018A11.JPG,11
images/080A12.JPG,12
images/077A12.JPG,12
images/039A07.JPG,7
images/012A25.JPG,25
images/032A10.JPG,10
images/069A06.JPG,6
images/002A29.JPG,29
images/063A02.JPG,2
images/023A21.JPG,21
images/023A25.JPG,25
images/014A14.JPG,14
images/025A22.JPG,22
images/077A06.JPG,6
images/020A08.JPG,8
images/006A28.JPG,28
images/066A09.JPG,9
images/073A02.JPG,2
images/076A01.JPG,1
images/002A23.JPG,23
images/038A14.JPG,14
images/039A17.JPG,17
images/071A35.JPG,35
images/006A67.JPG,67
images/069A05.JPG,5
images/013A16.JPG,16
images/072A14.JPG,14
images/080A09.JPG,9
images/005A31.JPG,31
images/049A06.JPG,6
images/037A02.JPG,2
images/007A45.JPG,45
images/057A12.JPG,12
images/078A01.JPG,1
images/056A12.JPG,12
images/069A09.JPG,9
images/002A38.JPG,38
images/029A29.JPG,29
images/005A48.JPG,48
images/016A07.JPG,7
images/061A06.JPG,6
images/061A25.JPG,25
images/007A37.JPG,37
images/010A16.JPG,16
images/076A00.JPG,0
images/049A07.JPG,7
images/030A18.JPG,18
images/057A06.JPG,6
images/078A10.JPG,10
images/029A01.JPG,1
images/041A13.JPG,13
images/015A00.JPG,0
images/009A18.JPG,18
images/036A15.JPG,15
images/081A02.JPG,2
images/066A00.JPG,0
images/032A28.JPG,28
images/017A42.JPG,42
images/065A03b.JPG,3
images/023A05.JPG,5
images/009A14.JPG,14
images/022A27.JPG,27
images/066A02a.JPG,2
images/052A13.JPG,13
images/073A03.JPG,3
images/013A41.JPG,41
images/055A08.JPG,8
images/053A03.JPG,3
images/071A10.JPG,10
images/052A18.JPG,18
images/061A04.JPG,4
images/078A11.JPG,11
images/030A23.JPG,23
images/038A10.JPG,10
images/078A05.JPG,5
images/020A26.JPG,26
images/071A23.JPG,23
images/061A17.JPG,17
images/036A01.JPG,1
images/041A02.JPG,2
images/014A03.JPG,3
images/030A00.JPG,0
images/024A19.JPG,19
images/066A06a.JPG,6
images/030A07.JPG,7
images/019A05.JPG,5
images/023A29.JPG,29
images/022A20.JPG,20
images/005A30.JPG,30
images/019A00.JPG,0
images/006A69.JPG,69
images/053A02.JPG,2
images/050A06.JPG,6
images/007A22.JPG,22
images/077A14.JPG,14
images/012A04.JPG,4
images/032A35.JPG,35
images/018A33.JPG,33
images/029A22.JPG,22
images/043A04.JPG,4
images/048A15.JPG,15
images/024A07.JPG,7
images/050A10.JPG,10
images/061A19.JPG,19
images/015A04.JPG,4
images/019A12.JPG,12
images/029A31.JPG,31
images/032A18.JPG,18
images/038A11.JPG,11
images/063A25.JPG,25
images/029A20.JPG,20
images/055A22.JPG,22
images/081A05.JPG,5
images/009A16b.JPG,16
images/077A02.JPG,2
images/024A10.JPG,10
images/036A11.JPG,11
images/019A07.JPG,7
images/005A18.JPG,18
images/052A19.JPG,19
images/005A24.JPG,24
images/043A03.JPG,3
images/080A07.JPG,7
images/025A15.JPG,15
images/020A13.JPG,13
images/076A15.JPG,15
images/078A12.JPG,12
images/017A17.JPG,17
images/013A34.JPG,34
images/067A33.JPG,33
images/025A07.JPG,7
images/048A10.JPG,10
images/061A32.JPG,32
images/072A45.JPG,45
images/049A16.JPG,16
images/014A22.JPG,22
images/022A28.JPG,28
images/073A00.JPG,0
images/037A11.JPG,11
images/063A04.JPG,4
images/052A16.JPG,16
images/066A07.JPG,7
images/003A58.JPG,58
images/034A11.JPG,11
images/016A10.JPG,10
images/039A16.JPG,16
images/015A01.JPG,1
images/016A01.JPG,1
images/056A01.JPG,1
images/014A30.JPG,30
images/050A14.JPG,14
images/016A08.JPG,8
images/006A36.JPG,36
images/006A42.JPG,42
images/029A04.JPG,4
images/072A29.JPG,29
images/073A08.JPG,8
images/063A09.JPG,9
images/080A03.JPG,3
images/002A18.JPG,18
images/055A05.JPG,5
images/032A15.JPG,15
images/007A01.JPG,1
images/077A13.JPG,13
images/040A21.JPG,21
images/037A04.JPG,4
images/024A23.JPG,23
images/053A15.JPG,15
images/073A09.JPG,9
images/073A11.JPG,11
images/080A13.JPG,13
images/018A22.JPG,22
images/022A11.JPG,11
images/078A13.JPG,13
images/013A08.JPG,8
images/043A15.JPG,15
images/019A23.JPG,23
images/048A33.JPG,33
images/019A27.JPG,27
images/077A00.JPG,0
images/065A06a.JPG,6
images/003A61.JPG,61
images/039A10.JPG,10
images/032A40.JPG,40
images/036A00.JPG,0
images/073A01.JPG,1
images/065A12.JPG,12
images/016A16.JPG,16
images/076A12.JPG,12
images/072A34.JPG,34
images/036A19.JPG,19
images/057A07.JPG,7
images/073A05.JPG,5
images/013A23.JPG,23
images/078A00.JPG,0
images/080A10.JPG,10
images/041A20.JPG,20
images/048A18.JPG,18
images/002A16.JPG,16
images/055A04.JPG,4
images/025A00.JPG,0
images/015A15.JPG,15
images/073A14.JPG,14
images/009A13.JPG,13
images/003A49.JPG,49
images/010A01.JPG,1
images/048A00.JPG,0
images/072A13.JPG,13
images/006A55.JPG,55
images/063A00.JPG,0
images/006A24.JPG,24
images/067A23.JPG,23
images/012A24.JPG,24
images/002A07.JPG,7
images/014A42.JPG,42
images/066A04.JPG,4
images/022A07.JPG,7
images/012A14.JPG,14
images/078A09.JPG,9
images/048A30.JPG,30
images/063A20.JPG,20
images/053A11.JPG,11
images/071A00.JPG,0
images/061A15.JPG,15
images/081A06.JPG,6
images/020A02.JPG,2
images/065A06b.JPG,6
images/003A23.JPG,23
images/048A52.JPG,52
images/081A01.JPG,1
images/034A16.JPG,16
images/015A07.JPG,7
images/030A20.JPG,20
images/081A11.JPG,11
images/013A44.JPG,44
images/037A17.JPG,17
images/043A17.JPG,17
images/043A19.JPG,19
images/048A11.JPG,11
images/071A43.JPG,43
images/037A06.JPG,6
images/073A16.JPG,16
images/056A15.JPG,15
images/014A36.JPG,36
images/077A07.JPG,7
images/053A01.JPG,1
images/080A02.JPG,2
images/024A00.JPG,0
images/043A00.JPG,0
images/038A13.JPG,13
images/030A05.JPG,5
images/065A11.JPG,11
images/003A18.JPG,18
images/067A14.JPG,14
images/066A10.JPG,10
images/034A35.JPG,35
images/065A02a.JPG,2
images/024A17.JPG,17
images/034A25.JPG,25
images/049A04.JPG,4
images/010A04.JPG,4
images/022A00.JPG,0
images/076A07.JPG,7
images/065A07b.JPG,7
images/020A22.JPG,22
images/039A45.JPG,45
images/029A11.JPG,11
images/061A10.JPG,10
images/040A07.JPG,7
images/071A42.JPG,42
images/078A02.JPG,2
images/037A19.JPG,19
images/078A07.JPG,7
images/016A05.JPG,5
images/023A18.JPG,18
images/057A16.JPG,16
images/081A07.JPG,7
images/066A11.JPG,11
images/022A26.JPG,26
images/038A01.JPG,1
images/017A32.JPG,32
images/072A41.JPG,41
images/019A30.JPG,30
images/077A01.JPG,1
images/029A16.JPG,16
images/025A34.JPG,34
images/015A17.JPG,17
images/012A21.JPG,21
images/020A11.JPG,11
images/023A09.JPG,9
images/080A05.JPG,5
images/049A17.JPG,17
images/081A00.JPG,0
images/073A13.JPG,13
images/041A06.JPG,6
images/049A12.JPG,12
images/040A05.JPG,5
images/017A22.JPG,22
images/012A26.JPG,26
images/019A03.JPG,3
images/076A09.JPG,9
images/048A16.JPG,16
images/069A07.JPG,7
images/053A13.JPG,13
images/018A16.JPG,16
images/015A05.JPG,5
images/076A06.JPG,6
images/073A12.JPG,12
images/061A29.JPG,29
images/071A18.JPG,18
images/077A11.JPG,11
images/010A07a.JPG,7
images/010A12.JPG,12
images/036A05.JPG,5
images/012A36.JPG,36
images/040A06.JPG,6
images/023A03.JPG,3
images/020A20.JPG,20
images/069A11.JPG,11
images/034A21.JPG,21
images/020A30.JPG,30
images/009A01.JPG,1
