images/047A09.JPG,9
images/042A12.JPG,12
images/070A07.JPG,7
images/039A17.JPG,17
images/069A03.JPG,3
images/008A41.JPG,41
images/077A06.JPG,6
images/036A15.JPG,15
images/069A02.JPG,2
images/039A19.JPG,19
images/074A00.JPG,0
images/077A09.JPG,9
images/078A01.JPG,1
images/024A25.JPG,25
images/020A13.JPG,13
images/059A16.JPG,16
images/078A11.JPG,11
images/057A17.JPG,17
images/036A19.JPG,19
images/079A13.JPG,13
images/049A07.JPG,7
images/054A13.JPG,13
images/066A02a.JPG,2
images/054A19.JPG,19
images/040A19.JPG,19
images/079A04.JPG,4
images/031A02.JPG,2
images/053A11.JPG,11
images/048A17.JPG,17
images/046A01.JPG,1
images/013A08.JPG,8
images/024A07.JPG,7
images/058A01.JPG,1
images/063A02.JPG,2
images/074A11.JPG,11
images/008A31.JPG,31
images/028A46.JPG,46
images/059A02b.JPG,2
images/009A03.JPG,3
images/031A03.JPG,3
images/053A18.JPG,18
images/055A04.JPG,4
images/023A00.JPG,0
images/038A10.JPG,10
images/074A15.JPG,15
images/057A18.JPG,18
images/013A30.JPG,30
images/053A03.JPG,3
images/081A07.JPG,7
images/018A22.JPG,22
images/048A10.JPG,10
images/030A16.JPG,16
images/049A16.JPG,16
images/004A21.JPG,21
images/067A14.JPG,14
images/037A02.JPG,2
images/044A17.JPG,17
images/035A05.JPG,5
images/035A21.JPG,21
images/035A23b.JPG,23
images/027A02.JPG,2
images/020A04.JPG,4
images/015A10.JPG,10
images/038A17.JPG,17
images/069A00.JPG,0
images/046A14.JPG,14
images/025A15.JPG,15
images/067A17.JPG,17
images/078A02.JPG,2
images/009A18.JPG,18
images/008A18.JPG,18
images/059A03.JPG,3
images/047A20.JPG,20
images/026A17.JPG,17
images/042A05.JPG,5
images/048A15.JPG,15
images/014A03.JPG,3
images/070A06.JPG,6
images/041A20.JPG,20
images/053A15.JPG,15
images/074A05.JPG,5
images/028A18.JPG,18
images/014A40.JPG,40
images/020A30.JPG,30
images/078A13.JPG,13
images/031A00.JPG,0
images/055A06.JPG,6
images/035A09.JPG,9
images/046A20.JPG,20
images/031A09.JPG,9
images/007A38.JPG,38
images/067A23.JPG,23
images/039A05.JPG,5
images/047A05.JPG,5
images/069A13.JPG,13
images/078A08.JPG,8
images/042A00.JPG,0
images/023A14.JPG,14
images/054A10.JPG,10
images/070A09.JPG,9
images/044A21.JPG,21
images/070A05.JPG,5
images/041A21.JPG,21
images/042A10.JPG,10
images/035A14.JPG,14
images/074A01.JPG,1
images/067A04.JPG,4
images/008A13.JPG,13
images/079A10.JPG,10
images/025A22.JPG,22
images/003A20.JPG,20
images/046A08.JPG,8
images/070A00.JPG,0
images/052A10.JPG,10
images/037A04.JPG,4
images/065A06a.JPG,6
images/056A06.JPG,6
images/038A34.JPG,34
images/009A05.JPG,5
images/059A06.JPG,6
images/024A00.JPG,0
images/079A06.JPG,6
images/025A18.JPG,18
images/048A46.JPG,46
images/014A22.JPG,22
images/047A27.JPG,27
images/003A60.JPG,60
images/040A07.JPG,7
images/015A14.JPG,14
images/074A04.JPG,4
images/013A21.JPG,21
images/013A16.JPG,16
images/038A03.JPG,3
images/067A33.JPG,33
images/035A03.JPG,3
images/024A18.JPG,18
images/004A37.JPG,37
images/020A24.JPG,24
images/009A16a.JPG,16
images/058A03.JPG,3
images/038A21.JPG,21
images/065A10.JPG,10
images/018A18.JPG,18
images/079A11.JPG,11
images/007A23.JPG,23
images/051A02.JPG,2
images/009A01.JPG,1
images/069A10.JPG,10
images/078A06.JPG,6
images/056A12.JPG,12
images/025A28.JPG,28
images/039A07.JPG,7
images/028A14.JPG,14
images/073A02.JPG,2
images/023A25.JPG,25
images/003A18.JPG,18
images/009A22b.JPG,22
images/037A17.JPG,17
images/042A04.JPG,4
images/018A16.JPG,16
images/027A22.JPG,22
images/047A55.JPG,55
images/073A08.JPG,8
images/039A15.JPG,15
images/037A08.JPG,8
images/046A12.JPG,12
images/013A44.JPG,44
images/047A13.JPG,13
images/039A02.JPG,2
images/024A30.JPG,30
images/024A10.JPG,10
images/037A11.JPG,11
images/056A03.JPG,3
images/052A20.JPG,20
images/023A18.JPG,18
images/078A00.JPG,0
images/056A02.JPG,2
images/058A00.JPG,0
images/008A35.JPG,35
images/026A18.JPG,18
images/048A49.JPG,49
images/044A18.JPG,18
images/063A25.JPG,25
images/054A06.JPG,6
images/049A10.JPG,10
images/046A17.JPG,17
images/004A26.JPG,26
images/054A12.JPG,12
images/059A07.JPG,7
images/059A04.JPG,4
images/018A33.JPG,33
images/063A04.JPG,4
images/026A00.JPG,0
images/047A15.JPG,15
images/020A16.JPG,16
images/037A01.JPG,1
images/039A52.JPG,52
images/055A05.JPG,5
images/038A14.JPG,14
images/054A00.JPG,0
images/026A02.JPG,2
images/014A30.JPG,30
images/041A09.JPG,9
images/055A08.JPG,8
images/058A13.JPG,13
images/040A02.JPG,2
images/055A22.JPG,22
images/039A35.JPG,35
images/069A06.JPG,6
images/031A15.JPG,15
images/065A03a.JPG,3
images/065A11.JPG,11
images/077A11.JPG,11
images/048A33.JPG,33
images/023A21.JPG,21
images/023A09.JPG,9
images/029A29.JPG,29
images/077A15.JPG,15
images/038A08.JPG,8
images/029A31.JPG,31
images/025A23.JPG,23
images/042A20.JPG,20
images/031A16.JPG,16
images/074A08.JPG,8
images/051A16.JPG,16
images/023A07.JPG,7
images/069A04.JPG,4
images/081A06.JPG,6
images/058A06.JPG,6
images/030A26.JPG,26
images/070A03.JPG,3
images/027A25.JPG,25
images/081A05.JPG,5
images/077A08.JPG,8
images/049A12.JPG,12
images/048A00.JPG,0
images/046A06.JPG,6
images/009A11.JPG,11
images/008A16.JPG,16
images/065A12.JPG,12
images/027A11.JPG,11
images/015A01.JPG,1
images/007A22.JPG,22
images/046A18.JPG,18
images/035A16.JPG,16
images/057A12.JPG,12
images/008A08.JPG,8
images/029A23.JPG,23
images/003A23.JPG,23
images/041A06.JPG,6
images/073A07.JPG,7
images/069A07.JPG,7
images/040A06.JPG,6
images/081A11.JPG,11
images/049A15.JPG,15
images/040A09.JPG,9
images/053A08.JPG,8
images/037A18.JPG,18
images/048A27.JPG,27
images/067A26.JPG,26
images/027A20.JPG,20
images/048A54.JPG,54
images/038A05.JPG,5
images/056A10.JPG,10
images/070A01.JPG,1
images/014A18.JPG,18
images/035A07.JPG,7
images/036A01.JPG,1
images/020A22.JPG,22
images/057A05.JPG,5
images/079A03.JPG,3
images/008A21.JPG,21
images/065A13.JPG,13
images/041A00.JPG,0
images/079A05.JPG,5
images/037A06.JPG,6
images/052A04.JPG,4
images/077A00.JPG,0
images/069A09.JPG,9
images/078A12.JPG,12
images/038A13.JPG,13
images/039A10.JPG,10
images/046A02.JPG,2
images/031A14.JPG,14
images/046A04.JPG,4
images/078A07.JPG,7
images/073A14.JPG,14
images/065A02b.JPG,2
images/073A05.JPG,5
images/073A12.JPG,12
images/066A09.JPG,9
images/020A18.JPG,18
images/004A40.JPG,40
images/004A62.JPG,62
images/077A07.JPG,7
images/009A16b.JPG,16
images/030A05.JPG,5
images/042A24.JPG,24
images/044A25.JPG,25
images/013A34.JPG,34
images/054A02.JPG,2
images/066A06a.JPG,6
images/007A26.JPG,26
images/004A19.JPG,19
images/029A20.JPG,20
images/003A58.JPG,58
images/035A23a.JPG,23
images/053A01.JPG,1
images/027A36.JPG,36
images/020A11.JPG,11
images/063A08.JPG,8
images/013A25.JPG,25
images/051A08.JPG,8
images/015A03.JPG,3
images/081A10.JPG,10
images/065A07b.JPG,7
images/073A01.JPG,1
images/057A16.JPG,16
images/078A09.JPG,9
images/015A19.JPG,19
images/066A11.JPG,11
images/015A12.JPG,12
images/028A41.JPG,41
images/056A04.JPG,4
images/081A01.JPG,1
images/066A04.JPG,4
images/027A30.JPG,30
images/077A02.JPG,2
images/077A10.JPG,10
images/037A09.JPG,9
images/040A10.JPG,10
images/008A30.JPG,30
images/020A36.JPG,36
images/055A14.JPG,14
images/042A14.JPG,14
images/026A07.JPG,7
images/036A13.JPG,13
images/057A06.JPG,6
images/048A16.JPG,16
images/038A23.JPG,23
images/031A06.JPG,6
images/046A10.JPG,10
images/067A39.JPG,39
images/027A18.JPG,18
images/036A08.JPG,8
images/042A28.JPG,28
images/074A03.JPG,3
images/073A09.JPG,9
images/051A12.JPG,12
images/014A14.JPG,14
images/036A20.JPG,20
images/030A20.JPG,20
images/042A01.JPG,1
images/054A04.JPG,4
images/036A18.JPG,18
images/052A16.JPG,16
images/020A08.JPG,8
images/013A19.JPG,19
images/035A08.JPG,8
images/073A15.JPG,15
images/073A16.JPG,16
images/048A09.JPG,9
images/008A33.JPG,33
images/058A05.JPG,5
images/063A09.JPG,9
images/054A18.JPG,18
images/035A00.JPG,0
images/079A02.JPG,2
images/053A04.JPG,4
images/063A18.JPG,18
images/040A16.JPG,16
images/047A11.JPG,11
images/047A12.JPG,12
images/051A05.JPG,5
images/026A04.JPG,4
images/015A15.JPG,15
images/042A08.JPG,8
images/030A07.JPG,7
images/036A00.JPG,0
images/003A38.JPG,38
images/078A15.JPG,15
images/058A10.JPG,10
images/077A16.JPG,16
images/077A12.JPG,12
images/053A06.JPG,6
images/066A10.JPG,10
images/079A12.JPG,12
images/030A10.JPG,10
images/020A26.JPG,26
images/037A13.JPG,13
images/004A51.JPG,51
images/052A02.JPG,2
images/057A23.JPG,23
images/026A15.JPG,15
images/004A30.JPG,30
images/028A37.JPG,37
images/039A13.JPG,13
images/007A45.JPG,45
images/018A28.JPG,28
images/070A14.JPG,14
images/074A13.JPG,13
images/074A09.JPG,9
images/025A34.JPG,34
images/054A09.JPG,9
images/029A05.JPG,5
images/026A13.JPG,13
images/079A00.JPG,0
images/055A12.JPG,12
images/049A06.JPG,6
images/029A10.JPG,10
images/074A02.JPG,2
images/031A12.JPG,12
images/030A18.JPG,18
images/028A35.JPG,35
images/044A07.JPG,7
images/074A06.JPG,6
images/065A02a.JPG,2
images/018A34.JPG,34
images/057A25.JPG,25
images/052A07.JPG,7
images/066A03.JPG,3
images/069A11.JPG,11
images/020A02.JPG,2
images/079A01.JPG,1
images/056A15.JPG,15
images/009A22a.JPG,22
images/018A25.JPG,25
images/056A01.JPG,1
images/047A23.JPG,23
images/051A17.JPG,17
images/009A13.JPG,13
images/030A04.JPG,4
images/035A01.JPG,1
images/014A36.JPG,36
images/047A18.JPG,18
images/040A12.JPG,12
images/004A63.JPG,63
images/065A03b.JPG,3
images/048A18.JPG,18
images/073A13.JPG,13
images/051A15.JPG,15
images/077A01.JPG,1
images/058A02.JPG,2
images/074A12.JPG,12
images/040A03b.JPG,3
images/007A01.JPG,1
images/013A41.JPG,41
images/013A18.JPG,18
images/026A19.JPG,19
images/028A28.JPG,28
images/040A00.JPG,0
images/074A14.JPG,14
images/063A20.JPG,20
images/030A00.JPG,0
images/058A15.JPG,15
images/052A19.JPG,19
images/029A11.JPG,11
images/081A00.JPG,0
images/014A12.JPG,12
images/028A16.JPG,16
images/025A07.JPG,7
images/041A02.JPG,2
images/054A17.JPG,17
images/073A11.JPG,11
images/047A06.JPG,6
images/031A11.JPG,11
images/025A39.JPG,39
images/024A23.JPG,23
images/059A02a.JPG,2
images/067A30.JPG,30
images/051A18.JPG,18
images/065A09.JPG,9
images/081A02.JPG,2
images/057A00.JPG,0
images/004A28.JPG,28
images/053A10.JPG,10
images/003A61.JPG,61
images/040A14.JPG,14
images/049A04.JPG,4
images/081A04.JPG,4
images/024A05.JPG,5
images/073A04.JPG,4
images/014A16.JPG,16
images/057A07.JPG,7
images/029A13.JPG,13
images/052A18.JPG,18
images/051A24.JPG,24
images/079A08.JPG,8
images/015A07.JPG,7
images/031A04.JPG,4
images/049A08.JPG,8
images/003A49.JPG,49
images/023A29.JPG,29
images/008A29.JPG,29
images/046A00.JPG,0
images/081A03.JPG,3
images/025A00.JPG,0
images/039A16.JPG,16
images/028A20.JPG,20
images/024A19.JPG,19
images/041A13.JPG,13
images/004A53.JPG,53
images/031A07.JPG,7
images/004A48.JPG,48
images/024A17.JPG,17
images/037A19.JPG,19
images/039A50.JPG,50
images/007A18.JPG,18
images/049A17.JPG,17
images/027A16.JPG,16
images/065A08.JPG,8
images/009A09.JPG,9
images/066A02b.JPG,2
images/008A17.JPG,17
images/059A14.JPG,14
images/030A23.JPG,23
images/023A16.JPG,16
images/079A09.JPG,9
images/023A22.JPG,22
images/052A13.JPG,13
images/030A17.JPG,17
images/070A02.JPG,2
images/036A17.JPG,17
images/024A28.JPG,28
images/026A11.JPG,11
images/065A06b.JPG,6
images/054A16.JPG,16
images/015A17.JPG,17
images/037A00.JPG,0
images/036A06.JPG,6
images/047A45.JPG,45
images/074A10.JPG,10
images/078A10.JPG,10
images/051A00.JPG,0
images/042A06.JPG,6
images/048A52.JPG,52
images/007A37.JPG,37
images/039A11.JPG,11
images/081A08.JPG,8
images/052A14.JPG,14
images/053A13.JPG,13
images/078A05.JPG,5
images/039A45.JPG,45
images/048A30.JPG,30
images/063A00.JPG,0
images/015A05.JPG,5
images/047A33.JPG,33
images/023A05.JPG,5
images/041A24.JPG,24
images/008A03.JPG,3
images/008A12.JPG,12
images/073A00.JPG,0
images/048A11.JPG,11
images/046A16.JPG,16
images/018A06.JPG,6
images/008A06.JPG,6
images/015A09.JPG,9
images/069A05.JPG,5
images/040A03a.JPG,3
images/023A03.JPG,3
images/078A14.JPG,14
images/053A12.JPG,12
images/066A07.JPG,7
images/009A14.JPG,14
images/038A04.JPG,4
images/018A36.JPG,36
images/015A04.JPG,4
images/040A05.JPG,5
images/078A03.JPG,3
images/077A03.JPG,3
images/036A11.JPG,11
images/070A08.JPG,8
images/027A41.JPG,41
images/040A21.JPG,21
images/007A39.JPG,39
images/036A05.JPG,5
images/053A02.JPG,2
images/044A01.JPG,1
images/038A11.JPG,11
images/044A13.JPG,13
images/009A00.JPG,0
images/055A23.JPG,23
images/018A11.JPG,11
images/070A12.JPG,12
images/063A22.JPG,22
images/052A17.JPG,17
images/053A00.JPG,0
images/067A28.JPG,28
images/015A00.JPG,0
images/073A06.JPG,6
images/020A20.JPG,20
images/031A19.JPG,19
images/049A05.JPG,5
images/027A13.JPG,13
images/042A18.JPG,18
images/041A19.JPG,19
images/065A04.JPG,4
images/028A26.JPG,26
images/013A00.JPG,0
images/029A16.JPG,16
images/018A29.JPG,29
images/003A47.JPG,47
images/048A50.JPG,50
images/078A04.JPG,4
images/035A18.JPG,18
images/014A42.JPG,42
images/003A51.JPG,51
images/077A13.JPG,13
images/058A17.JPG,17
images/035A12.JPG,12
images/044A05.JPG,5
images/051A14.JPG,14
images/029A33.JPG,33
images/013A23.JPG,23
images/081A12.JPG,12
images/073A03.JPG,3
images/003A25.JPG,25
images/038A00.JPG,0
images/044A03.JPG,3
images/074A07.JPG,7
images/058A04.JPG,4
images/025A19.JPG,19
images/065A07a.JPG,7
images/038A01.JPG,1
images/066A06b.JPG,6
images/036A03.JPG,3
images/029A04.JPG,4
images/029A01.JPG,1
images/026A06.JPG,6
images/077A04.JPG,4
images/025A03.JPG,3
images/025A12.JPG,12
images/029A22.JPG,22
images/063A33.JPG,33
images/054A11.JPG,11
images/041A04.JPG,4
images/044A15.JPG,15
images/028A34.JPG,34
images/067A21.JPG,21
images/077A14.JPG,14
images/003A35.JPG,35
images/066A08.JPG,8
images/066A00.JPG,0
images/079A07.JPG,7
images/059A12.JPG,12
