images/044A17.JPG,17
images/060A02.JPG,2
images/069A06.JPG,6
images/016A19.JPG,19
images/055A05.JPG,5
images/020A20.JPG,20
images/020A26.JPG,26
images/034A13.JPG,13
images/025A28.JPG,28
images/069A09.JPG,9
images/063A20.JPG,20
images/052A16.JPG,16
images/016A01.JPG,1
images/025A23.JPG,23
images/069A07.JPG,7
images/054A16.JPG,16
images/006A55.JPG,55
images/020A02.JPG,2
images/076A03.JPG,3
images/052A18.JPG,18
images/008A06.JPG,6
images/046A14.JPG,14
images/012A32.JPG,32
images/066A09.JPG,9
images/034A11.JPG,11
images/008A35.JPG,35
images/007A45.JPG,45
images/026A00.JPG,0
images/068A03.JPG,3
images/024A18.JPG,18
images/048A46.JPG,46
images/073A05.JPG,5
images/049A05.JPG,5
images/047A45.JPG,45
images/063A22.JPG,22
images/033A39.JPG,39
images/026A13.JPG,13
images/074A07.JPG,7
images/057A17.JPG,17
images/067A30.JPG,30
images/055A06.JPG,6
images/033A14.JPG,14
images/074A08.JPG,8
images/024A17.JPG,17
images/033A05.JPG,5
images/034A04.JPG,4
images/047A13.JPG,13
images/080A07.JPG,7
images/080A05.JPG,5
images/012A18.JPG,18
images/054A13.JPG,13
images/037A09.JPG,9
images/016A03.JPG,3
images/035A09.JPG,9
images/027A36.JPG,36
images/049A16.JPG,16
images/008A21.JPG,21
images/079A04.JPG,4
images/039A02.JPG,2
images/073A09.JPG,9
images/069A04.JPG,4
images/081A06.JPG,6
images/030A10.JPG,10
images/056A15.JPG,15
images/046A01.JPG,1
images/061A18.JPG,18
images/053A18.JPG,18
images/059A06.JPG,6
images/044A18.JPG,18
images/050A00.JPG,0
images/069A05.JPG,5
images/079A11.JPG,11
images/064A04.JPG,4
images/007A01.JPG,1
images/053A02.JPG,2
images/030A23.JPG,23
images/076A09.JPG,9
images/054A11.JPG,11
images/030A17.JPG,17
images/034A15.JPG,15
images/017A38.JPG,38
images/047A18.JPG,18
images/076A15.JPG,15
images/006A46.JPG,46
images/047A11.JPG,11
images/079A03.JPG,3
images/044A13.JPG,13
images/067A28.JPG,28
images/034A44.JPG,44
images/081A12.JPG,12
images/032A33.JPG,33
images/039A13.JPG,13
images/030A26.JPG,26
images/057A25.JPG,25
images/081A04.JPG,4
images/068A10b.JPG,10
images/039A35.JPG,35
images/027A30.JPG,30
images/048A49.JPG,49
images/073A02.JPG,2
images/006A31.JPG,31
images/022A11.JPG,11
images/046A08.JPG,8
images/039A17.JPG,17
images/039A07.JPG,7
images/025A19.JPG,19
images/042A28.JPG,28
images/073A12.JPG,12
images/058A17.JPG,17
images/053A06.JPG,6
images/074A12.JPG,12
images/049A08.JPG,8
images/073A11.JPG,11
images/033A21.JPG,21
images/032A06.JPG,6
images/035A12.JPG,12
images/044A25.JPG,25
images/042A06.JPG,6
images/012A14.JPG,14
images/069A10.JPG,10
images/030A04.JPG,4
images/026A07.JPG,7
images/014A22.JPG,22
images/046A20.JPG,20
images/012A07.JPG,7
images/032A40.JPG,40
images/011A34.JPG,34
images/073A01.JPG,1
images/012A21.JPG,21
images/058A06.JPG,6
images/014A18.JPG,18
images/037A19.JPG,19
images/048A15.JPG,15
images/063A08.JPG,8
images/022A25.JPG,25
images/006A40.JPG,40
images/054A02.JPG,2
images/030A16.JPG,16
images/024A00.JPG,0
images/034A18.JPG,18
images/049A15.JPG,15
images/055A22.JPG,22
images/007A26.JPG,26
images/074A13.JPG,13
images/066A04.JPG,4
images/049A07.JPG,7
images/030A20.JPG,20
images/047A05.JPG,5
images/014A40.JPG,40
images/037A11.JPG,11
images/020A13.JPG,13
images/032A24.JPG,24
images/055A12.JPG,12
images/069A11.JPG,11
images/074A10.JPG,10
images/047A12.JPG,12
images/030A05.JPG,5
images/053A04.JPG,4
images/027A02.JPG,2
images/044A05.JPG,5
images/030A18.JPG,18
images/054A19.JPG,19
images/058A03.JPG,3
images/006A24.JPG,24
images/034A35.JPG,35
images/029A29.JPG,29
images/070A02.JPG,2
images/017A42.JPG,42
images/052A17.JPG,17
images/063A02.JPG,2
images/080A00.JPG,0
images/081A05.JPG,5
images/029A31.JPG,31
images/068A14.JPG,14
images/033A25.JPG,25
images/052A04.JPG,4
images/048A33.JPG,33
images/080A10.JPG,10
images/074A06.JPG,6
images/076A12.JPG,12
images/006A36.JPG,36
images/081A08.JPG,8
images/073A13.JPG,13
images/006A28.JPG,28
images/080A02.JPG,2
images/039A45.JPG,45
images/046A17.JPG,17
images/037A08.JPG,8
images/066A11.JPG,11
images/039A10.JPG,10
images/048A54.JPG,54
images/052A14.JPG,14
images/063A09.JPG,9
images/029A13.JPG,13
images/067A04.JPG,4
images/076A17.JPG,17
images/081A02.JPG,2
images/061A06.JPG,6
images/027A25.JPG,25
images/076A14.JPG,14
images/057A12.JPG,12
images/068A09.JPG,9
images/035A14.JPG,14
images/048A18.JPG,18
images/053A12.JPG,12
images/037A13.JPG,13
images/048A10.JPG,10
images/046A02.JPG,2
images/055A14.JPG,14
images/058A02.JPG,2
images/060A10.JPG,10
images/074A02.JPG,2
images/015A15.JPG,15
images/058A04.JPG,4
images/020A24.JPG,24
images/042A04.JPG,4
images/012A23.JPG,23
images/012A04.JPG,4
images/020A11.JPG,11
images/042A01.JPG,1
images/027A11.JPG,11
images/066A02b.JPG,2
images/074A00.JPG,0
images/026A15.JPG,15
images/015A14.JPG,14
images/061A04.JPG,4
images/012A12.JPG,12
images/054A04.JPG,4
images/027A18.JPG,18
images/024A28.JPG,28
images/057A06.JPG,6
images/050A22.JPG,22
images/048A16.JPG,16
images/076A11.JPG,11
images/060A17.JPG,17
images/057A07.JPG,7
images/076A04.JPG,4
images/044A07.JPG,7
images/035A08.JPG,8
images/079A05.JPG,5
images/015A19.JPG,19
images/017A36.JPG,36
images/016A17.JPG,17
images/020A16.JPG,16
images/011A20.JPG,20
images/022A16.JPG,16
images/061A15.JPG,15
images/066A02a.JPG,2
images/076A07.JPG,7
images/057A16.JPG,16
images/056A01.JPG,1
images/074A09.JPG,9
images/022A18.JPG,18
images/080A12.JPG,12
images/042A10.JPG,10
images/022A28.JPG,28
images/076A02.JPG,2
images/015A01.JPG,1
images/011A27.JPG,27
images/006A61.JPG,61
images/026A02.JPG,2
images/006A42.JPG,42
images/026A06.JPG,6
images/061A25.JPG,25
images/044A01.JPG,1
images/025A18.JPG,18
images/066A03.JPG,3
images/057A05.JPG,5
images/032A08.JPG,8
images/046A12.JPG,12
images/073A04.JPG,4
images/020A08.JPG,8
images/016A16.JPG,16
images/060A04.JPG,4
images/029A23.JPG,23
images/037A06.JPG,6
images/056A12.JPG,12
images/035A00.JPG,0
images/069A13.JPG,13
images/007A39.JPG,39
images/070A00.JPG,0
images/037A00.JPG,0
images/058A15.JPG,15
images/058A00.JPG,0
images/047A06.JPG,6
images/060A07.JPG,7
images/022A23.JPG,23
images/016A07.JPG,7
images/055A08.JPG,8
images/007A23.JPG,23
images/056A10.JPG,10
images/066A06b.JPG,6
images/061A32.JPG,32
images/048A30.JPG,30
images/061A07.JPG,7
images/081A00.JPG,0
images/055A04.JPG,4
images/050A14.JPG,14
images/056A02.JPG,2
images/049A10.JPG,10
images/042A08.JPG,8
images/037A18.JPG,18
images/058A01.JPG,1
images/054A17.JPG,17
images/063A33.JPG,33
images/015A03.JPG,3
images/046A16.JPG,16
images/035A01.JPG,1
images/033A18.JPG,18
images/024A10.JPG,10
images/017A26.JPG,26
images/079A13.JPG,13
images/074A03.JPG,3
images/079A06.JPG,6
images/076A00.JPG,0
images/076A08.JPG,8
images/017A07.JPG,7
images/011A42.JPG,42
images/020A36.JPG,36
images/047A09.JPG,9
images/007A37.JPG,37
images/032A10.JPG,10
images/070A07.JPG,7
images/054A10.JPG,10
images/068A11.JPG,11
images/007A18.JPG,18
images/046A18.JPG,18
images/025A03.JPG,3
images/052A20.JPG,20
images/081A03.JPG,3
images/067A26.JPG,26
images/008A13.JPG,13
images/015A12.JPG,12
images/061A10.JPG,10
images/079A08.JPG,8
images/034A39.JPG,39
images/048A09.JPG,9
images/069A00.JPG,0
images/022A27.JPG,27
images/035A07.JPG,7
images/008A30.JPG,30
images/042A05.JPG,5
images/064A01.JPG,1
images/014A30.JPG,30
images/022A00.JPG,0
images/081A11.JPG,11
images/070A08.JPG,8
images/037A04.JPG,4
images/035A05.JPG,5
images/011A30.JPG,30
images/034A25.JPG,25
images/060A05.JPG,5
images/039A16.JPG,16
images/080A06.JPG,6
images/007A22.JPG,22
images/059A04.JPG,4
images/027A22.JPG,22
images/008A17.JPG,17
images/054A06.JPG,6
images/061A29.JPG,29
images/026A18.JPG,18
images/042A00.JPG,0
images/053A00.JPG,0
images/069A02.JPG,2
images/012A34.JPG,34
images/012A26.JPG,26
images/066A08.JPG,8
images/068A00.JPG,0
images/060A06.JPG,6
images/025A07.JPG,7
images/074A14.JPG,14
images/080A14.JPG,14
images/053A10.JPG,10
images/053A11.JPG,11
images/035A23b.JPG,23
images/064A15.JPG,15
images/039A50.JPG,50
images/052A19.JPG,19
images/020A22.JPG,22
images/076A13.JPG,13
images/015A07.JPG,7
images/059A14.JPG,14
images/039A11.JPG,11
images/008A33.JPG,33
images/047A23.JPG,23
images/016A14.JPG,14
images/047A15.JPG,15
images/017A19.JPG,19
images/046A00.JPG,0
images/044A21.JPG,21
images/022A26.JPG,26
images/014A14.JPG,14
images/014A42.JPG,42
images/015A09.JPG,9
images/029A16.JPG,16
images/067A33.JPG,33
images/007A38.JPG,38
images/064A19.JPG,19
images/059A02a.JPG,2
images/012A36.JPG,36
images/080A01.JPG,1
images/059A16.JPG,16
images/046A06.JPG,6
images/059A02b.JPG,2
images/008A08.JPG,8
images/074A05.JPG,5
images/039A19.JPG,19
images/012A25.JPG,25
images/067A23.JPG,23
images/022A07.JPG,7
images/017A12.JPG,12
images/020A18.JPG,18
images/049A12.JPG,12
images/076A06.JPG,6
images/012A24.JPG,24
images/025A00.JPG,0
images/047A20.JPG,20
images/042A20.JPG,20
images/046A10.JPG,10
images/016A10.JPG,10
images/063A00.JPG,0
images/069A03.JPG,3
images/034A16.JPG,16
images/068A04.JPG,4
images/049A17.JPG,17
images/048A27.JPG,27
images/079A09.JPG,9
images/074A11.JPG,11
images/060A12.JPG,12
images/058A13.JPG,13
images/035A16.JPG,16
images/033A30.JPG,30
images/054A12.JPG,12
images/073A14.JPG,14
images/032A35.JPG,35
images/048A17.JPG,17
images/070A05.JPG,5
images/015A00.JPG,0
images/048A52.JPG,52
images/014A12.JPG,12
images/070A06.JPG,6
images/042A24.JPG,24
images/039A52.JPG,52
images/050A16.JPG,16
images/015A10.JPG,10
images/070A12.JPG,12
images/050A10.JPG,10
images/042A18.JPG,18
images/074A04.JPG,4
images/017A22.JPG,22
images/053A13.JPG,13
images/052A10.JPG,10
images/029A04.JPG,4
images/047A33.JPG,33
images/061A26.JPG,26
images/024A30.JPG,30
images/016A04.JPG,4
images/011A05.JPG,5
images/053A03.JPG,3
images/079A12.JPG,12
images/081A07.JPG,7
images/073A15.JPG,15
images/027A41.JPG,41
images/035A03.JPG,3
images/076A10.JPG,10
images/037A17.JPG,17
images/080A08.JPG,8
images/037A01.JPG,1
images/050A06.JPG,6
images/061A17.JPG,17
images/025A39.JPG,39
images/073A03.JPG,3
images/008A31.JPG,31
images/057A23.JPG,23
images/017A17.JPG,17
images/025A22.JPG,22
images/081A10.JPG,10
images/014A36.JPG,36
images/053A01.JPG,1
images/066A07.JPG,7
images/012A30.JPG,30
images/015A05.JPG,5
images/032A20.JPG,20
images/066A00.JPG,0
images/022A14.JPG,14
images/032A18.JPG,18
images/079A07.JPG,7
images/076A16.JPG,16
images/008A12.JPG,12
images/014A16.JPG,16
images/057A00.JPG,0
images/035A21.JPG,21
images/080A03.JPG,3
images/011A11.JPG,11
images/012A27.JPG,27
images/044A15.JPG,15
images/035A23a.JPG,23
images/073A06.JPG,6
images/011A13.JPG,13
images/053A15.JPG,15
images/011A02.JPG,2
images/074A01.JPG,1
images/011A17.JPG,17
images/079A01.JPG,1
images/020A30.JPG,30
images/064A03.JPG,3
images/033A44.JPG,44
images/029A20.JPG,20
images/037A02.JPG,2
images/025A15.JPG,15
images/055A23.JPG,23
images/059A07.JPG,7
images/064A10.JPG,10
images/016A08.JPG,8
images/011A15.JPG,15
images/054A18.JPG,18
images/032A28.JPG,28
images/049A04.JPG,4
images/034A02.JPG,2
images/079A10.JPG,10
images/026A04.JPG,4
images/080A04.JPG,4
images/081A01.JPG,1
images/029A01.JPG,1
images/073A08.JPG,8
images/056A03.JPG,3
images/056A06.JPG,6
images/008A29.JPG,29
images/039A05.JPG,5
images/048A11.JPG,11
images/067A39.JPG,39
images/016A05.JPG,5
images/066A10.JPG,10
images/063A25.JPG,25
images/029A11.JPG,11
images/053A08.JPG,8
images/011A07.JPG,7
images/042A12.JPG,12
images/033A10.JPG,10
images/048A00.JPG,0
images/048A50.JPG,50
images/050A18.JPG,18
images/060A11.JPG,11
images/025A34.JPG,34
images/024A07.JPG,7
images/017A32.JPG,32
images/060A20.JPG,20
images/034A30.JPG,30
images/020A04.JPG,4
images/076A01.JPG,1
images/024A25.JPG,25
images/022A30.JPG,30
images/052A13.JPG,13
images/029A33.JPG,33
images/067A14.JPG,14
images/025A12.JPG,12
images/029A05.JPG,5
images/068A12.JPG,12
images/052A07.JPG,7
images/047A27.JPG,27
images/027A13.JPG,13
images/076A05.JPG,5
images/033A02.JPG,2
images/060A19.JPG,19
images/052A02.JPG,2
images/049A06.JPG,6
images/059A12.JPG,12
images/063A18.JPG,18
images/067A17.JPG,17
images/027A16.JPG,16
images/058A10.JPG,10
images/006A51.JPG,51
images/017A05.JPG,5
images/032A13.JPG,13
images/042A14.JPG,14
images/011A40.JPG,40
images/050A03.JPG,3
images/070A01.JPG,1
images/017A29.JPG,29
images/008A18.JPG,18
images/059A03.JPG,3
images/026A19.JPG,19
images/073A16.JPG,16
images/026A11.JPG,11
images/070A03.JPG,3
images/029A10.JPG,10
images/011A14.JPG,14
images/024A19.JPG,19
images/079A00.JPG,0
images/017A15.JPG,15
images/006A67.JPG,67
images/016A12.JPG,12
images/060A08.JPG,8
images/061A19.JPG,19
images/008A03.JPG,3
images/022A20.JPG,20
images/026A17.JPG,17
images/054A00.JPG,0
images/033A35.JPG,35
images/024A05.JPG,5
images/046A04.JPG,4
images/073A00.JPG,0
images/079A02.JPG,2
images/058A05.JPG,5
images/030A07.JPG,7
images/044A03.JPG,3
images/015A04.JPG,4
images/008A16.JPG,16
images/080A13.JPG,13
images/070A09.JPG,9
images/066A06a.JPG,6
images/047A55.JPG,55
images/014A03.JPG,3
images/029A22.JPG,22
images/056A04.JPG,4
images/030A00.JPG,0
images/054A09.JPG,9
images/057A18.JPG,18
images/027A20.JPG,20
images/006A69.JPG,69
images/068A13.JPG,13
images/074A15.JPG,15
images/063A04.JPG,4
images/073A07.JPG,7
images/070A14.JPG,14
images/024A23.JPG,23
images/035A18.JPG,18
images/032A15.JPG,15
images/080A09.JPG,9
images/034A21.JPG,21
images/015A17.JPG,17
images/068A10a.JPG,10
images/039A15.JPG,15
images/008A41.JPG,41
images/061A30.JPG,30
images/016A18.JPG,18
images/067A21.JPG,21
