images/059A06.JPG,6
images/028A41.JPG,41
images/017A32.JPG,32
images/038A04.JPG,4
images/073A16.JPG,16
images/004A26.JPG,26
images/060A20.JPG,20
images/027A13.JPG,13
images/026A15.JPG,15
images/025A00.JPG,0
images/057A18.JPG,18
images/013A23.JPG,23
images/006A46.JPG,46
images/036A00.JPG,0
images/069A06.JPG,6
images/009A05.JPG,5
images/036A19.JPG,19
images/051A18.JPG,18
images/001A29.JPG,29
images/031A02.JPG,2
images/011A34.JPG,34
images/051A08.JPG,8
images/016A08.JPG,8
images/030A04.JPG,4
images/060A11.JPG,11
images/009A22b.JPG,22
images/076A09.JPG,9
images/023A00.JPG,0
images/072A13.JPG,13
images/080A01.JPG,1
images/014A22.JPG,22
images/031A12.JPG,12
images/057A25.JPG,25
images/060A02.JPG,2
images/033A18.JPG,18
images/001A33.JPG,33
images/001A14.JPG,14
images/069A13.JPG,13
images/014A12.JPG,12
images/035A01.JPG,1
images/006A36.JPG,36
images/075A07.JPG,7
images/046A00.JPG,0
images/057A12.JPG,12
images/028A16.JPG,16
images/007A26.JPG,26
images/067A28.JPG,28
images/048A46.JPG,46
images/022A23.JPG,23
images/010A10.JPG,10
images/060A07.JPG,7
images/035A12.JPG,12
images/030A23.JPG,23
images/081A01.JPG,1
images/068A00.JPG,0
images/076A05.JPG,5
images/009A09.JPG,9
images/075A11.JPG,11
images/054A04.JPG,4
images/046A20.JPG,20
images/048A11.JPG,11
images/070A00.JPG,0
images/014A16.JPG,16
images/067A23.JPG,23
images/044A21.JPG,21
images/081A04.JPG,4
images/061A29.JPG,29
images/076A12.JPG,12
images/025A23.JPG,23
images/016A04.JPG,4
images/075A01.JPG,1
images/062A45.JPG,45
images/004A19.JPG,19
images/015A09.JPG,9
images/042A06.JPG,6
images/015A01.JPG,1
images/033A39.JPG,39
images/035A16.JPG,16
images/016A14.JPG,14
images/081A08.JPG,8
images/053A04.JPG,4
images/068A14.JPG,14
images/054A00.JPG,0
images/025A07.JPG,7
images/038A11.JPG,11
images/043A17.JPG,17
images/073A08.JPG,8
images/004A28.JPG,28
images/065A02b.JPG,2
images/017A42.JPG,42
images/061A15.JPG,15
images/025A15.JPG,15
images/067A21.JPG,21
images/069A09.JPG,9
images/073A04.JPG,4
images/065A09.JPG,9
images/046A08.JPG,8
images/046A04.JPG,4
images/061A10.JPG,10
images/017A22.JPG,22
images/050A16.JPG,16
images/069A00.JPG,0
images/011A40.JPG,40
images/010A07a.JPG,7
images/009A18.JPG,18
images/031A19.JPG,19
images/023A29.JPG,29
images/014A30.JPG,30
images/011A15.JPG,15
images/011A42.JPG,42
images/028A34.JPG,34
images/027A36.JPG,36
images/044A13.JPG,13
images/018A33.JPG,33
images/026A19.JPG,19
images/068A03.JPG,3
images/004A21.JPG,21
images/042A08.JPG,8
images/036A03.JPG,3
images/038A34.JPG,34
images/081A11.JPG,11
images/022A30.JPG,30
images/059A07.JPG,7
images/043A13.JPG,13
images/080A14.JPG,14
images/022A27.JPG,27
images/007A39.JPG,39
images/055A04.JPG,4
images/026A18.JPG,18
images/053A18.JPG,18
images/073A14.JPG,14
images/027A41.JPG,41
images/006A40.JPG,40
images/070A08.JPG,8
images/022A11.JPG,11
images/058A13.JPG,13
images/060A06.JPG,6
images/046A06.JPG,6
images/076A13.JPG,13
images/060A04.JPG,4
images/046A01.JPG,1
images/027A20.JPG,20
images/018A29.JPG,29
images/075A03.JPG,3
images/051A15.JPG,15
images/006A31.JPG,31
images/035A00.JPG,0
images/057A06.JPG,6
images/018A28.JPG,28
images/016A07.JPG,7
images/062A41.JPG,41
images/014A40.JPG,40
images/027A02.JPG,2
images/058A10.JPG,10
images/076A07.JPG,7
images/080A04.JPG,4
images/023A03.JPG,3
images/013A16.JPG,16
images/072A02.JPG,2
images/081A12.JPG,12
images/046A10.JPG,10
images/053A06.JPG,6
images/062A53.JPG,53
images/018A16.JPG,16
images/004A30.JPG,30
images/078A14.JPG,14
images/038A17.JPG,17
images/013A00.JPG,0
images/051A16.JPG,16
images/017A05.JPG,5
images/067A14.JPG,14
images/060A17.JPG,17
images/007A23.JPG,23
images/081A00.JPG,0
images/076A02.JPG,2
images/042A10.JPG,10
images/023A07.JPG,7
images/009A01.JPG,1
images/051A12.JPG,12
images/013A25.JPG,25
images/050A03.JPG,3
images/062A03.JPG,3
images/057A16.JPG,16
images/053A12.JPG,12
images/027A30.JPG,30
images/001A43b.JPG,43
images/009A16a.JPG,16
images/014A14.JPG,14
images/078A08.JPG,8
images/030A05.JPG,5
images/050A14.JPG,14
images/043A04.JPG,4
images/036A13.JPG,13
images/072A29.JPG,29
images/031A16.JPG,16
images/065A03b.JPG,3
images/010A12.JPG,12
images/035A07.JPG,7
images/011A14.JPG,14
images/031A15.JPG,15
images/051A00.JPG,0
images/072A21.JPG,21
images/048A15.JPG,15
images/046A18.JPG,18
images/078A05.JPG,5
images/070A02.JPG,2
images/054A02.JPG,2
images/016A03.JPG,3
images/076A17.JPG,17
images/011A20.JPG,20
images/018A34.JPG,34
images/001A18.JPG,18
images/061A26.JPG,26
images/067A33.JPG,33
images/011A27.JPG,27
images/058A17.JPG,17
images/011A02.JPG,2
images/026A06.JPG,6
images/080A09.JPG,9
images/072A14.JPG,14
images/025A34.JPG,34
images/078A02.JPG,2
images/022A00.JPG,0
images/014A03.JPG,3
images/001A43a.JPG,43
images/080A00.JPG,0
images/004A62.JPG,62
images/042A00.JPG,0
images/018A25.JPG,25
images/038A03.JPG,3
images/053A01.JPG,1
images/054A10.JPG,10
images/015A00.JPG,0
images/048A54.JPG,54
images/033A02.JPG,2
images/028A46.JPG,46
images/022A25.JPG,25
images/048A49.JPG,49
images/061A06.JPG,6
images/022A16.JPG,16
images/025A28.JPG,28
images/033A14.JPG,14
images/031A03.JPG,3
images/062A16.JPG,16
images/038A13.JPG,13
images/015A10.JPG,10
images/035A23a.JPG,23
images/061A19.JPG,19
images/027A11.JPG,11
images/038A00.JPG,0
images/007A37.JPG,37
images/078A15.JPG,15
images/069A10.JPG,10
images/080A13.JPG,13
images/023A25.JPG,25
images/013A08.JPG,8
images/055A14.JPG,14
images/023A16.JPG,16
images/076A11.JPG,11
images/055A05.JPG,5
images/058A15.JPG,15
images/004A51.JPG,51
images/038A01.JPG,1
images/053A08.JPG,8
images/072A07.JPG,7
images/014A18.JPG,18
images/053A13.JPG,13
images/038A14.JPG,14
images/010A07b.JPG,7
images/048A18.JPG,18
images/053A02.JPG,2
images/017A26.JPG,26
images/006A61.JPG,61
images/035A08.JPG,8
images/018A36.JPG,36
images/015A05.JPG,5
images/038A23.JPG,23
images/067A39.JPG,39
images/081A07.JPG,7
images/001A10.JPG,10
images/014A42.JPG,42
images/009A14.JPG,14
images/073A03.JPG,3
images/023A22.JPG,22
images/058A04.JPG,4
images/075A08.JPG,8
images/065A07b.JPG,7
images/061A17.JPG,17
images/013A18.JPG,18
images/055A22.JPG,22
images/007A38.JPG,38
images/075A02.JPG,2
images/038A05.JPG,5
images/001A19.JPG,19
images/001A02.JPG,2
images/055A12.JPG,12
images/026A00.JPG,0
images/022A28.JPG,28
images/068A11.JPG,11
images/043A00.JPG,0
images/013A30.JPG,30
images/025A39.JPG,39
images/043A23.JPG,23
images/031A06.JPG,6
images/073A06.JPG,6
images/026A13.JPG,13
images/017A36.JPG,36
images/006A42.JPG,42
images/044A15.JPG,15
images/033A44.JPG,44
images/044A01.JPG,1
images/065A03a.JPG,3
images/042A04.JPG,4
images/065A06b.JPG,6
images/050A22.JPG,22
images/073A02.JPG,2
images/046A14.JPG,14
images/068A12.JPG,12
images/030A16.JPG,16
images/042A28.JPG,28
images/051A24.JPG,24
images/004A40.JPG,40
images/050A10.JPG,10
images/051A17.JPG,17
images/046A12.JPG,12
images/030A10.JPG,10
images/015A12.JPG,12
images/043A27.JPG,27
images/031A11.JPG,11
images/076A06.JPG,6
images/073A00.JPG,0
images/060A12.JPG,12
images/065A13.JPG,13
images/010A09.JPG,9
images/042A20.JPG,20
images/006A55.JPG,55
images/010A01.JPG,1
images/068A10a.JPG,10
images/043A19.JPG,19
images/081A05.JPG,5
images/017A12.JPG,12
images/011A07.JPG,7
images/072A11.JPG,11
images/001A05.JPG,5
images/067A04.JPG,4
images/043A15.JPG,15
images/009A03.JPG,3
images/009A00.JPG,0
images/072A41.JPG,41
images/078A03.JPG,3
images/028A37.JPG,37
images/055A06.JPG,6
images/010A05.JPG,5
images/011A13.JPG,13
images/016A18.JPG,18
images/042A14.JPG,14
images/007A18.JPG,18
images/072A17.JPG,17
images/030A17.JPG,17
images/016A10.JPG,10
images/036A06.JPG,6
images/061A04.JPG,4
images/058A02.JPG,2
images/054A06.JPG,6
images/023A14.JPG,14
images/067A30.JPG,30
images/006A24.JPG,24
images/027A16.JPG,16
images/078A06.JPG,6
images/080A06.JPG,6
images/016A01.JPG,1
images/035A14.JPG,14
images/058A00.JPG,0
images/072A34.JPG,34
images/022A20.JPG,20
images/070A14.JPG,14
images/069A02.JPG,2
images/054A19.JPG,19
images/007A01.JPG,1
images/058A03.JPG,3
images/010A06.JPG,6
images/054A11.JPG,11
images/068A04.JPG,4
images/048A33.JPG,33
images/065A02a.JPG,2
images/038A08.JPG,8
images/062A30.JPG,30
images/015A03.JPG,3
images/009A22a.JPG,22
images/048A09.JPG,9
images/044A05.JPG,5
images/044A25.JPG,25
images/043A03.JPG,3
images/050A18.JPG,18
images/069A07.JPG,7
images/004A63.JPG,63
images/036A15.JPG,15
images/059A02a.JPG,2
images/070A03.JPG,3
images/061A07.JPG,7
images/011A30.JPG,30
images/072A45.JPG,45
images/078A11.JPG,11
images/073A07.JPG,7
images/004A37.JPG,37
images/061A18.JPG,18
images/048A17.JPG,17
images/030A20.JPG,20
images/015A15.JPG,15
images/016A19.JPG,19
images/042A24.JPG,24
images/076A16.JPG,16
images/053A15.JPG,15
images/016A17.JPG,17
images/046A02.JPG,2
images/004A53.JPG,53
images/015A17.JPG,17
images/001A22.JPG,22
images/073A13.JPG,13
images/033A25.JPG,25
images/080A02.JPG,2
images/078A07.JPG,7
images/062A15.JPG,15
images/062A47.JPG,47
images/017A38.JPG,38
images/030A18.JPG,18
images/057A05.JPG,5
images/031A09.JPG,9
images/013A19.JPG,19
images/078A09.JPG,9
images/065A12.JPG,12
images/023A18.JPG,18
images/068A13.JPG,13
images/036A17.JPG,17
images/035A18.JPG,18
images/048A50.JPG,50
images/059A14.JPG,14
images/055A23.JPG,23
images/078A13.JPG,13
images/075A10.JPG,10
images/059A03.JPG,3
images/013A44.JPG,44
images/001A16.JPG,16
images/076A04.JPG,4
images/078A04.JPG,4
images/054A13.JPG,13
images/076A10.JPG,10
images/057A00.JPG,0
images/010A18.JPG,18
images/061A30.JPG,30
images/028A28.JPG,28
images/075A00.JPG,0
images/038A10.JPG,10
images/026A07.JPG,7
images/068A09.JPG,9
images/061A25.JPG,25
images/015A19.JPG,19
images/031A07.JPG,7
images/030A00.JPG,0
images/080A08.JPG,8
images/070A05.JPG,5
images/080A05.JPG,5
images/023A09.JPG,9
images/060A19.JPG,19
images/023A05.JPG,5
images/065A10.JPG,10
images/014A36.JPG,36
images/048A27.JPG,27
images/035A05.JPG,5
images/011A11.JPG,11
images/046A17.JPG,17
images/026A17.JPG,17
images/081A03.JPG,3
images/044A18.JPG,18
images/031A04.JPG,4
images/069A04.JPG,4
images/015A07.JPG,7
images/076A14.JPG,14
images/025A19.JPG,19
images/011A05.JPG,5
images/059A16.JPG,16
images/033A30.JPG,30
images/060A05.JPG,5
images/036A11.JPG,11
images/076A01.JPG,1
images/070A07.JPG,7
images/078A00.JPG,0
images/076A00.JPG,0
images/013A34.JPG,34
images/053A03.JPG,3
images/055A08.JPG,8
images/010A04.JPG,4
images/036A01.JPG,1
images/011A17.JPG,17
images/057A07.JPG,7
images/065A07a.JPG,7
images/010A16.JPG,16
images/053A00.JPG,0
images/035A03.JPG,3
images/048A00.JPG,0
images/073A11.JPG,11
images/025A22.JPG,22
images/044A03.JPG,3
images/069A11.JPG,11
images/065A11.JPG,11
images/070A12.JPG,12
images/080A03.JPG,3
images/054A12.JPG,12
images/004A48.JPG,48
images/026A02.JPG,2
images/036A20.JPG,20
images/009A11.JPG,11
images/072A25.JPG,25
images/009A13.JPG,13
images/062A35.JPG,35
images/068A10b.JPG,10
images/009A16b.JPG,16
images/031A14.JPG,14
images/030A07.JPG,7
images/018A18.JPG,18
images/065A08.JPG,8
images/070A01.JPG,1
images/051A14.JPG,14
images/044A17.JPG,17
images/053A10.JPG,10
images/048A10.JPG,10
images/013A21.JPG,21
images/057A23.JPG,23
images/073A12.JPG,12
images/081A06.JPG,6
images/042A05.JPG,5
images/075A06.JPG,6
images/081A02.JPG,2
images/058A05.JPG,5
images/022A26.JPG,26
images/073A09.JPG,9
images/048A16.JPG,16
images/035A09.JPG,9
images/022A07.JPG,7
images/044A07.JPG,7
images/016A12.JPG,12
images/018A22.JPG,22
images/065A06a.JPG,6
images/006A28.JPG,28
images/043A10.JPG,10
images/018A11.JPG,11
images/026A04.JPG,4
images/018A06.JPG,6
images/072A27.JPG,27
images/059A12.JPG,12
images/062A54.JPG,54
images/065A04.JPG,4
images/027A25.JPG,25
images/050A06.JPG,6
images/073A15.JPG,15
images/048A52.JPG,52
images/025A12.JPG,12
images/075A05.JPG,5
images/080A12.JPG,12
images/033A21.JPG,21
images/054A16.JPG,16
images/023A21.JPG,21
images/069A03.JPG,3
images/015A14.JPG,14
images/007A22.JPG,22
images/027A22.JPG,22
images/001A28.JPG,28
images/017A29.JPG,29
images/036A05.JPG,5
images/057A17.JPG,17
images/081A10.JPG,10
images/051A05.JPG,5
images/073A05.JPG,5
images/069A05.JPG,5
images/050A00.JPG,0
images/028A18.JPG,18
images/016A16.JPG,16
images/060A08.JPG,8
images/061A32.JPG,32
images/033A35.JPG,35
images/017A07.JPG,7
images/006A51.JPG,51
images/054A18.JPG,18
images/028A20.JPG,20
images/010A15.JPG,15
images/078A12.JPG,12
images/072A19.JPG,19
images/025A03.JPG,3
images/035A21.JPG,21
images/031A00.JPG,0
images/070A06.JPG,6
images/060A10.JPG,10
images/059A02b.JPG,2
images/017A19.JPG,19
images/038A21.JPG,21
images/059A04.JPG,4
images/051A02.JPG,2
images/078A01.JPG,1
images/036A08.JPG,8
images/076A03.JPG,3
images/080A10.JPG,10
images/062A18.JPG,18
images/022A18.JPG,18
images/067A17.JPG,17
images/030A26.JPG,26
images/076A15.JPG,15
images/080A07.JPG,7
images/035A23b.JPG,23
images/042A18.JPG,18
images/070A09.JPG,9
images/043A05.JPG,5
images/015A04.JPG,4
images/058A06.JPG,6
images/017A17.JPG,17
images/053A11.JPG,11
images/025A18.JPG,18
images/073A01.JPG,1
images/078A10.JPG,10
images/027A18.JPG,18
images/062A38.JPG,38
images/042A12.JPG,12
images/054A09.JPG,9
images/001A40.JPG,40
images/017A15.JPG,15
images/016A05.JPG,5
images/046A16.JPG,16
images/028A14.JPG,14
images/026A11.JPG,11
images/054A17.JPG,17
images/042A01.JPG,1
images/028A35.JPG,35
images/006A67.JPG,67
images/058A01.JPG,1
images/007A45.JPG,45
images/067A26.JPG,26
images/028A26.JPG,26
images/076A08.JPG,8
images/006A69.JPG,69
images/013A41.JPG,41
images/033A05.JPG,5
images/036A18.JPG,18
images/001A08.JPG,8
images/048A30.JPG,30
images/022A14.JPG,14
images/033A10.JPG,10
