images/041A19.JPG,19
images/061A04.JPG,4
images/018A16.JPG,16
images/040A14.JPG,14
images/018A18.JPG,18
images/038A34.JPG,34
images/029A05.JPG,5
images/014A16.JPG,16
images/040A21.JPG,21
images/073A08.JPG,8
images/027A30.JPG,30
images/072A13.JPG,13
images/050A10.JPG,10
images/029A31.JPG,31
images/040A00.JPG,0
images/053A10.JPG,10
images/046A01.JPG,1
images/020A08.JPG,8
images/047A15.JPG,15
images/006A31.JPG,31
images/041A09.JPG,9
images/050A16.JPG,16
images/048A49.JPG,49
images/029A01.JPG,1
images/081A02.JPG,2
images/062A54.JPG,54
images/048A15.JPG,15
images/011A27.JPG,27
images/077A12.JPG,12
images/010A07b.JPG,7
images/002A21.JPG,21
images/033A35.JPG,35
images/017A36.JPG,36
images/076A01.JPG,1
images/024A18.JPG,18
images/080A00.JPG,0
images/068A11.JPG,11
images/082A03.JPG,3
images/038A10.JPG,10
images/027A16.JPG,16
images/045A08.JPG,8
images/070A08.JPG,8
images/047A18.JPG,18
images/009A22a.JPG,22
images/071A27.JPG,27
images/042A04.JPG,4
images/027A13.JPG,13
images/076A04.JPG,4
images/050A18.JPG,18
images/053A15.JPG,15
images/070A05.JPG,5
images/006A42.JPG,42
images/043A00.JPG,0
images/032A20.JPG,20
images/038A13.JPG,13
images/046A06.JPG,6
images/047A13.JPG,13
images/043A19.JPG,19
images/010A09.JPG,9
images/064A01.JPG,1
images/058A02.JPG,2
images/020A26.JPG,26
images/011A34.JPG,34
images/042A08.JPG,8
images/014A03.JPG,3
images/065A11.JPG,11
images/076A15.JPG,15
images/048A00.JPG,0
images/048A30.JPG,30
images/057A17.JPG,17
images/077A03.JPG,3
images/058A05.JPG,5
images/080A07.JPG,7
images/073A01.JPG,1
images/033A25.JPG,25
images/075A06.JPG,6
images/058A03.JPG,3
images/065A02b.JPG,2
images/042A12.JPG,12
images/009A05.JPG,5
images/046A00.JPG,0
images/037A01.JPG,1
images/041A13.JPG,13
images/080A05.JPG,5
images/025A00.JPG,0
images/079A03.JPG,3
images/079A08.JPG,8
images/043A23.JPG,23
images/033A44.JPG,44
images/014A14.JPG,14
images/017A26.JPG,26
images/026A19.JPG,19
images/057A25.JPG,25
images/014A18.JPG,18
images/027A22.JPG,22
images/019A15.JPG,15
images/029A23.JPG,23
images/075A08.JPG,8
images/082A20.JPG,20
images/073A05.JPG,5
images/048A16.JPG,16
images/039A45.JPG,45
images/062A30.JPG,30
images/037A00.JPG,0
images/064A15.JPG,15
images/070A00.JPG,0
images/025A22.JPG,22
images/007A38.JPG,38
images/010A16.JPG,16
images/064A03.JPG,3
images/033A02.JPG,2
images/009A22b.JPG,22
images/081A04.JPG,4
images/043A15.JPG,15
images/027A25.JPG,25
images/021A30.JPG,30
images/039A15.JPG,15
images/057A18.JPG,18
images/077A06.JPG,6
images/019A27.JPG,27
images/009A13.JPG,13
images/045A25.JPG,25
images/014A12.JPG,12
images/079A05.JPG,5
images/010A04.JPG,4
images/033A10.JPG,10
images/045A43.JPG,43
images/017A05.JPG,5
images/032A33.JPG,33
images/040A06.JPG,6
images/020A24.JPG,24
images/039A35.JPG,35
images/040A02.JPG,2
images/009A16a.JPG,16
images/042A14.JPG,14
images/025A28.JPG,28
images/024A19.JPG,19
images/042A18.JPG,18
images/062A53.JPG,53
images/038A01.JPG,1
images/009A18.JPG,18
images/039A07.JPG,7
images/040A03b.JPG,3
images/065A07a.JPG,7
images/010A07a.JPG,7
images/061A32.JPG,32
images/081A01.JPG,1
images/015A19.JPG,19
images/070A06.JPG,6
images/057A16.JPG,16
images/015A01.JPG,1
images/056A12.JPG,12
images/077A08.JPG,8
images/073A02.JPG,2
images/076A08.JPG,8
images/077A15.JPG,15
images/026A18.JPG,18
images/020A18.JPG,18
images/033A18.JPG,18
images/032A40.JPG,40
images/053A02.JPG,2
images/019A23.JPG,23
images/081A11.JPG,11
images/015A15.JPG,15
images/062A18.JPG,18
images/047A06.JPG,6
images/061A17.JPG,17
images/043A13.JPG,13
images/062A15.JPG,15
images/070A03.JPG,3
images/065A13.JPG,13
images/058A06.JPG,6
images/003A58.JPG,58
images/080A06.JPG,6
images/015A14.JPG,14
images/056A15.JPG,15
images/068A09.JPG,9
images/017A32.JPG,32
images/056A03.JPG,3
images/026A17.JPG,17
images/053A01.JPG,1
images/076A10.JPG,10
images/077A00.JPG,0
images/068A10a.JPG,10
images/062A16.JPG,16
images/011A11.JPG,11
images/045A03.JPG,3
images/032A15.JPG,15
images/076A09.JPG,9
images/015A03.JPG,3
images/072A41.JPG,41
images/050A14.JPG,14
images/077A16.JPG,16
images/047A11.JPG,11
images/011A15.JPG,15
images/061A06.JPG,6
images/073A14.JPG,14
images/026A15.JPG,15
images/075A00.JPG,0
images/077A14.JPG,14
images/057A12.JPG,12
images/072A25.JPG,25
images/037A19.JPG,19
images/021A06.JPG,6
images/040A07.JPG,7
images/048A11.JPG,11
images/071A42.JPG,42
images/021A35.JPG,35
images/010A10.JPG,10
images/021A03.JPG,3
images/075A10.JPG,10
images/073A00.JPG,0
images/068A12.JPG,12
images/042A05.JPG,5
images/076A05.JPG,5
images/072A21.JPG,21
images/043A04.JPG,4
images/025A34.JPG,34
images/014A22.JPG,22
images/062A41.JPG,41
images/058A00.JPG,0
images/002A03.JPG,3
images/020A11.JPG,11
images/050A22.JPG,22
images/077A09.JPG,9
images/018A25.JPG,25
images/081A06.JPG,6
images/079A04.JPG,4
images/007A01.JPG,1
images/065A06b.JPG,6
images/033A30.JPG,30
images/080A13.JPG,13
images/006A51.JPG,51
images/039A17.JPG,17
images/026A11.JPG,11
images/076A14.JPG,14
images/076A07.JPG,7
images/015A17.JPG,17
images/047A27.JPG,27
images/048A52.JPG,52
images/045A18.JPG,18
images/046A08.JPG,8
images/039A16.JPG,16
images/038A03.JPG,3
images/011A07.JPG,7
images/010A18.JPG,18
images/042A28.JPG,28
images/039A19.JPG,19
images/073A12.JPG,12
images/002A23.JPG,23
images/075A07.JPG,7
images/024A05.JPG,5
images/002A38.JPG,38
images/070A09.JPG,9
images/033A39.JPG,39
images/018A29.JPG,29
images/072A34.JPG,34
images/038A21.JPG,21
images/048A18.JPG,18
images/042A01.JPG,1
images/014A40.JPG,40
images/029A04.JPG,4
images/015A07.JPG,7
images/056A06.JPG,6
images/079A02.JPG,2
images/061A15.JPG,15
images/041A04.JPG,4
images/038A04.JPG,4
images/032A08.JPG,8
images/011A13.JPG,13
images/041A00.JPG,0
images/042A00.JPG,0
images/007A45.JPG,45
images/037A13.JPG,13
images/003A61.JPG,61
images/073A06.JPG,6
images/082A23.JPG,23
images/002A04.JPG,4
images/048A33.JPG,33
images/043A17.JPG,17
images/011A02.JPG,2
images/047A09.JPG,9
images/076A06.JPG,6
images/029A13.JPG,13
images/014A42.JPG,42
images/010A01.JPG,1
images/076A17.JPG,17
images/043A05.JPG,5
images/021A20.JPG,20
images/019A07.JPG,7
images/018A34.JPG,34
images/029A10.JPG,10
images/077A10.JPG,10
images/065A02a.JPG,2
images/011A30.JPG,30
images/081A07.JPG,7
images/046A16.JPG,16
images/024A25.JPG,25
images/081A05.JPG,5
images/041A20.JPG,20
images/081A08.JPG,8
images/017A07.JPG,7
images/025A19.JPG,19
images/025A07.JPG,7
images/019A00.JPG,0
images/070A14.JPG,14
images/048A27.JPG,27
images/037A17.JPG,17
images/071A45.JPG,45
images/070A07.JPG,7
images/010A12.JPG,12
images/011A14.JPG,14
images/003A49.JPG,49
images/053A00.JPG,0
images/053A18.JPG,18
images/002A18.JPG,18
images/003A38.JPG,38
images/080A12.JPG,12
images/057A05.JPG,5
images/019A05.JPG,5
images/027A11.JPG,11
images/061A07.JPG,7
images/072A07.JPG,7
images/006A46.JPG,46
images/009A09.JPG,9
images/057A23.JPG,23
images/075A02.JPG,2
images/027A41.JPG,41
images/048A10.JPG,10
images/027A18.JPG,18
images/081A12.JPG,12
images/017A17.JPG,17
images/053A03.JPG,3
images/018A06.JPG,6
images/033A21.JPG,21
images/018A36.JPG,36
images/075A05.JPG,5
images/032A28.JPG,28
images/020A30.JPG,30
images/003A47.JPG,47
images/053A13.JPG,13
images/021A16.JPG,16
images/006A55.JPG,55
images/047A23.JPG,23
images/017A42.JPG,42
images/047A55.JPG,55
images/065A04.JPG,4
images/026A02.JPG,2
images/072A11.JPG,11
images/077A02.JPG,2
images/037A04.JPG,4
images/003A18.JPG,18
images/025A39.JPG,39
images/065A09.JPG,9
images/007A39.JPG,39
images/026A13.JPG,13
images/072A45.JPG,45
images/045A28.JPG,28
images/032A06.JPG,6
images/002A20.JPG,20
images/061A19.JPG,19
images/079A11.JPG,11
images/075A01.JPG,1
images/006A36.JPG,36
images/020A02.JPG,2
images/011A05.JPG,5
images/027A20.JPG,20
images/040A12.JPG,12
images/080A04.JPG,4
images/046A17.JPG,17
images/058A15.JPG,15
images/039A52.JPG,52
images/037A11.JPG,11
images/080A01.JPG,1
images/065A10.JPG,10
images/041A02.JPG,2
images/038A14.JPG,14
images/071A24.JPG,24
images/029A11.JPG,11
images/077A07.JPG,7
images/065A08.JPG,8
images/048A17.JPG,17
images/048A50.JPG,50
images/072A17.JPG,17
images/032A35.JPG,35
images/080A14.JPG,14
images/014A36.JPG,36
images/056A02.JPG,2
images/009A16b.JPG,16
images/039A02.JPG,2
images/020A13.JPG,13
images/015A09.JPG,9
images/058A01.JPG,1
images/021A05.JPG,5
images/026A06.JPG,6
images/025A15.JPG,15
images/006A61.JPG,61
images/029A22.JPG,22
images/007A37.JPG,37
images/058A13.JPG,13
images/019A12.JPG,12
images/071A18.JPG,18
images/018A28.JPG,28
images/037A08.JPG,8
images/072A29.JPG,29
images/040A19.JPG,19
images/076A11.JPG,11
images/053A06.JPG,6
images/072A02.JPG,2
images/062A38.JPG,38
images/079A12.JPG,12
images/071A40.JPG,40
images/053A11.JPG,11
images/062A35.JPG,35
images/071A10.JPG,10
images/042A20.JPG,20
images/043A03.JPG,3
images/019A30.JPG,30
images/007A23.JPG,23
images/017A29.JPG,29
images/025A23.JPG,23
images/018A11.JPG,11
images/042A24.JPG,24
images/075A03.JPG,3
images/045A12.JPG,12
images/050A03.JPG,3
images/026A04.JPG,4
images/002A29.JPG,29
images/010A06.JPG,6
images/056A01.JPG,1
images/043A27.JPG,27
images/080A02.JPG,2
images/061A30.JPG,30
images/056A10.JPG,10
images/020A20.JPG,20
images/015A04.JPG,4
images/045A40.JPG,40
images/075A11.JPG,11
images/002A07.JPG,7
images/041A21.JPG,21
images/040A10.JPG,10
images/082A16.JPG,16
images/015A10.JPG,10
images/048A54.JPG,54
images/081A10.JPG,10
images/024A07.JPG,7
images/042A06.JPG,6
images/057A00.JPG,0
images/017A22.JPG,22
images/079A07.JPG,7
images/011A42.JPG,42
images/081A00.JPG,0
images/071A22.JPG,22
images/073A07.JPG,7
images/009A00.JPG,0
images/032A24.JPG,24
images/076A03.JPG,3
images/041A24.JPG,24
images/025A18.JPG,18
images/032A18.JPG,18
images/068A13.JPG,13
images/064A04.JPG,4
images/072A19.JPG,19
images/015A12.JPG,12
images/011A20.JPG,20
images/038A17.JPG,17
images/065A12.JPG,12
images/073A13.JPG,13
images/061A18.JPG,18
images/003A25.JPG,25
images/002A15.JPG,15
images/029A20.JPG,20
images/058A10.JPG,10
images/018A22.JPG,22
images/046A14.JPG,14
images/017A12.JPG,12
images/045A06.JPG,6
images/021A23.JPG,23
images/003A60.JPG,60
images/033A14.JPG,14
images/073A11.JPG,11
images/026A00.JPG,0
images/009A01.JPG,1
images/065A07b.JPG,7
images/065A03b.JPG,3
images/065A03a.JPG,3
images/073A15.JPG,15
images/024A23.JPG,23
images/038A08.JPG,8
images/061A10.JPG,10
images/082A31.JPG,31
images/061A29.JPG,29
images/062A03.JPG,3
images/024A00.JPG,0
images/071A44.JPG,44
images/040A09.JPG,9
images/041A06.JPG,6
images/056A04.JPG,4
images/058A04.JPG,4
images/068A00.JPG,0
images/079A06.JPG,6
images/079A13.JPG,13
images/047A45.JPG,45
images/014A30.JPG,30
images/058A17.JPG,17
images/064A19.JPG,19
images/039A05.JPG,5
images/039A50.JPG,50
images/071A43.JPG,43
images/017A19.JPG,19
images/047A12.JPG,12
images/019A03.JPG,3
images/045A48.JPG,48
images/053A12.JPG,12
images/020A36.JPG,36
images/026A07.JPG,7
images/070A12.JPG,12
images/015A05.JPG,5
images/025A12.JPG,12
images/046A20.JPG,20
images/010A05.JPG,5
images/040A03a.JPG,3
images/003A23.JPG,23
images/032A13.JPG,13
images/040A05.JPG,5
images/079A10.JPG,10
images/018A33.JPG,33
images/033A05.JPG,5
images/048A46.JPG,46
images/043A10.JPG,10
images/079A09.JPG,9
images/011A40.JPG,40
images/080A09.JPG,9
images/082A22.JPG,22
images/076A16.JPG,16
images/080A10.JPG,10
images/037A18.JPG,18
images/002A31.JPG,31
images/039A10.JPG,10
images/006A40.JPG,40
images/080A03.JPG,3
images/050A06.JPG,6
images/021A27.JPG,27
images/071A23.JPG,23
images/082A18.JPG,18
images/002A36.JPG,36
images/024A17.JPG,17
images/006A69.JPG,69
images/071A35.JPG,35
images/003A51.JPG,51
images/073A09.JPG,9
images/077A13.JPG,13
images/047A05.JPG,5
images/076A13.JPG,13
images/046A18.JPG,18
images/011A17.JPG,17
images/046A02.JPG,2
images/017A38.JPG,38
images/037A02.JPG,2
images/082A27.JPG,27
images/076A12.JPG,12
images/009A14.JPG,14
images/003A20.JPG,20
images/068A03.JPG,3
images/082A00.JPG,0
images/029A16.JPG,16
images/050A00.JPG,0
images/076A00.JPG,0
images/020A16.JPG,16
images/073A04.JPG,4
images/073A03.JPG,3
images/070A02.JPG,2
images/068A14.JPG,14
images/032A10.JPG,10
images/017A15.JPG,15
images/009A11.JPG,11
images/038A05.JPG,5
images/002A12.JPG,12
images/068A10b.JPG,10
images/024A28.JPG,28
images/062A47.JPG,47
images/021A18.JPG,18
images/040A16.JPG,16
images/071A00.JPG,0
images/002A26.JPG,26
images/079A01.JPG,1
images/047A20.JPG,20
images/047A33.JPG,33
images/081A03.JPG,3
images/020A22.JPG,22
images/024A10.JPG,10
images/006A24.JPG,24
images/046A04.JPG,4
images/079A00.JPG,0
images/048A09.JPG,9
images/029A33.JPG,33
images/077A01.JPG,1
images/038A00.JPG,0
images/072A27.JPG,27
images/020A04.JPG,4
images/009A03.JPG,3
images/057A07.JPG,7
images/045A17.JPG,17
images/057A06.JPG,6
images/053A04.JPG,4
images/077A11.JPG,11
images/046A10.JPG,10
images/019A18.JPG,18
images/077A04.JPG,4
images/061A25.JPG,25
images/024A30.JPG,30
images/027A02.JPG,2
images/039A11.JPG,11
images/038A11.JPG,11
images/029A29.JPG,29
images/068A04.JPG,4
images/006A67.JPG,67
images/007A18.JPG,18
images/038A23.JPG,23
images/007A22.JPG,22
images/003A35.JPG,35
images/021A39.JPG,39
images/042A10.JPG,10
images/072A14.JPG,14
images/073A16.JPG,16
images/061A26.JPG,26
images/006A28.JPG,28
images/065A06a.JPG,6
images/070A01.JPG,1
images/046A12.JPG,12
images/045A32.JPG,32
images/025A03.JPG,3
images/015A00.JPG,0
images/027A36.JPG,36
images/002A16.JPG,16
images/062A45.JPG,45
images/007A26.JPG,26
images/082A21.JPG,21
images/076A02.JPG,2
images/037A06.JPG,6
images/082A25.JPG,25
images/002A05.JPG,5
images/037A09.JPG,9
images/045A19.JPG,19
images/053A08.JPG,8
images/080A08.JPG,8
images/010A15.JPG,15
images/039A13.JPG,13
images/064A10.JPG,10
images/021A11.JPG,11
