images/074A06.JPG,6
images/061A17.JPG,17
images/081A01.JPG,1
images/010A12.JPG,12
images/040A03a.JPG,3
images/047A12.JPG,12
images/029A04.JPG,4
images/078A12.JPG,12
images/013A08.JPG,8
images/001A08.JPG,8
images/063A04.JPG,4
images/075A03.JPG,3
images/004A63.JPG,63
images/064A10.JPG,10
images/082A31.JPG,31
images/013A00.JPG,0
images/045A06.JPG,6
images/065A03a.JPG,3
images/044A05.JPG,5
images/029A10.JPG,10
images/026A19.JPG,19
images/050A10.JPG,10
images/014A12.JPG,12
images/009A09.JPG,9
images/047A55.JPG,55
images/004A21.JPG,21
images/072A02.JPG,2
images/077A13.JPG,13
images/036A11.JPG,11
images/048A11.JPG,11
images/022A27.JPG,27
images/077A12.JPG,12
images/002A21.JPG,21
images/065A02b.JPG,2
images/010A04.JPG,4
images/069A05.JPG,5
images/050A16.JPG,16
images/029A13.JPG,13
images/060A12.JPG,12
images/069A07.JPG,7
images/077A00.JPG,0
images/010A01.JPG,1
images/037A06.JPG,6
images/002A26.JPG,26
images/023A18.JPG,18
images/002A07.JPG,7
images/044A25.JPG,25
images/052A19.JPG,19
images/054A09.JPG,9
images/047A27.JPG,27
images/013A25.JPG,25
images/028A35.JPG,35
images/035A14.JPG,14
images/009A22a.JPG,22
images/020A08.JPG,8
images/074A03.JPG,3
images/026A18.JPG,18
images/022A28.JPG,28
images/073A03.JPG,3
images/065A10.JPG,10
images/045A19.JPG,19
images/038A05.JPG,5
images/021A16.JPG,16
images/061A06.JPG,6
images/038A11.JPG,11
images/041A24.JPG,24
images/072A45.JPG,45
images/026A06.JPG,6
images/040A06.JPG,6
images/035A16.JPG,16
images/068A11.JPG,11
images/019A18.JPG,18
images/049A10.JPG,10
images/053A08.JPG,8
images/028A16.JPG,16
images/026A04.JPG,4
images/004A51.JPG,51
images/047A15.JPG,15
images/060A06.JPG,6
images/078A14.JPG,14
images/055A06.JPG,6
images/060A08.JPG,8
images/044A07.JPG,7
images/013A44.JPG,44
images/050A22.JPG,22
images/025A12.JPG,12
images/015A10.JPG,10
images/025A03.JPG,3
images/032A08.JPG,8
images/040A12.JPG,12
images/065A03b.JPG,3
images/036A01.JPG,1
images/032A24.JPG,24
images/026A11.JPG,11
images/061A10.JPG,10
images/013A18.JPG,18
images/015A19.JPG,19
images/038A21.JPG,21
images/035A00.JPG,0
images/055A04.JPG,4
images/061A25.JPG,25
images/013A16.JPG,16
images/073A05.JPG,5
images/002A36.JPG,36
images/052A13.JPG,13
images/044A18.JPG,18
images/063A18.JPG,18
images/045A03.JPG,3
images/051A02.JPG,2
images/025A18.JPG,18
images/040A14.JPG,14
images/045A32.JPG,32
images/001A02.JPG,2
images/037A09.JPG,9
images/010A15.JPG,15
images/049A17.JPG,17
images/074A07.JPG,7
images/048A18.JPG,18
images/020A20.JPG,20
images/060A11.JPG,11
images/073A04.JPG,4
images/010A07a.JPG,7
images/035A12.JPG,12
images/078A07.JPG,7
images/022A18.JPG,18
images/045A40.JPG,40
images/009A00.JPG,0
images/051A16.JPG,16
images/028A26.JPG,26
images/040A00.JPG,0
images/049A06.JPG,6
images/073A13.JPG,13
images/054A17.JPG,17
images/071A24.JPG,24
images/041A00.JPG,0
images/071A10.JPG,10
images/051A12.JPG,12
images/029A01.JPG,1
images/069A11.JPG,11
images/035A08.JPG,8
images/072A11.JPG,11
images/001A43a.JPG,43
images/022A25.JPG,25
images/009A14.JPG,14
images/047A13.JPG,13
images/053A11.JPG,11
images/072A34.JPG,34
images/029A23.JPG,23
images/060A04.JPG,4
images/041A09.JPG,9
images/035A21.JPG,21
images/015A01.JPG,1
images/022A30.JPG,30
images/077A01.JPG,1
images/048A15.JPG,15
images/081A10.JPG,10
images/051A08.JPG,8
images/078A01.JPG,1
images/071A40.JPG,40
images/002A05.JPG,5
images/029A11.JPG,11
images/045A25.JPG,25
images/054A02.JPG,2
images/065A09.JPG,9
images/065A12.JPG,12
images/028A41.JPG,41
images/054A06.JPG,6
images/048A50.JPG,50
images/023A21.JPG,21
images/071A27.JPG,27
images/041A02.JPG,2
images/020A36.JPG,36
images/023A14.JPG,14
images/071A43.JPG,43
images/004A30.JPG,30
images/019A15.JPG,15
images/002A23.JPG,23
images/028A14.JPG,14
images/010A10.JPG,10
images/078A05.JPG,5
images/070A12.JPG,12
images/002A03.JPG,3
images/055A14.JPG,14
images/049A16.JPG,16
images/004A19.JPG,19
images/035A23b.JPG,23
images/036A06.JPG,6
images/029A22.JPG,22
images/067A28.JPG,28
images/067A39.JPG,39
images/036A20.JPG,20
images/075A11.JPG,11
images/038A08.JPG,8
images/020A18.JPG,18
images/060A19.JPG,19
images/021A03.JPG,3
images/073A01.JPG,1
images/069A00.JPG,0
images/025A15.JPG,15
images/026A17.JPG,17
images/004A26.JPG,26
images/055A05.JPG,5
images/052A07.JPG,7
images/081A11.JPG,11
images/014A30.JPG,30
images/040A05.JPG,5
images/061A32.JPG,32
images/038A34.JPG,34
images/060A10.JPG,10
images/072A14.JPG,14
images/020A26.JPG,26
images/002A18.JPG,18
images/020A13.JPG,13
images/020A02.JPG,2
images/001A28.JPG,28
images/061A04.JPG,4
images/001A19.JPG,19
images/022A00.JPG,0
images/061A07.JPG,7
images/053A06.JPG,6
images/078A04.JPG,4
images/019A23.JPG,23
images/035A23a.JPG,23
images/054A11.JPG,11
images/047A45.JPG,45
images/002A16.JPG,16
images/002A31.JPG,31
images/060A20.JPG,20
images/078A15.JPG,15
images/032A15.JPG,15
images/074A10.JPG,10
images/038A17.JPG,17
images/055A22.JPG,22
images/036A17.JPG,17
images/064A04.JPG,4
images/029A29.JPG,29
images/050A00.JPG,0
images/054A00.JPG,0
images/025A39.JPG,39
images/074A11.JPG,11
images/051A15.JPG,15
images/048A46.JPG,46
images/010A05.JPG,5
images/022A20.JPG,20
images/021A06.JPG,6
images/071A23.JPG,23
images/068A10b.JPG,10
images/075A06.JPG,6
images/068A14.JPG,14
images/075A05.JPG,5
images/035A18.JPG,18
images/078A10.JPG,10
images/001A14.JPG,14
images/047A05.JPG,5
images/063A25.JPG,25
images/015A12.JPG,12
images/029A16.JPG,16
images/051A00.JPG,0
images/020A22.JPG,22
images/077A14.JPG,14
images/063A20.JPG,20
images/067A21.JPG,21
images/026A13.JPG,13
images/023A29.JPG,29
images/047A11.JPG,11
images/047A33.JPG,33
images/068A13.JPG,13
images/015A00.JPG,0
images/035A05.JPG,5
images/068A10a.JPG,10
images/035A07.JPG,7
images/015A07.JPG,7
images/019A30.JPG,30
images/052A02.JPG,2
images/038A14.JPG,14
images/045A12.JPG,12
images/067A04.JPG,4
images/021A39.JPG,39
images/004A53.JPG,53
images/055A12.JPG,12
images/052A20.JPG,20
images/063A22.JPG,22
images/081A02.JPG,2
images/026A15.JPG,15
images/036A05.JPG,5
images/070A01.JPG,1
images/002A29.JPG,29
images/069A10.JPG,10
images/032A28.JPG,28
images/067A14.JPG,14
images/029A33.JPG,33
images/047A23.JPG,23
images/023A00.JPG,0
images/077A16.JPG,16
images/040A09.JPG,9
images/067A30.JPG,30
images/026A07.JPG,7
images/023A09.JPG,9
images/061A19.JPG,19
images/004A40.JPG,40
images/054A19.JPG,19
images/010A18.JPG,18
images/037A01.JPG,1
images/028A37.JPG,37
images/081A12.JPG,12
images/013A21.JPG,21
images/001A43b.JPG,43
images/045A48.JPG,48
images/032A10.JPG,10
images/038A23.JPG,23
images/070A08.JPG,8
images/051A18.JPG,18
images/048A54.JPG,54
images/004A48.JPG,48
images/048A49.JPG,49
images/019A12.JPG,12
images/001A22.JPG,22
images/044A03.JPG,3
images/021A11.JPG,11
images/013A23.JPG,23
images/040A19.JPG,19
images/002A12.JPG,12
images/072A13.JPG,13
images/073A07.JPG,7
images/073A12.JPG,12
images/053A02.JPG,2
images/028A34.JPG,34
images/071A45.JPG,45
images/053A13.JPG,13
images/051A05.JPG,5
images/064A01.JPG,1
images/081A00.JPG,0
images/048A00.JPG,0
images/009A13.JPG,13
images/048A30.JPG,30
images/032A18.JPG,18
images/037A18.JPG,18
images/068A03.JPG,3
images/015A15.JPG,15
images/055A23.JPG,23
images/050A03.JPG,3
images/010A16.JPG,16
images/070A00.JPG,0
images/041A06.JPG,6
images/077A08.JPG,8
images/001A16.JPG,16
images/064A15.JPG,15
images/040A16.JPG,16
images/021A05.JPG,5
images/028A20.JPG,20
images/072A27.JPG,27
images/073A09.JPG,9
images/048A33.JPG,33
images/050A14.JPG,14
images/040A10.JPG,10
images/040A07.JPG,7
images/073A16.JPG,16
images/052A10.JPG,10
images/054A16.JPG,16
images/069A03.JPG,3
images/025A28.JPG,28
images/077A03.JPG,3
images/014A42.JPG,42
images/013A30.JPG,30
images/020A04.JPG,4
images/001A10.JPG,10
images/035A01.JPG,1
images/041A19.JPG,19
images/032A13.JPG,13
images/069A06.JPG,6
images/082A22.JPG,22
images/004A62.JPG,62
images/077A06.JPG,6
images/001A33.JPG,33
images/020A30.JPG,30
images/014A03.JPG,3
images/065A07a.JPG,7
images/075A02.JPG,2
images/070A06.JPG,6
images/036A08.JPG,8
images/069A13.JPG,13
images/015A05.JPG,5
images/073A08.JPG,8
images/029A31.JPG,31
images/021A35.JPG,35
images/045A43.JPG,43
images/001A18.JPG,18
images/010A06.JPG,6
images/032A33.JPG,33
images/025A07.JPG,7
images/028A18.JPG,18
images/040A03b.JPG,3
images/054A10.JPG,10
images/022A11.JPG,11
images/041A21.JPG,21
images/063A33.JPG,33
images/019A05.JPG,5
images/015A14.JPG,14
images/035A09.JPG,9
images/054A12.JPG,12
images/070A07.JPG,7
images/044A01.JPG,1
images/025A22.JPG,22
images/067A23.JPG,23
images/009A01.JPG,1
images/052A04.JPG,4
images/013A41.JPG,41
images/053A12.JPG,12
images/037A08.JPG,8
images/015A03.JPG,3
images/038A00.JPG,0
images/069A02.JPG,2
images/049A05.JPG,5
images/068A00.JPG,0
images/021A20.JPG,20
images/002A04.JPG,4
images/002A15.JPG,15
images/023A22.JPG,22
images/068A04.JPG,4
images/035A03.JPG,3
images/078A03.JPG,3
images/052A14.JPG,14
images/020A11.JPG,11
images/041A20.JPG,20
images/020A24.JPG,24
images/022A23.JPG,23
images/081A03.JPG,3
images/038A13.JPG,13
images/082A27.JPG,27
images/021A23.JPG,23
images/061A26.JPG,26
images/044A15.JPG,15
images/038A10.JPG,10
images/067A33.JPG,33
images/074A09.JPG,9
images/038A01.JPG,1
images/025A23.JPG,23
images/077A09.JPG,9
images/025A00.JPG,0
images/072A41.JPG,41
images/078A02.JPG,2
images/072A19.JPG,19
images/060A17.JPG,17
images/014A40.JPG,40
images/070A03.JPG,3
images/077A10.JPG,10
images/074A04.JPG,4
images/075A10.JPG,10
images/077A11.JPG,11
images/077A07.JPG,7
images/065A08.JPG,8
images/002A20.JPG,20
images/023A16.JPG,16
images/023A07.JPG,7
images/070A14.JPG,14
images/022A26.JPG,26
images/064A03.JPG,3
images/015A17.JPG,17
images/023A25.JPG,25
images/009A11.JPG,11
images/037A11.JPG,11
images/077A15.JPG,15
images/049A15.JPG,15
images/010A09.JPG,9
images/053A15.JPG,15
images/065A04.JPG,4
images/026A00.JPG,0
images/082A21.JPG,21
images/065A02a.JPG,2
images/078A08.JPG,8
images/053A10.JPG,10
images/037A17.JPG,17
images/036A18.JPG,18
images/052A17.JPG,17
images/037A04.JPG,4
images/082A25.JPG,25
images/077A04.JPG,4
images/044A21.JPG,21
images/054A18.JPG,18
images/078A06.JPG,6
images/022A16.JPG,16
images/070A09.JPG,9
images/025A34.JPG,34
images/038A04.JPG,4
images/073A14.JPG,14
images/052A18.JPG,18
images/082A16.JPG,16
images/022A07.JPG,7
images/001A29.JPG,29
images/037A02.JPG,2
images/082A23.JPG,23
images/021A30.JPG,30
images/049A08.JPG,8
images/055A08.JPG,8
images/010A07b.JPG,7
images/074A00.JPG,0
images/036A00.JPG,0
images/078A13.JPG,13
images/001A40.JPG,40
images/054A13.JPG,13
images/082A03.JPG,3
images/082A20.JPG,20
images/041A04.JPG,4
images/074A13.JPG,13
images/014A14.JPG,14
images/048A52.JPG,52
images/075A00.JPG,0
images/045A08.JPG,8
images/052A16.JPG,16
images/021A27.JPG,27
images/019A03.JPG,3
images/070A05.JPG,5
images/069A09.JPG,9
images/071A35.JPG,35
images/073A11.JPG,11
images/048A09.JPG,9
images/009A18.JPG,18
images/045A28.JPG,28
images/071A00.JPG,0
images/037A00.JPG,0
images/036A03.JPG,3
images/081A07.JPG,7
images/061A30.JPG,30
images/051A14.JPG,14
images/023A03.JPG,3
images/071A42.JPG,42
images/065A11.JPG,11
images/060A07.JPG,7
images/002A38.JPG,38
images/068A12.JPG,12
images/048A27.JPG,27
images/074A01.JPG,1
images/038A03.JPG,3
images/071A22.JPG,22
images/015A04.JPG,4
images/048A10.JPG,10
images/021A18.JPG,18
images/063A09.JPG,9
images/072A17.JPG,17
images/001A05.JPG,5
images/050A06.JPG,6
images/009A22b.JPG,22
images/073A02.JPG,2
images/060A05.JPG,5
images/075A07.JPG,7
images/072A21.JPG,21
images/078A09.JPG,9
images/029A05.JPG,5
images/045A17.JPG,17
images/053A03.JPG,3
images/004A28.JPG,28
images/074A08.JPG,8
images/026A02.JPG,2
images/061A15.JPG,15
images/051A17.JPG,17
images/063A08.JPG,8
images/029A20.JPG,20
images/054A04.JPG,4
images/049A07.JPG,7
images/071A18.JPG,18
images/067A17.JPG,17
images/078A11.JPG,11
images/071A44.JPG,44
images/020A16.JPG,16
images/014A18.JPG,18
images/047A20.JPG,20
images/049A04.JPG,4
images/036A19.JPG,19
images/074A05.JPG,5
images/072A07.JPG,7
images/073A15.JPG,15
images/023A05.JPG,5
images/051A24.JPG,24
images/073A00.JPG,0
images/036A15.JPG,15
images/009A16a.JPG,16
images/067A26.JPG,26
images/022A14.JPG,14
images/075A01.JPG,1
images/064A19.JPG,19
images/044A17.JPG,17
images/045A18.JPG,18
images/075A08.JPG,8
images/053A00.JPG,0
images/050A18.JPG,18
images/048A16.JPG,16
images/069A04.JPG,4
images/037A13.JPG,13
images/074A14.JPG,14
images/047A18.JPG,18
images/081A08.JPG,8
images/025A19.JPG,19
images/082A18.JPG,18
images/004A37.JPG,37
images/044A13.JPG,13
images/081A06.JPG,6
images/032A06.JPG,6
images/074A02.JPG,2
images/074A15.JPG,15
images/065A06a.JPG,6
images/036A13.JPG,13
images/070A02.JPG,2
images/032A35.JPG,35
images/077A02.JPG,2
images/082A00.JPG,0
images/009A05.JPG,5
images/073A06.JPG,6
images/047A09.JPG,9
images/049A12.JPG,12
images/019A07.JPG,7
images/019A27.JPG,27
images/040A21.JPG,21
images/072A25.JPG,25
images/053A18.JPG,18
images/014A16.JPG,16
images/047A06.JPG,6
images/032A40.JPG,40
images/015A09.JPG,9
images/041A13.JPG,13
images/013A19.JPG,19
images/081A05.JPG,5
images/009A03.JPG,3
images/061A29.JPG,29
images/060A02.JPG,2
images/013A34.JPG,34
images/014A22.JPG,22
images/061A18.JPG,18
images/028A28.JPG,28
images/040A02.JPG,2
images/065A07b.JPG,7
images/063A00.JPG,0
images/037A19.JPG,19
images/053A01.JPG,1
images/065A13.JPG,13
images/081A04.JPG,4
images/048A17.JPG,17
images/063A02.JPG,2
images/065A06b.JPG,6
images/068A09.JPG,9
images/014A36.JPG,36
images/078A00.JPG,0
images/028A46.JPG,46
images/009A16b.JPG,16
images/019A00.JPG,0
images/032A20.JPG,20
images/072A29.JPG,29
images/053A04.JPG,4
images/074A12.JPG,12
