images/009A03.JPG,3
images/074A12.JPG,12
images/031A07.JPG,7
images/077A08.JPG,8
images/078A00.JPG,0
images/047A55.JPG,55
images/053A18.JPG,18
images/040A03a.JPG,3
images/081A03.JPG,3
images/064A04.JPG,4
images/025A07.JPG,7
images/031A14.JPG,14
images/017A07.JPG,7
images/068A04.JPG,4
images/040A14.JPG,14
images/033A30.JPG,30
images/054A02.JPG,2
images/017A19.JPG,19
images/076A05.JPG,5
images/001A43a.JPG,43
images/038A03.JPG,3
images/029A11.JPG,11
images/026A13.JPG,13
images/059A16.JPG,16
images/026A00.JPG,0
images/009A14.JPG,14
images/078A07.JPG,7
images/077A02.JPG,2
images/062A30.JPG,30
images/004A48.JPG,48
images/042A18.JPG,18
images/045A43.JPG,43
images/034A30.JPG,30
images/051A00.JPG,0
images/002A36.JPG,36
images/072A25.JPG,25
images/055A06.JPG,6
images/036A08.JPG,8
images/071A24.JPG,24
images/077A16.JPG,16
images/071A00.JPG,0
images/008A12.JPG,12
images/011A42.JPG,42
images/025A19.JPG,19
images/063A08.JPG,8
images/079A09.JPG,9
images/032A13.JPG,13
images/072A19.JPG,19
images/057A25.JPG,25
images/012A27.JPG,27
images/081A08.JPG,8
images/073A05.JPG,5
images/074A15.JPG,15
images/062A15.JPG,15
images/056A03.JPG,3
images/036A06.JPG,6
images/081A06.JPG,6
images/004A53.JPG,53
images/063A20.JPG,20
images/017A05.JPG,5
images/071A44.JPG,44
images/040A07.JPG,7
images/001A14.JPG,14
images/054A00.JPG,0
images/003A20.JPG,20
images/045A06.JPG,6
images/069A06.JPG,6
images/029A29.JPG,29
images/053A04.JPG,4
images/059A02b.JPG,2
images/024A19.JPG,19
images/042A01.JPG,1
images/026A07.JPG,7
images/062A03.JPG,3
images/079A03.JPG,3
images/052A20.JPG,20
images/063A02.JPG,2
images/008A13.JPG,13
images/051A02.JPG,2
images/023A29.JPG,29
images/055A22.JPG,22
images/074A01.JPG,1
images/006A28.JPG,28
images/080A10.JPG,10
images/054A17.JPG,17
images/052A17.JPG,17
images/040A06.JPG,6
images/056A06.JPG,6
images/042A28.JPG,28
images/033A18.JPG,18
images/006A46.JPG,46
images/018A18.JPG,18
images/079A05.JPG,5
images/056A12.JPG,12
images/073A00.JPG,0
images/038A17.JPG,17
images/045A12.JPG,12
images/077A03.JPG,3
images/040A03b.JPG,3
images/029A01.JPG,1
images/073A15.JPG,15
images/052A14.JPG,14
images/034A16.JPG,16
images/080A05.JPG,5
images/018A16.JPG,16
images/034A04.JPG,4
images/048A30.JPG,30
images/025A23.JPG,23
images/029A10.JPG,10
images/036A01.JPG,1
images/001A22.JPG,22
images/072A02.JPG,2
images/080A06.JPG,6
images/008A03.JPG,3
images/009A22b.JPG,22
images/072A41.JPG,41
images/045A25.JPG,25
images/017A17.JPG,17
images/023A21.JPG,21
images/005A52.JPG,52
images/064A19.JPG,19
images/053A15.JPG,15
images/081A07.JPG,7
images/029A31.JPG,31
images/005A35.JPG,35
images/076A02.JPG,2
images/048A11.JPG,11
images/014A40.JPG,40
images/064A01.JPG,1
images/014A12.JPG,12
images/029A16.JPG,16
images/032A06.JPG,6
images/025A15.JPG,15
images/079A04.JPG,4
images/026A02.JPG,2
images/004A63.JPG,63
images/070A01.JPG,1
images/006A51.JPG,51
images/063A09.JPG,9
images/011A11.JPG,11
images/063A25.JPG,25
images/002A38.JPG,38
images/059A03.JPG,3
images/056A15.JPG,15
images/031A09.JPG,9
images/074A03.JPG,3
images/079A08.JPG,8
images/071A35.JPG,35
images/070A06.JPG,6
images/023A05.JPG,5
images/045A03.JPG,3
images/069A10.JPG,10
images/004A30.JPG,30
images/018A22.JPG,22
images/047A05.JPG,5
images/047A23.JPG,23
images/003A60.JPG,60
images/042A00.JPG,0
images/003A49.JPG,49
images/026A04.JPG,4
images/048A10.JPG,10
images/005A45.JPG,45
images/080A00.JPG,0
images/070A08.JPG,8
images/002A07.JPG,7
images/048A16.JPG,16
images/073A01.JPG,1
images/008A30.JPG,30
images/008A18.JPG,18
images/051A14.JPG,14
images/038A08.JPG,8
images/077A04.JPG,4
images/074A09.JPG,9
images/011A30.JPG,30
images/001A28.JPG,28
images/072A11.JPG,11
images/001A08.JPG,8
images/004A51.JPG,51
images/031A06.JPG,6
images/042A10.JPG,10
images/068A14.JPG,14
images/006A40.JPG,40
images/052A19.JPG,19
images/069A09.JPG,9
images/051A16.JPG,16
images/002A29.JPG,29
images/072A27.JPG,27
images/074A04.JPG,4
images/038A23.JPG,23
images/079A06.JPG,6
images/077A12.JPG,12
images/032A35.JPG,35
images/026A11.JPG,11
images/005A30.JPG,30
images/012A34.JPG,34
images/079A11.JPG,11
images/057A07.JPG,7
images/051A24.JPG,24
images/034A13.JPG,13
images/073A11.JPG,11
images/073A09.JPG,9
images/031A19.JPG,19
images/008A33.JPG,33
images/040A05.JPG,5
images/018A28.JPG,28
images/005A49.JPG,49
images/024A28.JPG,28
images/078A13.JPG,13
images/038A04.JPG,4
images/001A18.JPG,18
images/078A03.JPG,3
images/001A43b.JPG,43
images/080A07.JPG,7
images/036A17.JPG,17
images/011A15.JPG,15
images/034A11.JPG,11
images/032A20.JPG,20
images/031A04.JPG,4
images/059A07.JPG,7
images/025A00.JPG,0
images/014A16.JPG,16
images/048A27.JPG,27
images/048A18.JPG,18
images/042A06.JPG,6
images/009A22a.JPG,22
images/025A34.JPG,34
images/045A17.JPG,17
images/023A25.JPG,25
images/062A18.JPG,18
images/009A11.JPG,11
images/018A11.JPG,11
images/002A26.JPG,26
images/069A05.JPG,5
images/009A13.JPG,13
images/008A08.JPG,8
images/009A18.JPG,18
images/069A04.JPG,4
images/072A29.JPG,29
images/081A12.JPG,12
images/076A09.JPG,9
images/074A10.JPG,10
images/059A14.JPG,14
images/024A23.JPG,23
images/018A25.JPG,25
images/053A02.JPG,2
images/055A14.JPG,14
images/047A45.JPG,45
images/042A04.JPG,4
images/074A00.JPG,0
images/008A29.JPG,29
images/038A14.JPG,14
images/001A02.JPG,2
images/053A03.JPG,3
images/002A03.JPG,3
images/056A01.JPG,1
images/042A12.JPG,12
images/006A24.JPG,24
images/002A05.JPG,5
images/072A17.JPG,17
images/012A30.JPG,30
images/002A20.JPG,20
images/063A04.JPG,4
images/045A19.JPG,19
images/076A11.JPG,11
images/068A00.JPG,0
images/054A06.JPG,6
images/002A12.JPG,12
images/034A02.JPG,2
images/045A48.JPG,48
images/047A11.JPG,11
images/038A05.JPG,5
images/042A24.JPG,24
images/014A03.JPG,3
images/080A03.JPG,3
images/003A35.JPG,35
images/062A47.JPG,47
images/008A16.JPG,16
images/006A42.JPG,42
images/032A28.JPG,28
images/054A18.JPG,18
images/002A31.JPG,31
images/074A11.JPG,11
images/029A33.JPG,33
images/004A21.JPG,21
images/078A10.JPG,10
images/063A18.JPG,18
images/031A03.JPG,3
images/023A22.JPG,22
images/080A12.JPG,12
images/048A52.JPG,52
images/017A15.JPG,15
images/012A07.JPG,7
images/048A09.JPG,9
images/040A02.JPG,2
images/059A06.JPG,6
images/051A18.JPG,18
images/081A11.JPG,11
images/014A18.JPG,18
images/040A12.JPG,12
images/023A16.JPG,16
images/026A06.JPG,6
images/038A13.JPG,13
images/079A12.JPG,12
images/006A55.JPG,55
images/012A18.JPG,18
images/001A29.JPG,29
images/053A06.JPG,6
images/068A10b.JPG,10
images/012A04.JPG,4
images/055A04.JPG,4
images/047A13.JPG,13
images/072A45.JPG,45
images/072A34.JPG,34
images/071A23.JPG,23
images/029A04.JPG,4
images/025A28.JPG,28
images/012A36.JPG,36
images/062A53.JPG,53
images/047A12.JPG,12
images/077A00.JPG,0
images/045A18.JPG,18
images/054A11.JPG,11
images/056A10.JPG,10
images/031A00.JPG,0
images/009A16a.JPG,16
images/070A00.JPG,0
images/018A29.JPG,29
images/062A35.JPG,35
images/024A07.JPG,7
images/002A23.JPG,23
images/048A17.JPG,17
images/005A61.JPG,61
images/069A02.JPG,2
images/033A44.JPG,44
images/023A09.JPG,9
images/038A21.JPG,21
images/001A10.JPG,10
images/054A09.JPG,9
images/073A07.JPG,7
images/064A10.JPG,10
images/034A21.JPG,21
images/062A16.JPG,16
images/051A05.JPG,5
images/014A22.JPG,22
images/024A18.JPG,18
images/009A05.JPG,5
images/073A12.JPG,12
images/054A13.JPG,13
images/038A00.JPG,0
images/038A01.JPG,1
images/036A13.JPG,13
images/062A38.JPG,38
images/042A20.JPG,20
images/009A09.JPG,9
images/076A16.JPG,16
images/053A11.JPG,11
images/048A49.JPG,49
images/070A03.JPG,3
images/071A45.JPG,45
images/070A14.JPG,14
images/081A02.JPG,2
images/036A00.JPG,0
images/047A09.JPG,9
images/076A15.JPG,15
images/078A11.JPG,11
images/033A21.JPG,21
images/003A51.JPG,51
images/072A21.JPG,21
images/052A10.JPG,10
images/036A05.JPG,5
images/001A33.JPG,33
images/012A26.JPG,26
images/077A10.JPG,10
images/033A14.JPG,14
images/081A01.JPG,1
images/033A25.JPG,25
images/074A05.JPG,5
images/025A22.JPG,22
images/076A06.JPG,6
images/025A39.JPG,39
images/080A14.JPG,14
images/077A15.JPG,15
images/036A15.JPG,15
images/053A12.JPG,12
images/012A23.JPG,23
images/004A37.JPG,37
images/045A32.JPG,32
images/081A00.JPG,0
images/025A03.JPG,3
images/004A26.JPG,26
images/073A13.JPG,13
images/008A17.JPG,17
images/002A18.JPG,18
images/051A15.JPG,15
images/055A12.JPG,12
images/009A16b.JPG,16
images/048A15.JPG,15
images/054A19.JPG,19
images/079A07.JPG,7
images/006A61.JPG,61
images/032A24.JPG,24
images/054A16.JPG,16
images/040A21.JPG,21
images/063A00.JPG,0
images/053A08.JPG,8
images/078A06.JPG,6
images/018A36.JPG,36
images/036A11.JPG,11
images/001A05.JPG,5
images/032A10.JPG,10
images/081A05.JPG,5
images/025A18.JPG,18
images/078A01.JPG,1
images/009A01.JPG,1
images/034A15.JPG,15
images/024A30.JPG,30
images/008A41.JPG,41
images/012A32.JPG,32
images/024A10.JPG,10
images/011A40.JPG,40
images/074A02.JPG,2
images/026A18.JPG,18
images/005A31.JPG,31
images/034A25.JPG,25
images/048A33.JPG,33
images/017A38.JPG,38
images/011A17.JPG,17
images/047A33.JPG,33
images/014A36.JPG,36
images/040A00.JPG,0
images/057A18.JPG,18
images/024A05.JPG,5
images/053A01.JPG,1
images/071A18.JPG,18
images/017A26.JPG,26
images/003A61.JPG,61
images/069A00.JPG,0
images/003A18.JPG,18
images/011A07.JPG,7
images/069A11.JPG,11
images/073A04.JPG,4
images/017A12.JPG,12
images/001A19.JPG,19
images/057A00.JPG,0
images/073A03.JPG,3
images/003A25.JPG,25
images/047A27.JPG,27
images/074A07.JPG,7
images/031A12.JPG,12
images/004A62.JPG,62
images/005A40.JPG,40
images/059A12.JPG,12
images/068A13.JPG,13
images/017A29.JPG,29
images/064A03.JPG,3
images/034A44.JPG,44
images/008A31.JPG,31
images/042A08.JPG,8
images/056A04.JPG,4
images/059A04.JPG,4
images/080A08.JPG,8
images/068A10a.JPG,10
images/052A18.JPG,18
images/069A13.JPG,13
images/047A15.JPG,15
images/077A13.JPG,13
images/008A06.JPG,6
images/047A06.JPG,6
images/042A05.JPG,5
images/076A13.JPG,13
images/074A13.JPG,13
images/031A02.JPG,2
images/024A00.JPG,0
images/011A34.JPG,34
images/040A09.JPG,9
images/026A15.JPG,15
images/033A39.JPG,39
images/072A14.JPG,14
images/080A01.JPG,1
images/079A10.JPG,10
images/002A04.JPG,4
images/052A04.JPG,4
images/023A00.JPG,0
images/002A16.JPG,16
images/077A11.JPG,11
images/071A40.JPG,40
images/005A48.JPG,48
images/023A18.JPG,18
images/002A21.JPG,21
images/004A19.JPG,19
images/070A12.JPG,12
images/076A03.JPG,3
images/012A12.JPG,12
images/055A08.JPG,8
images/036A18.JPG,18
images/057A16.JPG,16
images/062A54.JPG,54
images/040A19.JPG,19
images/073A14.JPG,14
images/036A19.JPG,19
images/077A14.JPG,14
images/009A00.JPG,0
images/076A14.JPG,14
images/023A03.JPG,3
images/024A17.JPG,17
images/032A08.JPG,8
images/079A01.JPG,1
images/018A06.JPG,6
images/080A13.JPG,13
images/070A07.JPG,7
images/025A12.JPG,12
images/079A13.JPG,13
images/003A38.JPG,38
images/047A20.JPG,20
images/026A19.JPG,19
images/068A12.JPG,12
images/073A06.JPG,6
images/014A14.JPG,14
images/080A02.JPG,2
images/078A15.JPG,15
images/074A06.JPG,6
images/026A17.JPG,17
images/051A08.JPG,8
images/029A23.JPG,23
images/011A13.JPG,13
images/052A13.JPG,13
images/011A14.JPG,14
images/032A18.JPG,18
images/073A16.JPG,16
images/078A08.JPG,8
images/002A15.JPG,15
images/072A13.JPG,13
images/074A08.JPG,8
images/006A36.JPG,36
images/011A05.JPG,5
images/003A47.JPG,47
images/045A40.JPG,40
images/012A21.JPG,21
images/029A13.JPG,13
images/031A16.JPG,16
images/003A23.JPG,23
images/045A08.JPG,8
images/033A10.JPG,10
images/017A36.JPG,36
images/077A06.JPG,6
images/076A12.JPG,12
images/078A14.JPG,14
images/048A00.JPG,0
images/074A14.JPG,14
images/017A22.JPG,22
images/071A42.JPG,42
images/029A22.JPG,22
images/038A34.JPG,34
images/032A15.JPG,15
images/076A07.JPG,7
images/042A14.JPG,14
images/081A04.JPG,4
images/034A35.JPG,35
images/029A20.JPG,20
images/034A39.JPG,39
images/053A13.JPG,13
images/068A09.JPG,9
images/011A20.JPG,20
images/024A25.JPG,25
images/068A03.JPG,3
images/033A02.JPG,2
images/008A35.JPG,35
images/017A42.JPG,42
images/080A09.JPG,9
images/040A10.JPG,10
images/072A07.JPG,7
images/018A33.JPG,33
images/014A30.JPG,30
images/073A08.JPG,8
images/078A04.JPG,4
images/051A12.JPG,12
images/023A14.JPG,14
images/001A40.JPG,40
images/062A45.JPG,45
images/008A21.JPG,21
images/079A02.JPG,2
images/052A16.JPG,16
images/076A04.JPG,4
images/036A03.JPG,3
images/017A32.JPG,32
images/031A11.JPG,11
images/077A09.JPG,9
images/073A02.JPG,2
images/054A04.JPG,4
images/003A58.JPG,58
images/034A18.JPG,18
images/001A16.JPG,16
images/045A28.JPG,28
images/063A22.JPG,22
images/068A11.JPG,11
images/070A09.JPG,9
images/052A07.JPG,7
images/033A05.JPG,5
images/004A28.JPG,28
images/069A03.JPG,3
images/032A33.JPG,33
images/029A05.JPG,5
images/077A01.JPG,1
images/048A54.JPG,54
images/069A07.JPG,7
images/012A25.JPG,25
images/004A40.JPG,40
images/054A12.JPG,12
images/023A07.JPG,7
images/006A67.JPG,67
images/080A04.JPG,4
images/057A06.JPG,6
images/057A05.JPG,5
images/063A33.JPG,33
images/078A05.JPG,5
images/076A17.JPG,17
images/071A10.JPG,10
images/056A02.JPG,2
images/005A24.JPG,24
images/076A10.JPG,10
images/005A18.JPG,18
images/055A23.JPG,23
images/054A10.JPG,10
images/051A17.JPG,17
images/057A17.JPG,17
images/064A15.JPG,15
images/038A10.JPG,10
images/078A02.JPG,2
images/048A46.JPG,46
images/040A16.JPG,16
images/078A12.JPG,12
images/071A27.JPG,27
images/011A02.JPG,2
images/011A27.JPG,27
images/076A00.JPG,0
images/077A07.JPG,7
images/062A41.JPG,41
images/081A10.JPG,10
images/076A01.JPG,1
images/006A31.JPG,31
images/059A02a.JPG,2
images/048A50.JPG,50
images/012A24.JPG,24
images/032A40.JPG,40
images/047A18.JPG,18
images/071A22.JPG,22
images/038A11.JPG,11
images/052A02.JPG,2
images/031A15.JPG,15
images/053A00.JPG,0
images/057A23.JPG,23
images/070A05.JPG,5
images/070A02.JPG,2
images/006A69.JPG,69
images/078A09.JPG,9
images/076A08.JPG,8
images/053A10.JPG,10
images/033A35.JPG,35
images/055A05.JPG,5
images/057A12.JPG,12
images/018A34.JPG,34
images/012A14.JPG,14
images/071A43.JPG,43
images/036A20.JPG,20
images/079A00.JPG,0
images/014A42.JPG,42
