images/008A12.JPG,12
images/033A30.JPG,30
images/055A12.JPG,12
images/012A27.JPG,27
images/044A13.JPG,13
images/017A29.JPG,29
images/048A33.JPG,33
images/055A08.JPG,8
images/061A04.JPG,4
images/010A07b.JPG,7
images/044A17.JPG,17
images/001A40.JPG,40
images/077A16.JPG,16
images/013A18.JPG,18
images/016A04.JPG,4
images/018A29.JPG,29
images/066A08.JPG,8
images/047A45.JPG,45
images/078A01.JPG,1
images/061A30.JPG,30
images/047A33.JPG,33
images/021A18.JPG,18
images/077A10.JPG,10
images/044A21.JPG,21
images/010A04.JPG,4
images/074A13.JPG,13
images/079A01.JPG,1
images/048A49.JPG,49
images/070A01.JPG,1
images/062A18.JPG,18
images/039A50.JPG,50
images/046A12.JPG,12
images/038A14.JPG,14
images/003A20.JPG,20
images/008A21.JPG,21
images/077A13.JPG,13
images/046A02.JPG,2
images/030A20.JPG,20
images/079A03.JPG,3
images/047A20.JPG,20
images/074A08.JPG,8
images/003A18.JPG,18
images/058A01.JPG,1
images/033A21.JPG,21
images/074A00.JPG,0
images/050A06.JPG,6
images/048A50.JPG,50
images/050A18.JPG,18
images/055A22.JPG,22
images/026A02.JPG,2
images/040A00.JPG,0
images/042A00.JPG,0
images/047A18.JPG,18
images/032A24.JPG,24
images/010A05.JPG,5
images/008A35.JPG,35
images/078A14.JPG,14
images/026A15.JPG,15
images/066A00.JPG,0
images/042A28.JPG,28
images/010A06.JPG,6
images/025A39.JPG,39
images/048A30.JPG,30
images/043A00.JPG,0
images/057A25.JPG,25
images/058A10.JPG,10
images/008A03.JPG,3
images/076A12.JPG,12
images/062A53.JPG,53
images/026A13.JPG,13
images/029A05.JPG,5
images/076A01.JPG,1
images/030A07.JPG,7
images/017A07.JPG,7
images/008A41.JPG,41
images/010A01.JPG,1
images/050A10.JPG,10
images/056A06.JPG,6
images/047A27.JPG,27
images/040A06.JPG,6
images/064A19.JPG,19
images/047A15.JPG,15
images/074A04.JPG,4
images/057A05.JPG,5
images/037A13.JPG,13
images/059A14.JPG,14
images/027A13.JPG,13
images/039A35.JPG,35
images/027A11.JPG,11
images/073A12.JPG,12
images/013A23.JPG,23
images/029A13.JPG,13
images/018A25.JPG,25
images/046A06.JPG,6
images/066A11.JPG,11
images/071A00.JPG,0
images/073A08.JPG,8
images/037A06.JPG,6
images/008A33.JPG,33
images/013A34.JPG,34
images/049A16.JPG,16
images/059A02b.JPG,2
images/061A15.JPG,15
images/046A04.JPG,4
images/013A21.JPG,21
images/012A36.JPG,36
images/053A13.JPG,13
images/076A13.JPG,13
images/064A03.JPG,3
images/050A14.JPG,14
images/033A25.JPG,25
images/018A33.JPG,33
images/038A23.JPG,23
images/026A04.JPG,4
images/058A02.JPG,2
images/016A14.JPG,14
images/079A09.JPG,9
images/078A04.JPG,4
images/038A13.JPG,13
images/016A01.JPG,1
images/074A11.JPG,11
images/057A23.JPG,23
images/071A22.JPG,22
images/070A06.JPG,6
images/073A13.JPG,13
images/079A13.JPG,13
images/003A25.JPG,25
images/012A34.JPG,34
images/029A20.JPG,20
images/047A23.JPG,23
images/039A02.JPG,2
images/079A07.JPG,7
images/039A52.JPG,52
images/022A30.JPG,30
images/061A10.JPG,10
images/029A22.JPG,22
images/056A10.JPG,10
images/001A14.JPG,14
images/020A13.JPG,13
images/066A10.JPG,10
images/018A28.JPG,28
images/046A20.JPG,20
images/020A18.JPG,18
images/026A00.JPG,0
images/037A11.JPG,11
images/074A09.JPG,9
images/046A00.JPG,0
images/018A18.JPG,18
images/064A15.JPG,15
images/059A03.JPG,3
images/003A23.JPG,23
images/059A04.JPG,4
images/071A35.JPG,35
images/058A17.JPG,17
images/037A09.JPG,9
images/073A02.JPG,2
images/071A40.JPG,40
images/050A03.JPG,3
images/014A30.JPG,30
images/042A20.JPG,20
images/071A24.JPG,24
images/037A08.JPG,8
images/019A00.JPG,0
images/044A03.JPG,3
images/073A04.JPG,4
images/016A03.JPG,3
images/021A35.JPG,35
images/022A16.JPG,16
images/013A00.JPG,0
images/062A16.JPG,16
images/058A05.JPG,5
images/029A04.JPG,4
images/017A19.JPG,19
images/072A11.JPG,11
images/077A06.JPG,6
images/048A11.JPG,11
images/059A12.JPG,12
images/058A06.JPG,6
images/057A06.JPG,6
images/064A01.JPG,1
images/027A02.JPG,2
images/073A06.JPG,6
images/032A35.JPG,35
images/019A27.JPG,27
images/046A10.JPG,10
images/030A17.JPG,17
images/029A23.JPG,23
images/053A03.JPG,3
images/044A05.JPG,5
images/019A07.JPG,7
images/074A05.JPG,5
images/049A15.JPG,15
images/022A18.JPG,18
images/032A06.JPG,6
images/033A18.JPG,18
images/001A02.JPG,2
images/032A28.JPG,28
images/074A15.JPG,15
images/003A51.JPG,51
images/072A21.JPG,21
images/038A10.JPG,10
images/038A01.JPG,1
images/043A03.JPG,3
images/056A15.JPG,15
images/029A31.JPG,31
images/078A06.JPG,6
images/039A05.JPG,5
images/076A06.JPG,6
images/013A16.JPG,16
images/010A16.JPG,16
images/062A30.JPG,30
images/020A30.JPG,30
images/044A07.JPG,7
images/055A14.JPG,14
images/042A10.JPG,10
images/046A18.JPG,18
images/032A33.JPG,33
images/070A03.JPG,3
images/078A07.JPG,7
images/037A00.JPG,0
images/026A11.JPG,11
images/047A55.JPG,55
images/073A11.JPG,11
images/027A25.JPG,25
images/062A45.JPG,45
images/066A02a.JPG,2
images/047A06.JPG,6
images/055A06.JPG,6
images/059A16.JPG,16
images/053A10.JPG,10
images/001A22.JPG,22
images/062A35.JPG,35
images/013A25.JPG,25
images/030A00.JPG,0
images/039A45.JPG,45
images/072A02.JPG,2
images/071A43.JPG,43
images/017A12.JPG,12
images/050A00.JPG,0
images/037A02.JPG,2
images/032A13.JPG,13
images/058A04.JPG,4
images/003A38.JPG,38
images/056A04.JPG,4
images/008A31.JPG,31
images/022A11.JPG,11
images/039A16.JPG,16
images/003A35.JPG,35
images/073A05.JPG,5
images/016A16.JPG,16
images/072A27.JPG,27
images/043A04.JPG,4
images/027A18.JPG,18
images/012A21.JPG,21
images/020A04.JPG,4
images/076A14.JPG,14
images/036A05.JPG,5
images/053A02.JPG,2
images/066A09.JPG,9
images/076A03.JPG,3
images/010A15.JPG,15
images/014A12.JPG,12
images/008A13.JPG,13
images/074A12.JPG,12
images/059A07.JPG,7
images/040A21.JPG,21
images/029A10.JPG,10
images/016A18.JPG,18
images/014A03.JPG,3
images/053A12.JPG,12
images/017A36.JPG,36
images/012A32.JPG,32
images/001A43b.JPG,43
images/019A05.JPG,5
images/040A03b.JPG,3
images/073A07.JPG,7
images/071A45.JPG,45
images/073A01.JPG,1
images/008A30.JPG,30
images/010A12.JPG,12
images/066A04.JPG,4
images/043A27.JPG,27
images/053A00.JPG,0
images/058A00.JPG,0
images/036A17.JPG,17
images/022A23.JPG,23
images/055A05.JPG,5
images/064A04.JPG,4
images/077A02.JPG,2
images/010A18.JPG,18
images/020A16.JPG,16
images/057A16.JPG,16
images/072A45.JPG,45
images/072A13.JPG,13
images/048A27.JPG,27
images/046A01.JPG,1
images/021A30.JPG,30
images/020A08.JPG,8
images/070A07.JPG,7
images/048A15.JPG,15
images/027A20.JPG,20
images/077A01.JPG,1
images/062A47.JPG,47
images/070A08.JPG,8
images/050A16.JPG,16
images/037A17.JPG,17
images/017A38.JPG,38
images/001A05.JPG,5
images/025A12.JPG,12
images/019A12.JPG,12
images/012A12.JPG,12
images/058A03.JPG,3
images/018A22.JPG,22
images/040A03a.JPG,3
images/048A17.JPG,17
images/061A17.JPG,17
images/042A24.JPG,24
images/008A08.JPG,8
images/027A36.JPG,36
images/014A42.JPG,42
images/022A28.JPG,28
images/053A11.JPG,11
images/026A06.JPG,6
images/061A29.JPG,29
images/017A17.JPG,17
images/012A07.JPG,7
images/014A22.JPG,22
images/018A34.JPG,34
images/064A10.JPG,10
images/047A05.JPG,5
images/053A18.JPG,18
images/070A05.JPG,5
images/053A06.JPG,6
images/026A17.JPG,17
images/019A30.JPG,30
images/078A12.JPG,12
images/044A18.JPG,18
images/040A07.JPG,7
images/033A35.JPG,35
images/001A16.JPG,16
images/040A19.JPG,19
images/022A25.JPG,25
images/074A02.JPG,2
images/055A04.JPG,4
images/066A06a.JPG,6
images/033A02.JPG,2
images/050A22.JPG,22
images/062A38.JPG,38
images/037A18.JPG,18
images/039A13.JPG,13
images/057A18.JPG,18
images/047A11.JPG,11
images/001A19.JPG,19
images/001A43a.JPG,43
images/043A15.JPG,15
images/049A07.JPG,7
images/079A11.JPG,11
images/056A03.JPG,3
images/049A04.JPG,4
images/049A05.JPG,5
images/036A15.JPG,15
images/038A11.JPG,11
images/003A60.JPG,60
images/025A34.JPG,34
images/057A07.JPG,7
images/040A14.JPG,14
images/036A19.JPG,19
images/025A03.JPG,3
images/016A19.JPG,19
images/022A07.JPG,7
images/017A32.JPG,32
images/048A10.JPG,10
images/021A23.JPG,23
images/039A10.JPG,10
images/012A23.JPG,23
images/074A06.JPG,6
images/019A23.JPG,23
images/042A01.JPG,1
images/026A19.JPG,19
images/029A01.JPG,1
images/027A22.JPG,22
images/027A30.JPG,30
images/030A26.JPG,26
images/042A04.JPG,4
images/029A11.JPG,11
images/077A11.JPG,11
images/025A28.JPG,28
images/049A06.JPG,6
images/058A15.JPG,15
images/039A17.JPG,17
images/044A15.JPG,15
images/020A36.JPG,36
images/076A09.JPG,9
images/072A19.JPG,19
images/018A06.JPG,6
images/049A12.JPG,12
images/057A12.JPG,12
images/010A09.JPG,9
images/073A09.JPG,9
images/020A24.JPG,24
images/029A33.JPG,33
images/049A17.JPG,17
images/056A12.JPG,12
images/030A04.JPG,4
images/017A22.JPG,22
images/037A19.JPG,19
images/003A58.JPG,58
images/012A30.JPG,30
images/032A08.JPG,8
images/061A32.JPG,32
images/008A17.JPG,17
images/066A02b.JPG,2
images/040A16.JPG,16
images/066A03.JPG,3
images/020A22.JPG,22
images/071A10.JPG,10
images/013A44.JPG,44
images/020A02.JPG,2
images/071A18.JPG,18
images/014A40.JPG,40
images/048A00.JPG,0
images/072A29.JPG,29
images/021A03.JPG,3
images/047A09.JPG,9
images/072A34.JPG,34
images/078A13.JPG,13
images/042A05.JPG,5
images/048A09.JPG,9
images/030A23.JPG,23
images/008A06.JPG,6
images/020A11.JPG,11
images/027A16.JPG,16
images/036A03.JPG,3
images/027A41.JPG,41
images/021A39.JPG,39
images/042A14.JPG,14
images/001A18.JPG,18
images/076A16.JPG,16
images/040A12.JPG,12
images/012A18.JPG,18
images/061A06.JPG,6
images/074A14.JPG,14
images/074A01.JPG,1
images/021A05.JPG,5
images/079A05.JPG,5
images/061A19.JPG,19
images/072A41.JPG,41
images/003A49.JPG,49
images/047A12.JPG,12
images/072A17.JPG,17
images/073A16.JPG,16
images/062A03.JPG,3
images/056A02.JPG,2
images/043A13.JPG,13
images/013A30.JPG,30
images/030A10.JPG,10
images/039A15.JPG,15
images/025A00.JPG,0
images/014A14.JPG,14
images/032A10.JPG,10
images/038A34.JPG,34
images/061A26.JPG,26
images/077A15.JPG,15
images/036A11.JPG,11
images/018A11.JPG,11
images/040A09.JPG,9
images/042A18.JPG,18
images/077A14.JPG,14
images/079A06.JPG,6
images/077A08.JPG,8
images/040A10.JPG,10
images/018A36.JPG,36
images/017A05.JPG,5
images/043A17.JPG,17
images/033A44.JPG,44
images/038A03.JPG,3
images/001A10.JPG,10
images/070A14.JPG,14
images/003A61.JPG,61
images/025A15.JPG,15
images/032A15.JPG,15
images/057A17.JPG,17
images/017A15.JPG,15
images/010A07a.JPG,7
images/053A01.JPG,1
images/077A12.JPG,12
images/013A41.JPG,41
images/025A18.JPG,18
images/062A41.JPG,41
images/072A25.JPG,25
images/061A18.JPG,18
images/076A05.JPG,5
images/053A04.JPG,4
images/033A39.JPG,39
images/076A08.JPG,8
images/073A14.JPG,14
images/071A27.JPG,27
images/074A10.JPG,10
images/014A16.JPG,16
images/078A00.JPG,0
images/016A05.JPG,5
images/038A21.JPG,21
images/036A00.JPG,0
images/001A08.JPG,8
images/019A03.JPG,3
images/039A11.JPG,11
images/039A19.JPG,19
images/071A23.JPG,23
images/049A10.JPG,10
images/016A12.JPG,12
images/043A05.JPG,5
images/036A20.JPG,20
images/040A05.JPG,5
images/012A24.JPG,24
images/076A02.JPG,2
images/077A04.JPG,4
images/047A13.JPG,13
images/058A13.JPG,13
images/046A16.JPG,16
images/008A18.JPG,18
images/038A08.JPG,8
images/066A07.JPG,7
images/038A00.JPG,0
images/030A16.JPG,16
images/062A54.JPG,54
images/076A11.JPG,11
images/044A25.JPG,25
images/044A01.JPG,1
images/048A16.JPG,16
images/061A07.JPG,7
images/018A16.JPG,16
images/042A08.JPG,8
images/036A13.JPG,13
images/001A28.JPG,28
images/077A09.JPG,9
images/078A09.JPG,9
images/030A18.JPG,18
images/055A23.JPG,23
images/039A07.JPG,7
images/012A25.JPG,25
images/038A17.JPG,17
images/025A07.JPG,7
images/012A26.JPG,26
images/014A36.JPG,36
images/070A00.JPG,0
images/076A10.JPG,10
images/036A08.JPG,8
images/046A14.JPG,14
images/053A15.JPG,15
images/078A08.JPG,8
images/062A15.JPG,15
images/074A07.JPG,7
images/037A04.JPG,4
images/001A29.JPG,29
images/078A15.JPG,15
images/078A11.JPG,11
images/012A14.JPG,14
images/030A05.JPG,5
images/078A10.JPG,10
images/061A25.JPG,25
images/021A20.JPG,20
images/079A12.JPG,12
images/046A17.JPG,17
images/032A18.JPG,18
images/073A15.JPG,15
images/021A16.JPG,16
images/016A08.JPG,8
images/042A06.JPG,6
images/079A08.JPG,8
images/059A02a.JPG,2
images/017A42.JPG,42
images/037A01.JPG,1
images/008A16.JPG,16
images/072A14.JPG,14
images/026A18.JPG,18
images/078A03.JPG,3
images/032A40.JPG,40
images/036A06.JPG,6
images/029A29.JPG,29
images/038A05.JPG,5
images/014A18.JPG,18
images/010A10.JPG,10
images/019A15.JPG,15
images/079A00.JPG,0
images/078A02.JPG,2
images/072A07.JPG,7
images/043A10.JPG,10
images/076A17.JPG,17
images/033A10.JPG,10
images/019A18.JPG,18
images/033A14.JPG,14
images/033A05.JPG,5
images/032A20.JPG,20
images/074A03.JPG,3
images/046A08.JPG,8
images/059A06.JPG,6
images/079A02.JPG,2
images/079A10.JPG,10
images/077A00.JPG,0
images/071A44.JPG,44
images/076A15.JPG,15
images/040A02.JPG,2
images/070A02.JPG,2
images/020A20.JPG,20
images/079A04.JPG,4
images/022A14.JPG,14
images/078A05.JPG,5
images/057A00.JPG,0
images/013A08.JPG,8
images/003A47.JPG,47
images/076A07.JPG,7
images/048A52.JPG,52
images/022A27.JPG,27
images/076A00.JPG,0
images/026A07.JPG,7
images/020A26.JPG,26
images/008A29.JPG,29
images/070A12.JPG,12
images/017A26.JPG,26
images/048A18.JPG,18
images/038A04.JPG,4
images/022A26.JPG,26
images/025A23.JPG,23
images/042A12.JPG,12
images/022A00.JPG,0
images/021A06.JPG,6
images/022A20.JPG,20
images/066A06b.JPG,6
images/036A01.JPG,1
images/021A27.JPG,27
images/076A04.JPG,4
images/001A33.JPG,33
images/071A42.JPG,42
images/016A10.JPG,10
images/048A54.JPG,54
images/070A09.JPG,9
images/021A11.JPG,11
images/049A08.JPG,8
images/036A18.JPG,18
images/013A19.JPG,19
images/077A07.JPG,7
images/073A00.JPG,0
images/016A17.JPG,17
images/077A03.JPG,3
images/043A23.JPG,23
images/029A16.JPG,16
images/012A04.JPG,4
images/048A46.JPG,46
images/053A08.JPG,8
images/073A03.JPG,3
images/016A07.JPG,7
images/043A19.JPG,19
images/056A01.JPG,1
images/025A19.JPG,19
images/025A22.JPG,22
