images/065A04.JPG,4
images/076A05.JPG,5
images/056A04.JPG,4
images/078A11.JPG,11
images/036A17.JPG,17
images/028A18.JPG,18
images/074A05.JPG,5
images/006A28.JPG,28
images/032A10.JPG,10
images/011A17.JPG,17
images/065A07a.JPG,7
images/015A03.JPG,3
images/002A26.JPG,26
images/032A13.JPG,13
images/015A12.JPG,12
images/015A05.JPG,5
images/046A12.JPG,12
images/056A06.JPG,6
images/023A09.JPG,9
images/053A18.JPG,18
images/026A02.JPG,2
images/028A37.JPG,37
images/055A06.JPG,6
images/070A12.JPG,12
images/038A21.JPG,21
images/074A12.JPG,12
images/001A40.JPG,40
images/038A08.JPG,8
images/066A08.JPG,8
images/067A17.JPG,17
images/007A45.JPG,45
images/001A43b.JPG,43
images/036A13.JPG,13
images/013A41.JPG,41
images/049A10.JPG,10
images/082A03.JPG,3
images/034A39.JPG,39
images/037A13.JPG,13
images/014A14.JPG,14
images/069A05.JPG,5
images/049A16.JPG,16
images/069A04.JPG,4
images/053A04.JPG,4
images/026A17.JPG,17
images/019A12.JPG,12
images/068A09.JPG,9
images/037A18.JPG,18
images/002A05.JPG,5
images/034A13.JPG,13
images/041A09.JPG,9
images/064A04.JPG,4
images/062A45.JPG,45
images/004A51.JPG,51
images/075A10.JPG,10
images/024A25.JPG,25
images/053A00.JPG,0
images/034A04.JPG,4
images/082A18.JPG,18
images/081A04.JPG,4
images/015A15.JPG,15
images/044A01.JPG,1
images/007A22.JPG,22
images/078A05.JPG,5
images/078A15.JPG,15
images/075A06.JPG,6
images/034A16.JPG,16
images/033A44.JPG,44
images/073A14.JPG,14
images/061A04.JPG,4
images/064A10.JPG,10
images/061A15.JPG,15
images/073A05.JPG,5
images/075A11.JPG,11
images/004A62.JPG,62
images/006A40.JPG,40
images/053A03.JPG,3
images/073A16.JPG,16
images/062A47.JPG,47
images/070A06.JPG,6
images/046A01.JPG,1
images/025A23.JPG,23
images/035A16.JPG,16
images/073A01.JPG,1
images/012A24.JPG,24
images/014A22.JPG,22
images/065A03a.JPG,3
images/002A21.JPG,21
images/041A06.JPG,6
images/034A02.JPG,2
images/059A04.JPG,4
images/011A13.JPG,13
images/011A05.JPG,5
images/007A38.JPG,38
images/035A21.JPG,21
images/076A07.JPG,7
images/050A22.JPG,22
images/008A35.JPG,35
images/076A14.JPG,14
images/026A04.JPG,4
images/011A15.JPG,15
images/055A05.JPG,5
images/025A22.JPG,22
images/012A25.JPG,25
images/008A18.JPG,18
images/078A04.JPG,4
images/038A11.JPG,11
images/061A10.JPG,10
images/001A05.JPG,5
images/053A11.JPG,11
images/069A00.JPG,0
images/035A18.JPG,18
images/044A03.JPG,3
images/011A14.JPG,14
images/078A07.JPG,7
images/036A00.JPG,0
images/070A07.JPG,7
images/046A20.JPG,20
images/013A34.JPG,34
images/073A03.JPG,3
images/044A25.JPG,25
images/028A16.JPG,16
images/020A36.JPG,36
images/061A07.JPG,7
images/011A11.JPG,11
images/075A08.JPG,8
images/033A05.JPG,5
images/041A24.JPG,24
images/076A09.JPG,9
images/055A23.JPG,23
images/011A02.JPG,2
images/015A10.JPG,10
images/076A17.JPG,17
images/025A28.JPG,28
images/012A27.JPG,27
images/015A19.JPG,19
images/023A25.JPG,25
images/032A24.JPG,24
images/082A31.JPG,31
images/002A15.JPG,15
images/081A10.JPG,10
images/035A05.JPG,5
images/082A21.JPG,21
images/028A46.JPG,46
images/049A12.JPG,12
images/044A15.JPG,15
images/032A06.JPG,6
images/012A12.JPG,12
images/025A15.JPG,15
images/078A12.JPG,12
images/069A06.JPG,6
images/014A42.JPG,42
images/026A07.JPG,7
images/061A06.JPG,6
images/007A18.JPG,18
images/050A18.JPG,18
images/082A00.JPG,0
images/062A18.JPG,18
images/073A07.JPG,7
images/032A35.JPG,35
images/041A21.JPG,21
images/028A14.JPG,14
images/032A08.JPG,8
images/028A41.JPG,41
images/050A03.JPG,3
images/049A15.JPG,15
images/006A55.JPG,55
images/023A29.JPG,29
images/008A08.JPG,8
images/023A05.JPG,5
images/002A07.JPG,7
images/006A31.JPG,31
images/067A39.JPG,39
images/012A34.JPG,34
images/050A00.JPG,0
images/038A03.JPG,3
images/038A23.JPG,23
images/065A12.JPG,12
images/029A05.JPG,5
images/013A16.JPG,16
images/076A01.JPG,1
images/024A00.JPG,0
images/015A07.JPG,7
images/053A06.JPG,6
images/046A00.JPG,0
images/014A18.JPG,18
images/007A26.JPG,26
images/041A19.JPG,19
images/007A39.JPG,39
images/059A14.JPG,14
images/035A09.JPG,9
images/033A02.JPG,2
images/033A35.JPG,35
images/041A00.JPG,0
images/002A29.JPG,29
images/004A48.JPG,48
images/025A34.JPG,34
images/055A04.JPG,4
images/046A10.JPG,10
images/032A40.JPG,40
images/020A13.JPG,13
images/024A30.JPG,30
images/059A07.JPG,7
images/004A53.JPG,53
images/029A11.JPG,11
images/026A06.JPG,6
images/068A13.JPG,13
images/046A08.JPG,8
images/026A15.JPG,15
images/065A11.JPG,11
images/006A67.JPG,67
images/001A16.JPG,16
images/004A30.JPG,30
images/074A10.JPG,10
images/081A06.JPG,6
images/020A22.JPG,22
images/080A14.JPG,14
images/082A25.JPG,25
images/011A30.JPG,30
images/020A24.JPG,24
images/023A03.JPG,3
images/061A29.JPG,29
images/023A22.JPG,22
images/068A04.JPG,4
images/059A02a.JPG,2
images/063A09.JPG,9
images/023A16.JPG,16
images/038A05.JPG,5
images/080A01.JPG,1
images/004A19.JPG,19
images/075A07.JPG,7
images/041A13.JPG,13
images/066A00.JPG,0
images/019A30.JPG,30
images/001A19.JPG,19
images/062A15.JPG,15
images/075A05.JPG,5
images/029A23.JPG,23
images/012A26.JPG,26
images/062A16.JPG,16
images/056A10.JPG,10
images/065A13.JPG,13
images/025A00.JPG,0
images/044A17.JPG,17
images/024A17.JPG,17
images/014A30.JPG,30
images/068A14.JPG,14
images/037A01.JPG,1
images/037A00.JPG,0
images/024A18.JPG,18
images/035A03.JPG,3
images/028A26.JPG,26
images/069A10.JPG,10
images/026A11.JPG,11
images/033A14.JPG,14
images/050A10.JPG,10
images/080A09.JPG,9
images/033A25.JPG,25
images/036A15.JPG,15
images/062A54.JPG,54
images/065A06b.JPG,6
images/034A35.JPG,35
images/063A04.JPG,4
images/006A36.JPG,36
images/001A18.JPG,18
images/082A22.JPG,22
images/082A27.JPG,27
images/044A13.JPG,13
images/001A33.JPG,33
images/076A08.JPG,8
images/076A13.JPG,13
images/026A13.JPG,13
images/025A39.JPG,39
images/011A40.JPG,40
images/076A11.JPG,11
images/050A16.JPG,16
images/070A03.JPG,3
images/056A02.JPG,2
images/080A10.JPG,10
images/069A13.JPG,13
images/036A18.JPG,18
images/035A00.JPG,0
images/029A22.JPG,22
images/025A07.JPG,7
images/076A04.JPG,4
images/004A28.JPG,28
images/073A04.JPG,4
images/036A05.JPG,5
images/059A06.JPG,6
images/008A21.JPG,21
images/081A05.JPG,5
images/024A05.JPG,5
images/075A00.JPG,0
images/050A14.JPG,14
images/068A10a.JPG,10
images/037A02.JPG,2
images/002A12.JPG,12
images/064A15.JPG,15
images/019A23.JPG,23
images/008A16.JPG,16
images/056A01.JPG,1
images/037A09.JPG,9
images/061A26.JPG,26
images/081A12.JPG,12
images/070A14.JPG,14
images/063A02.JPG,2
images/038A34.JPG,34
images/023A00.JPG,0
images/061A30.JPG,30
images/064A01.JPG,1
images/041A02.JPG,2
images/011A20.JPG,20
images/055A14.JPG,14
images/019A15.JPG,15
images/075A02.JPG,2
images/023A14.JPG,14
images/059A02b.JPG,2
images/019A27.JPG,27
images/014A12.JPG,12
images/023A07.JPG,7
images/013A44.JPG,44
images/034A21.JPG,21
images/076A00.JPG,0
images/004A21.JPG,21
images/050A06.JPG,6
images/063A25.JPG,25
images/059A12.JPG,12
images/038A10.JPG,10
images/029A16.JPG,16
images/020A04.JPG,4
images/063A00.JPG,0
images/033A10.JPG,10
images/008A31.JPG,31
images/014A16.JPG,16
images/067A23.JPG,23
images/011A27.JPG,27
images/002A38.JPG,38
images/028A34.JPG,34
images/037A11.JPG,11
images/073A15.JPG,15
images/063A22.JPG,22
images/029A04.JPG,4
images/080A04.JPG,4
images/008A30.JPG,30
images/036A01.JPG,1
images/070A05.JPG,5
images/076A02.JPG,2
images/080A00.JPG,0
images/049A07.JPG,7
images/074A06.JPG,6
images/028A35.JPG,35
images/008A33.JPG,33
images/062A35.JPG,35
images/015A04.JPG,4
images/044A07.JPG,7
images/032A18.JPG,18
images/055A08.JPG,8
images/036A08.JPG,8
images/073A13.JPG,13
images/056A03.JPG,3
images/068A03.JPG,3
images/008A03.JPG,3
images/033A30.JPG,30
images/080A13.JPG,13
images/001A43a.JPG,43
images/012A14.JPG,14
images/013A08.JPG,8
images/065A06a.JPG,6
images/074A11.JPG,11
images/073A09.JPG,9
images/011A34.JPG,34
images/055A22.JPG,22
images/008A17.JPG,17
images/061A32.JPG,32
images/081A02.JPG,2
images/032A33.JPG,33
images/081A01.JPG,1
images/002A16.JPG,16
images/066A06a.JPG,6
images/006A42.JPG,42
images/080A05.JPG,5
images/053A13.JPG,13
images/015A01.JPG,1
images/020A02.JPG,2
images/081A08.JPG,8
images/081A07.JPG,7
images/066A07.JPG,7
images/067A04.JPG,4
images/073A06.JPG,6
images/007A01.JPG,1
images/013A18.JPG,18
images/035A23b.JPG,23
images/025A19.JPG,19
images/070A00.JPG,0
images/064A03.JPG,3
images/070A01.JPG,1
images/013A25.JPG,25
images/034A44.JPG,44
images/078A02.JPG,2
images/006A61.JPG,61
images/015A00.JPG,0
images/073A11.JPG,11
images/080A03.JPG,3
images/076A12.JPG,12
images/037A17.JPG,17
images/001A29.JPG,29
images/035A08.JPG,8
images/065A02a.JPG,2
images/076A10.JPG,10
images/065A02b.JPG,2
images/012A04.JPG,4
images/074A15.JPG,15
images/053A15.JPG,15
images/065A03b.JPG,3
images/032A20.JPG,20
images/062A30.JPG,30
images/012A18.JPG,18
images/081A11.JPG,11
images/068A12.JPG,12
images/036A20.JPG,20
images/035A14.JPG,14
images/073A08.JPG,8
images/011A07.JPG,7
images/053A02.JPG,2
images/074A03.JPG,3
images/012A23.JPG,23
images/066A02a.JPG,2
images/063A08.JPG,8
images/065A08.JPG,8
images/028A20.JPG,20
images/006A51.JPG,51
images/036A11.JPG,11
images/082A16.JPG,16
images/061A19.JPG,19
images/002A36.JPG,36
images/046A18.JPG,18
images/066A04.JPG,4
images/001A22.JPG,22
images/063A33.JPG,33
images/074A08.JPG,8
images/078A00.JPG,0
images/002A18.JPG,18
images/004A37.JPG,37
images/012A36.JPG,36
images/074A09.JPG,9
images/038A04.JPG,4
images/007A37.JPG,37
images/081A03.JPG,3
images/080A08.JPG,8
images/076A06.JPG,6
images/038A14.JPG,14
images/012A21.JPG,21
images/001A28.JPG,28
images/034A25.JPG,25
images/012A30.JPG,30
images/006A24.JPG,24
images/002A04.JPG,4
images/080A06.JPG,6
images/062A03.JPG,3
images/037A06.JPG,6
images/049A08.JPG,8
images/007A23.JPG,23
images/019A03.JPG,3
images/049A04.JPG,4
images/008A06.JPG,6
images/074A00.JPG,0
images/006A69.JPG,69
images/020A11.JPG,11
images/025A12.JPG,12
images/037A19.JPG,19
images/044A18.JPG,18
images/011A42.JPG,42
images/062A41.JPG,41
images/074A13.JPG,13
images/074A01.JPG,1
images/013A00.JPG,0
images/013A30.JPG,30
images/074A14.JPG,14
images/065A10.JPG,10
images/004A63.JPG,63
images/068A10b.JPG,10
images/002A03.JPG,3
images/036A06.JPG,6
images/001A14.JPG,14
images/053A01.JPG,1
images/046A14.JPG,14
images/080A12.JPG,12
images/013A21.JPG,21
images/044A21.JPG,21
images/006A46.JPG,46
images/053A12.JPG,12
images/078A10.JPG,10
images/078A08.JPG,8
images/008A12.JPG,12
images/029A31.JPG,31
images/067A28.JPG,28
images/038A13.JPG,13
images/046A02.JPG,2
images/070A02.JPG,2
images/032A28.JPG,28
images/020A26.JPG,26
images/078A14.JPG,14
images/046A06.JPG,6
images/008A29.JPG,29
images/023A18.JPG,18
images/024A10.JPG,10
images/038A01.JPG,1
images/012A07.JPG,7
images/074A07.JPG,7
images/062A38.JPG,38
images/066A09.JPG,9
images/033A39.JPG,39
images/078A01.JPG,1
images/008A41.JPG,41
images/026A19.JPG,19
images/029A33.JPG,33
images/001A08.JPG,8
images/023A21.JPG,21
images/020A08.JPG,8
images/053A08.JPG,8
images/012A32.JPG,32
images/049A17.JPG,17
images/073A12.JPG,12
images/014A40.JPG,40
images/061A25.JPG,25
images/041A04.JPG,4
images/066A10.JPG,10
images/029A10.JPG,10
images/024A23.JPG,23
images/019A00.JPG,0
images/073A02.JPG,2
images/078A06.JPG,6
images/014A36.JPG,36
images/075A01.JPG,1
images/044A05.JPG,5
images/034A11.JPG,11
images/070A08.JPG,8
images/013A19.JPG,19
images/049A05.JPG,5
images/029A13.JPG,13
images/002A23.JPG,23
images/061A18.JPG,18
images/068A11.JPG,11
images/065A07b.JPG,7
images/053A10.JPG,10
images/024A07.JPG,7
images/076A15.JPG,15
images/024A28.JPG,28
images/066A06b.JPG,6
images/069A09.JPG,9
images/066A02b.JPG,2
images/080A02.JPG,2
images/049A06.JPG,6
images/067A30.JPG,30
images/063A20.JPG,20
images/015A14.JPG,14
images/059A03.JPG,3
images/020A20.JPG,20
images/069A02.JPG,2
images/069A07.JPG,7
images/059A16.JPG,16
images/001A02.JPG,2
images/069A03.JPG,3
images/066A11.JPG,11
images/067A14.JPG,14
images/004A26.JPG,26
images/015A09.JPG,9
images/070A09.JPG,9
images/037A04.JPG,4
images/020A16.JPG,16
images/076A16.JPG,16
images/046A17.JPG,17
images/036A19.JPG,19
images/080A07.JPG,7
images/035A12.JPG,12
images/019A07.JPG,7
images/066A03.JPG,3
images/082A20.JPG,20
images/008A13.JPG,13
images/082A23.JPG,23
images/014A03.JPG,3
images/034A18.JPG,18
images/001A10.JPG,10
images/026A18.JPG,18
images/078A09.JPG,9
images/029A20.JPG,20
images/037A08.JPG,8
images/038A17.JPG,17
images/034A15.JPG,15
images/078A13.JPG,13
images/025A03.JPG,3
images/013A23.JPG,23
images/034A30.JPG,30
images/069A11.JPG,11
images/002A31.JPG,31
images/062A53.JPG,53
images/074A04.JPG,4
images/025A18.JPG,18
images/046A16.JPG,16
images/033A18.JPG,18
images/074A02.JPG,2
images/073A00.JPG,0
images/033A21.JPG,21
images/035A01.JPG,1
images/024A19.JPG,19
images/041A20.JPG,20
images/067A26.JPG,26
images/067A33.JPG,33
images/065A09.JPG,9
images/019A18.JPG,18
images/036A03.JPG,3
images/064A19.JPG,19
images/075A03.JPG,3
images/004A40.JPG,40
images/035A23a.JPG,23
images/019A05.JPG,5
images/028A28.JPG,28
images/056A12.JPG,12
images/063A18.JPG,18
images/055A12.JPG,12
images/061A17.JPG,17
images/026A00.JPG,0
images/081A00.JPG,0
images/038A00.JPG,0
images/029A01.JPG,1
images/035A07.JPG,7
images/032A15.JPG,15
images/068A00.JPG,0
images/029A29.JPG,29
images/020A30.JPG,30
images/015A17.JPG,17
images/046A04.JPG,4
images/002A20.JPG,20
images/078A03.JPG,3
images/076A03.JPG,3
images/056A15.JPG,15
images/020A18.JPG,18
images/067A21.JPG,21
