images/072A13.JPG,13
images/014A14.JPG,14
images/079A10.JPG,10
images/031A11.JPG,11
images/019A27.JPG,27
images/054A17.JPG,17
images/014A30.JPG,30
images/048A15.JPG,15
images/063A18.JPG,18
images/020A36.JPG,36
images/048A30.JPG,30
images/044A01.JPG,1
images/017A29.JPG,29
images/072A45.JPG,45
images/037A08.JPG,8
images/060A06.JPG,6
images/017A42.JPG,42
images/037A13.JPG,13
images/048A18.JPG,18
images/008A30.JPG,30
images/035A18.JPG,18
images/016A07.JPG,7
images/017A36.JPG,36
images/016A04.JPG,4
images/027A41.JPG,41
images/048A17.JPG,17
images/076A10.JPG,10
images/023A05.JPG,5
images/082A31.JPG,31
images/031A12.JPG,12
images/004A53.JPG,53
images/066A02a.JPG,2
images/012A36.JPG,36
images/017A22.JPG,22
images/030A10.JPG,10
images/043A23.JPG,23
images/045A17.JPG,17
images/044A21.JPG,21
images/043A05.JPG,5
images/032A18.JPG,18
images/075A01.JPG,1
images/082A21.JPG,21
images/065A02b.JPG,2
images/036A13.JPG,13
images/051A24.JPG,24
images/072A25.JPG,25
images/016A12.JPG,12
images/079A04.JPG,4
images/035A09.JPG,9
images/045A48.JPG,48
images/066A00.JPG,0
images/019A03.JPG,3
images/034A02.JPG,2
images/065A02a.JPG,2
images/079A00.JPG,0
images/020A20.JPG,20
images/045A32.JPG,32
images/026A19.JPG,19
images/008A29.JPG,29
images/043A13.JPG,13
images/009A05.JPG,5
images/056A10.JPG,10
images/055A12.JPG,12
images/076A14.JPG,14
images/031A14.JPG,14
images/078A01.JPG,1
images/038A14.JPG,14
images/051A15.JPG,15
images/022A16.JPG,16
images/017A32.JPG,32
images/064A04.JPG,4
images/053A10.JPG,10
images/017A17.JPG,17
images/051A16.JPG,16
images/037A09.JPG,9
images/023A29.JPG,29
images/027A20.JPG,20
images/022A30.JPG,30
images/056A06.JPG,6
images/027A02.JPG,2
images/056A03.JPG,3
images/008A33.JPG,33
images/056A01.JPG,1
images/030A04.JPG,4
images/069A02.JPG,2
images/057A00.JPG,0
images/079A03.JPG,3
images/012A14.JPG,14
images/016A01.JPG,1
images/065A07b.JPG,7
images/062A18.JPG,18
images/071A18.JPG,18
images/075A08.JPG,8
images/014A18.JPG,18
images/057A07.JPG,7
images/009A09.JPG,9
images/066A02b.JPG,2
images/063A25.JPG,25
images/043A04.JPG,4
images/017A15.JPG,15
images/035A08.JPG,8
images/078A08.JPG,8
images/023A03.JPG,3
images/038A34.JPG,34
images/067A21.JPG,21
images/020A04.JPG,4
images/023A18.JPG,18
images/062A16.JPG,16
images/008A18.JPG,18
images/066A09.JPG,9
images/066A08.JPG,8
images/035A23b.JPG,23
images/035A23a.JPG,23
images/012A27.JPG,27
images/031A19.JPG,19
images/048A54.JPG,54
images/008A13.JPG,13
images/063A02.JPG,2
images/055A14.JPG,14
images/016A03.JPG,3
images/016A18.JPG,18
images/019A23.JPG,23
images/037A00.JPG,0
images/034A21.JPG,21
images/032A33.JPG,33
images/051A00.JPG,0
images/012A25.JPG,25
images/022A14.JPG,14
images/008A06.JPG,6
images/016A16.JPG,16
images/062A54.JPG,54
images/035A05.JPG,5
images/029A05.JPG,5
images/035A00.JPG,0
images/017A26.JPG,26
images/057A23.JPG,23
images/062A47.JPG,47
images/056A15.JPG,15
images/020A24.JPG,24
images/037A06.JPG,6
images/079A05.JPG,5
images/018A33.JPG,33
images/012A30.JPG,30
images/034A30.JPG,30
images/064A10.JPG,10
images/023A16.JPG,16
images/082A27.JPG,27
images/071A43.JPG,43
images/078A15.JPG,15
images/034A44.JPG,44
images/001A33.JPG,33
images/029A22.JPG,22
images/037A02.JPG,2
images/068A03.JPG,3
images/031A06.JPG,6
images/049A08.JPG,8
images/019A12.JPG,12
images/078A03.JPG,3
images/079A11.JPG,11
images/054A00.JPG,0
images/001A16.JPG,16
images/051A05.JPG,5
images/065A10.JPG,10
images/067A26.JPG,26
images/042A24.JPG,24
images/012A26.JPG,26
images/009A16b.JPG,16
images/009A14.JPG,14
images/001A29.JPG,29
images/082A03.JPG,3
images/068A09.JPG,9
images/076A09.JPG,9
images/067A23.JPG,23
images/060A07.JPG,7
images/030A05.JPG,5
images/060A04.JPG,4
images/037A18.JPG,18
images/026A04.JPG,4
images/068A13.JPG,13
images/008A21.JPG,21
images/053A18.JPG,18
images/027A25.JPG,25
images/018A06.JPG,6
images/044A18.JPG,18
images/078A14.JPG,14
images/016A19.JPG,19
images/022A26.JPG,26
images/036A01.JPG,1
images/026A15.JPG,15
images/008A17.JPG,17
images/034A35.JPG,35
images/053A08.JPG,8
images/018A28.JPG,28
images/001A05.JPG,5
images/022A18.JPG,18
images/071A42.JPG,42
images/030A17.JPG,17
images/031A00.JPG,0
images/069A09.JPG,9
images/069A00.JPG,0
images/082A20.JPG,20
images/018A34.JPG,34
images/031A02.JPG,2
images/026A06.JPG,6
images/026A11.JPG,11
images/038A10.JPG,10
images/076A11.JPG,11
images/043A27.JPG,27
images/017A38.JPG,38
images/063A08.JPG,8
images/062A35.JPG,35
images/063A33.JPG,33
images/049A17.JPG,17
images/043A17.JPG,17
images/045A19.JPG,19
images/009A22a.JPG,22
images/016A08.JPG,8
images/032A08.JPG,8
images/032A10.JPG,10
images/066A07.JPG,7
images/073A03.JPG,3
images/029A13.JPG,13
images/073A09.JPG,9
images/045A25.JPG,25
images/073A06.JPG,6
images/049A04.JPG,4
images/004A37.JPG,37
images/056A04.JPG,4
images/017A19.JPG,19
images/027A36.JPG,36
images/045A43.JPG,43
images/001A43a.JPG,43
images/042A08.JPG,8
images/044A07.JPG,7
images/053A15.JPG,15
images/035A21.JPG,21
images/022A23.JPG,23
images/053A02.JPG,2
images/054A02.JPG,2
images/053A00.JPG,0
images/057A06.JPG,6
images/035A07.JPG,7
images/066A06a.JPG,6
images/012A18.JPG,18
images/016A05.JPG,5
images/034A04.JPG,4
images/071A40.JPG,40
images/067A14.JPG,14
images/032A35.JPG,35
images/012A23.JPG,23
images/038A00.JPG,0
images/029A33.JPG,33
images/022A07.JPG,7
images/048A00.JPG,0
images/035A14.JPG,14
images/037A17.JPG,17
images/073A02.JPG,2
images/072A41.JPG,41
images/076A01.JPG,1
images/001A22.JPG,22
images/036A03.JPG,3
images/069A13.JPG,13
images/027A22.JPG,22
images/049A07.JPG,7
images/071A35.JPG,35
images/060A11.JPG,11
images/064A01.JPG,1
images/004A63.JPG,63
images/082A16.JPG,16
images/044A03.JPG,3
images/042A14.JPG,14
images/045A06.JPG,6
images/069A10.JPG,10
images/082A00.JPG,0
images/001A19.JPG,19
images/063A09.JPG,9
images/073A14.JPG,14
images/029A04.JPG,4
images/004A51.JPG,51
images/062A41.JPG,41
images/067A28.JPG,28
images/043A15.JPG,15
images/016A14.JPG,14
images/069A11.JPG,11
images/023A07.JPG,7
images/054A13.JPG,13
images/012A21.JPG,21
images/063A00.JPG,0
images/042A10.JPG,10
images/026A18.JPG,18
images/053A12.JPG,12
images/020A26.JPG,26
images/065A11.JPG,11
images/065A09.JPG,9
images/009A03.JPG,3
images/038A23.JPG,23
images/037A19.JPG,19
images/068A00.JPG,0
images/044A15.JPG,15
images/031A15.JPG,15
images/018A36.JPG,36
images/023A21.JPG,21
images/078A02.JPG,2
images/017A05.JPG,5
images/029A10.JPG,10
images/038A17.JPG,17
images/022A25.JPG,25
images/042A05.JPG,5
images/020A08.JPG,8
images/045A08.JPG,8
images/009A16a.JPG,16
images/042A20.JPG,20
images/060A08.JPG,8
images/057A05.JPG,5
images/075A11.JPG,11
images/022A00.JPG,0
images/048A46.JPG,46
images/063A20.JPG,20
images/068A04.JPG,4
images/073A16.JPG,16
images/078A00.JPG,0
images/072A17.JPG,17
images/004A28.JPG,28
images/018A16.JPG,16
images/001A10.JPG,10
images/078A05.JPG,5
images/023A14.JPG,14
images/012A24.JPG,24
images/042A00.JPG,0
images/068A10b.JPG,10
images/001A43b.JPG,43
images/044A25.JPG,25
images/072A34.JPG,34
images/023A00.JPG,0
images/082A22.JPG,22
images/064A19.JPG,19
images/044A17.JPG,17
images/068A12.JPG,12
images/071A24.JPG,24
images/048A50.JPG,50
images/071A44.JPG,44
images/075A10.JPG,10
images/078A11.JPG,11
images/067A30.JPG,30
images/076A15.JPG,15
images/009A13.JPG,13
images/037A04.JPG,4
images/034A15.JPG,15
images/012A12.JPG,12
images/012A04.JPG,4
images/031A16.JPG,16
images/043A19.JPG,19
images/048A11.JPG,11
images/018A22.JPG,22
images/031A09.JPG,9
images/038A04.JPG,4
images/030A00.JPG,0
images/065A04.JPG,4
images/001A40.JPG,40
images/030A18.JPG,18
images/082A23.JPG,23
images/073A13.JPG,13
images/043A00.JPG,0
images/019A18.JPG,18
images/071A27.JPG,27
images/037A01.JPG,1
images/019A15.JPG,15
images/026A07.JPG,7
images/045A40.JPG,40
images/078A12.JPG,12
images/060A19.JPG,19
images/032A24.JPG,24
images/073A05.JPG,5
images/065A06a.JPG,6
images/009A22b.JPG,22
images/069A06.JPG,6
images/065A13.JPG,13
images/030A23.JPG,23
images/072A02.JPG,2
images/075A07.JPG,7
images/069A04.JPG,4
images/036A05.JPG,5
images/075A00.JPG,0
images/067A39.JPG,39
images/029A20.JPG,20
images/049A10.JPG,10
images/053A03.JPG,3
images/056A12.JPG,12
images/008A31.JPG,31
images/066A10.JPG,10
images/023A09.JPG,9
images/066A03.JPG,3
images/051A18.JPG,18
images/065A07a.JPG,7
images/030A07.JPG,7
images/043A10.JPG,10
images/014A40.JPG,40
images/076A03.JPG,3
images/034A18.JPG,18
images/071A00.JPG,0
images/069A05.JPG,5
images/016A10.JPG,10
images/068A10a.JPG,10
images/038A01.JPG,1
images/060A02.JPG,2
images/062A03.JPG,3
images/066A11.JPG,11
images/042A18.JPG,18
images/063A22.JPG,22
images/082A25.JPG,25
images/079A09.JPG,9
images/026A00.JPG,0
images/079A01.JPG,1
images/067A04.JPG,4
images/071A22.JPG,22
images/051A17.JPG,17
images/073A00.JPG,0
images/069A07.JPG,7
images/054A06.JPG,6
images/049A06.JPG,6
images/056A02.JPG,2
images/055A04.JPG,4
images/045A18.JPG,18
images/018A11.JPG,11
images/073A15.JPG,15
images/020A16.JPG,16
images/076A00.JPG,0
images/055A23.JPG,23
images/073A04.JPG,4
images/017A07.JPG,7
images/049A16.JPG,16
images/053A06.JPG,6
images/053A01.JPG,1
images/065A03a.JPG,3
images/072A27.JPG,27
images/022A28.JPG,28
images/020A18.JPG,18
images/045A03.JPG,3
images/060A05.JPG,5
images/057A12.JPG,12
images/020A13.JPG,13
images/066A06b.JPG,6
images/055A22.JPG,22
images/019A30.JPG,30
images/048A52.JPG,52
images/057A17.JPG,17
images/069A03.JPG,3
images/031A07.JPG,7
images/032A15.JPG,15
images/054A09.JPG,9
images/065A03b.JPG,3
images/036A08.JPG,8
images/034A11.JPG,11
images/053A04.JPG,4
images/027A13.JPG,13
images/029A16.JPG,16
images/030A16.JPG,16
images/014A03.JPG,3
images/076A17.JPG,17
images/072A21.JPG,21
images/012A07.JPG,7
images/073A01.JPG,1
images/001A02.JPG,2
images/004A40.JPG,40
images/042A12.JPG,12
images/057A18.JPG,18
images/051A08.JPG,8
images/078A04.JPG,4
images/032A28.JPG,28
images/049A15.JPG,15
images/038A13.JPG,13
images/055A06.JPG,6
images/042A04.JPG,4
images/036A00.JPG,0
images/053A13.JPG,13
images/057A25.JPG,25
images/082A18.JPG,18
images/004A21.JPG,21
images/036A19.JPG,19
images/054A18.JPG,18
images/060A17.JPG,17
images/020A11.JPG,11
images/020A22.JPG,22
images/014A36.JPG,36
images/001A14.JPG,14
images/031A03.JPG,3
images/060A10.JPG,10
images/078A09.JPG,9
images/062A30.JPG,30
images/008A41.JPG,41
images/076A05.JPG,5
images/045A28.JPG,28
images/075A06.JPG,6
images/009A00.JPG,0
images/023A25.JPG,25
images/079A12.JPG,12
images/035A03.JPG,3
images/001A28.JPG,28
images/009A01.JPG,1
images/049A12.JPG,12
images/044A05.JPG,5
images/071A45.JPG,45
images/032A20.JPG,20
images/073A07.JPG,7
images/072A11.JPG,11
images/022A11.JPG,11
images/014A22.JPG,22
images/012A32.JPG,32
images/038A03.JPG,3
images/078A07.JPG,7
images/034A13.JPG,13
images/001A08.JPG,8
images/001A18.JPG,18
images/027A11.JPG,11
images/008A12.JPG,12
images/073A11.JPG,11
images/034A39.JPG,39
images/078A13.JPG,13
images/064A15.JPG,15
images/004A19.JPG,19
images/008A03.JPG,3
images/004A48.JPG,48
images/072A07.JPG,7
images/054A11.JPG,11
images/054A16.JPG,16
images/068A14.JPG,14
images/062A53.JPG,53
images/075A05.JPG,5
images/048A09.JPG,9
images/034A16.JPG,16
images/027A16.JPG,16
images/029A29.JPG,29
images/008A08.JPG,8
images/026A02.JPG,2
images/036A20.JPG,20
images/062A38.JPG,38
images/079A06.JPG,6
images/076A07.JPG,7
images/014A16.JPG,16
images/076A13.JPG,13
images/012A34.JPG,34
images/066A04.JPG,4
images/048A27.JPG,27
images/076A06.JPG,6
images/076A16.JPG,16
images/073A08.JPG,8
images/004A62.JPG,62
images/051A12.JPG,12
images/043A03.JPG,3
images/072A14.JPG,14
images/038A11.JPG,11
images/065A12.JPG,12
images/071A23.JPG,23
images/008A35.JPG,35
images/038A21.JPG,21
images/030A20.JPG,20
images/036A15.JPG,15
images/038A05.JPG,5
images/048A10.JPG,10
images/073A12.JPG,12
images/037A11.JPG,11
images/054A10.JPG,10
images/042A06.JPG,6
images/019A05.JPG,5
images/029A31.JPG,31
images/008A16.JPG,16
images/032A13.JPG,13
images/018A25.JPG,25
images/036A17.JPG,17
images/049A05.JPG,5
images/071A10.JPG,10
images/032A40.JPG,40
images/038A08.JPG,8
images/062A45.JPG,45
images/054A12.JPG,12
images/054A04.JPG,4
images/016A17.JPG,17
images/023A22.JPG,22
images/009A18.JPG,18
images/048A16.JPG,16
images/065A06b.JPG,6
images/036A06.JPG,6
images/020A30.JPG,30
images/022A20.JPG,20
images/079A07.JPG,7
images/027A30.JPG,30
images/055A05.JPG,5
images/018A29.JPG,29
images/042A28.JPG,28
images/067A17.JPG,17
images/017A12.JPG,12
images/075A02.JPG,2
images/064A03.JPG,3
images/060A12.JPG,12
images/051A02.JPG,2
images/060A20.JPG,20
images/048A49.JPG,49
images/051A14.JPG,14
images/034A25.JPG,25
images/079A08.JPG,8
images/035A01.JPG,1
images/062A15.JPG,15
images/054A19.JPG,19
images/026A13.JPG,13
images/036A18.JPG,18
images/029A11.JPG,11
images/076A12.JPG,12
images/076A08.JPG,8
images/020A02.JPG,2
images/019A07.JPG,7
images/009A11.JPG,11
images/063A04.JPG,4
images/004A26.JPG,26
images/067A33.JPG,33
images/030A26.JPG,26
images/075A03.JPG,3
images/032A06.JPG,6
images/018A18.JPG,18
images/026A17.JPG,17
images/076A02.JPG,2
images/076A04.JPG,4
images/045A12.JPG,12
images/014A12.JPG,12
images/027A18.JPG,18
images/022A27.JPG,27
images/072A29.JPG,29
images/036A11.JPG,11
images/057A16.JPG,16
images/019A00.JPG,0
images/072A19.JPG,19
images/031A04.JPG,4
images/078A10.JPG,10
images/048A33.JPG,33
images/065A08.JPG,8
images/035A12.JPG,12
images/042A01.JPG,1
images/029A01.JPG,1
images/078A06.JPG,6
images/055A08.JPG,8
images/029A23.JPG,23
images/068A11.JPG,11
images/079A02.JPG,2
images/035A16.JPG,16
images/079A13.JPG,13
images/014A42.JPG,42
images/004A30.JPG,30
images/044A13.JPG,13
images/053A11.JPG,11
