images/022A18.JPG,18
images/053A18.JPG,18
images/075A03.JPG,3
images/074A04.JPG,4
images/032A13.JPG,13
images/072A19.JPG,19
images/053A03.JPG,3
images/010A07a.JPG,7
images/016A04.JPG,4
images/074A09.JPG,9
images/069A00.JPG,0
images/064A03.JPG,3
images/026A18.JPG,18
images/029A10.JPG,10
images/011A17.JPG,17
images/022A23.JPG,23
images/066A11.JPG,11
images/026A17.JPG,17
images/080A08.JPG,8
images/012A18.JPG,18
images/024A23.JPG,23
images/046A14.JPG,14
images/038A21.JPG,21
images/082A31.JPG,31
images/032A10.JPG,10
images/023A16.JPG,16
images/066A10.JPG,10
images/070A14.JPG,14
images/029A11.JPG,11
images/003A60.JPG,60
images/064A04.JPG,4
images/019A27.JPG,27
images/046A06.JPG,6
images/012A36.JPG,36
images/011A40.JPG,40
images/028A14.JPG,14
images/003A61.JPG,61
images/014A18.JPG,18
images/016A07.JPG,7
images/012A34.JPG,34
images/065A09.JPG,9
images/078A02.JPG,2
images/078A14.JPG,14
images/012A04.JPG,4
images/060A05.JPG,5
images/080A01.JPG,1
images/064A10.JPG,10
images/018A28.JPG,28
images/038A01.JPG,1
images/017A22.JPG,22
images/042A28.JPG,28
images/017A05.JPG,5
images/006A61.JPG,61
images/040A00.JPG,0
images/065A03b.JPG,3
images/010A09.JPG,9
images/048A15.JPG,15
images/040A14.JPG,14
images/026A02.JPG,2
images/074A10.JPG,10
images/023A25.JPG,25
images/029A05.JPG,5
images/050A00.JPG,0
images/057A07.JPG,7
images/044A07.JPG,7
images/040A21.JPG,21
images/040A03a.JPG,3
images/023A05.JPG,5
images/045A17.JPG,17
images/060A07.JPG,7
images/018A06.JPG,6
images/078A07.JPG,7
images/023A21.JPG,21
images/057A17.JPG,17
images/070A05.JPG,5
images/077A04.JPG,4
images/049A06.JPG,6
images/011A27.JPG,27
images/029A29.JPG,29
images/054A11.JPG,11
images/042A20.JPG,20
images/047A33.JPG,33
images/002A07.JPG,7
images/012A07.JPG,7
images/047A27.JPG,27
images/048A33.JPG,33
images/063A25.JPG,25
images/044A21.JPG,21
images/011A42.JPG,42
images/048A49.JPG,49
images/030A17.JPG,17
images/011A34.JPG,34
images/056A15.JPG,15
images/058A04.JPG,4
images/074A06.JPG,6
images/009A05.JPG,5
images/045A03.JPG,3
images/003A23.JPG,23
images/009A00.JPG,0
images/034A44.JPG,44
images/082A27.JPG,27
images/019A23.JPG,23
images/030A16.JPG,16
images/050A18.JPG,18
images/050A03.JPG,3
images/034A11.JPG,11
images/003A51.JPG,51
images/054A10.JPG,10
images/049A10.JPG,10
images/028A46.JPG,46
images/009A16a.JPG,16
images/080A10.JPG,10
images/048A17.JPG,17
images/030A23.JPG,23
images/011A13.JPG,13
images/058A01.JPG,1
images/072A41.JPG,41
images/022A30.JPG,30
images/045A40.JPG,40
images/024A18.JPG,18
images/009A18.JPG,18
images/040A10.JPG,10
images/002A38.JPG,38
images/049A12.JPG,12
images/002A12.JPG,12
images/016A01.JPG,1
images/021A30.JPG,30
images/049A04.JPG,4
images/078A12.JPG,12
images/046A02.JPG,2
images/032A08.JPG,8
images/065A04.JPG,4
images/063A33.JPG,33
images/070A07.JPG,7
images/080A09.JPG,9
images/032A35.JPG,35
images/021A23.JPG,23
images/021A27.JPG,27
images/053A13.JPG,13
images/065A12.JPG,12
images/060A10.JPG,10
images/049A05.JPG,5
images/054A18.JPG,18
images/077A14.JPG,14
images/012A27.JPG,27
images/064A19.JPG,19
images/047A13.JPG,13
images/057A12.JPG,12
images/077A02.JPG,2
images/062A30.JPG,30
images/062A16.JPG,16
images/038A04.JPG,4
images/054A19.JPG,19
images/038A17.JPG,17
images/021A06.JPG,6
images/074A08.JPG,8
images/082A25.JPG,25
images/069A09.JPG,9
images/002A16.JPG,16
images/028A20.JPG,20
images/054A02.JPG,2
images/019A18.JPG,18
images/060A20.JPG,20
images/014A14.JPG,14
images/049A16.JPG,16
images/046A00.JPG,0
images/049A17.JPG,17
images/028A16.JPG,16
images/066A06a.JPG,6
images/069A10.JPG,10
images/074A02.JPG,2
images/016A19.JPG,19
images/023A07.JPG,7
images/048A30.JPG,30
images/016A03.JPG,3
images/003A58.JPG,58
images/046A12.JPG,12
images/002A31.JPG,31
images/082A16.JPG,16
images/018A36.JPG,36
images/009A09.JPG,9
images/034A18.JPG,18
images/082A20.JPG,20
images/080A12.JPG,12
images/017A26.JPG,26
images/016A12.JPG,12
images/017A36.JPG,36
images/002A36.JPG,36
images/006A42.JPG,42
images/012A23.JPG,23
images/074A01.JPG,1
images/047A15.JPG,15
images/070A02.JPG,2
images/060A06.JPG,6
images/003A20.JPG,20
images/012A26.JPG,26
images/009A14.JPG,14
images/023A03.JPG,3
images/075A00.JPG,0
images/080A00.JPG,0
images/046A10.JPG,10
images/034A16.JPG,16
images/002A18.JPG,18
images/021A18.JPG,18
images/040A12.JPG,12
images/030A04.JPG,4
images/021A05.JPG,5
images/034A39.JPG,39
images/045A18.JPG,18
images/014A42.JPG,42
images/024A05.JPG,5
images/030A05.JPG,5
images/022A07.JPG,7
images/009A03.JPG,3
images/058A05.JPG,5
images/006A24.JPG,24
images/069A02.JPG,2
images/042A01.JPG,1
images/047A18.JPG,18
images/072A27.JPG,27
images/060A04.JPG,4
images/044A18.JPG,18
images/048A18.JPG,18
images/016A18.JPG,18
images/006A46.JPG,46
images/038A10.JPG,10
images/034A21.JPG,21
images/029A04.JPG,4
images/048A11.JPG,11
images/032A15.JPG,15
images/063A18.JPG,18
images/050A06.JPG,6
images/012A32.JPG,32
images/032A33.JPG,33
images/028A28.JPG,28
images/040A09.JPG,9
images/026A00.JPG,0
images/057A00.JPG,0
images/059A04.JPG,4
images/078A06.JPG,6
images/062A18.JPG,18
images/078A10.JPG,10
images/011A30.JPG,30
images/017A07.JPG,7
images/082A00.JPG,0
images/002A20.JPG,20
images/054A17.JPG,17
images/029A13.JPG,13
images/038A00.JPG,0
images/056A01.JPG,1
images/016A10.JPG,10
images/022A11.JPG,11
images/062A15.JPG,15
images/070A03.JPG,3
images/044A05.JPG,5
images/028A26.JPG,26
images/057A16.JPG,16
images/069A11.JPG,11
images/059A07.JPG,7
images/080A13.JPG,13
images/077A08.JPG,8
images/040A19.JPG,19
images/017A32.JPG,32
images/029A31.JPG,31
images/074A13.JPG,13
images/026A13.JPG,13
images/024A10.JPG,10
images/047A23.JPG,23
images/011A20.JPG,20
images/003A18.JPG,18
images/072A07.JPG,7
images/042A24.JPG,24
images/047A45.JPG,45
images/018A22.JPG,22
images/023A29.JPG,29
images/075A05.JPG,5
images/063A04.JPG,4
images/053A12.JPG,12
images/018A34.JPG,34
images/056A03.JPG,3
images/070A00.JPG,0
images/017A17.JPG,17
images/045A25.JPG,25
images/062A53.JPG,53
images/060A08.JPG,8
images/050A22.JPG,22
images/019A30.JPG,30
images/018A11.JPG,11
images/034A15.JPG,15
images/022A26.JPG,26
images/057A25.JPG,25
images/058A17.JPG,17
images/009A16b.JPG,16
images/063A02.JPG,2
images/074A07.JPG,7
images/047A09.JPG,9
images/054A16.JPG,16
images/022A00.JPG,0
images/018A18.JPG,18
images/029A23.JPG,23
images/077A11.JPG,11
images/075A11.JPG,11
images/080A05.JPG,5
images/080A03.JPG,3
images/034A25.JPG,25
images/038A08.JPG,8
images/078A08.JPG,8
images/019A05.JPG,5
images/070A08.JPG,8
images/016A17.JPG,17
images/022A25.JPG,25
images/063A09.JPG,9
images/038A05.JPG,5
images/058A06.JPG,6
images/044A01.JPG,1
images/023A22.JPG,22
images/047A12.JPG,12
images/064A01.JPG,1
images/017A29.JPG,29
images/060A12.JPG,12
images/082A23.JPG,23
images/074A05.JPG,5
images/074A14.JPG,14
images/012A30.JPG,30
images/002A23.JPG,23
images/048A00.JPG,0
images/069A04.JPG,4
images/009A13.JPG,13
images/046A16.JPG,16
images/080A06.JPG,6
images/054A13.JPG,13
images/064A15.JPG,15
images/046A01.JPG,1
images/046A20.JPG,20
images/011A15.JPG,15
images/078A13.JPG,13
images/010A12.JPG,12
images/056A12.JPG,12
images/002A26.JPG,26
images/053A00.JPG,0
images/056A04.JPG,4
images/044A15.JPG,15
images/042A18.JPG,18
images/002A15.JPG,15
images/063A22.JPG,22
images/053A10.JPG,10
images/003A49.JPG,49
images/011A05.JPG,5
images/066A07.JPG,7
images/065A06a.JPG,6
images/045A28.JPG,28
images/059A03.JPG,3
images/028A34.JPG,34
images/078A05.JPG,5
images/070A01.JPG,1
images/019A15.JPG,15
images/038A14.JPG,14
images/057A18.JPG,18
images/029A01.JPG,1
images/077A01.JPG,1
images/028A18.JPG,18
images/062A35.JPG,35
images/075A06.JPG,6
images/003A25.JPG,25
images/032A24.JPG,24
images/058A13.JPG,13
images/069A06.JPG,6
images/065A02a.JPG,2
images/078A11.JPG,11
images/011A14.JPG,14
images/014A36.JPG,36
images/077A10.JPG,10
images/026A11.JPG,11
images/038A11.JPG,11
images/050A10.JPG,10
images/032A18.JPG,18
images/050A16.JPG,16
images/038A34.JPG,34
images/024A30.JPG,30
images/077A16.JPG,16
images/028A41.JPG,41
images/077A12.JPG,12
images/072A34.JPG,34
images/022A28.JPG,28
images/046A18.JPG,18
images/049A08.JPG,8
images/026A06.JPG,6
images/014A12.JPG,12
images/077A13.JPG,13
images/065A08.JPG,8
images/006A40.JPG,40
images/075A02.JPG,2
images/046A08.JPG,8
images/065A06b.JPG,6
images/044A17.JPG,17
images/006A36.JPG,36
images/072A29.JPG,29
images/030A20.JPG,20
images/063A20.JPG,20
images/034A04.JPG,4
images/018A16.JPG,16
images/062A54.JPG,54
images/065A13.JPG,13
images/072A25.JPG,25
images/040A07.JPG,7
images/009A22a.JPG,22
images/069A07.JPG,7
images/018A33.JPG,33
images/070A12.JPG,12
images/077A09.JPG,9
images/066A02a.JPG,2
images/048A10.JPG,10
images/017A38.JPG,38
images/048A27.JPG,27
images/014A30.JPG,30
images/057A05.JPG,5
images/009A01.JPG,1
images/050A14.JPG,14
images/016A08.JPG,8
images/009A11.JPG,11
images/030A07.JPG,7
images/029A16.JPG,16
images/023A00.JPG,0
images/059A02a.JPG,2
images/046A17.JPG,17
images/066A08.JPG,8
images/054A06.JPG,6
images/075A10.JPG,10
images/047A55.JPG,55
images/024A25.JPG,25
images/014A40.JPG,40
images/074A11.JPG,11
images/022A27.JPG,27
images/021A16.JPG,16
images/045A12.JPG,12
images/060A19.JPG,19
images/032A28.JPG,28
images/078A09.JPG,9
images/045A19.JPG,19
images/060A17.JPG,17
images/021A03.JPG,3
images/057A23.JPG,23
images/048A46.JPG,46
images/060A11.JPG,11
images/058A02.JPG,2
images/066A06b.JPG,6
images/030A10.JPG,10
images/063A00.JPG,0
images/077A03.JPG,3
images/065A03a.JPG,3
images/080A14.JPG,14
images/006A51.JPG,51
images/006A28.JPG,28
images/002A21.JPG,21
images/059A14.JPG,14
images/040A02.JPG,2
images/006A69.JPG,69
images/080A04.JPG,4
images/002A03.JPG,3
images/063A08.JPG,8
images/065A07a.JPG,7
images/023A09.JPG,9
images/034A02.JPG,2
images/019A00.JPG,0
images/018A29.JPG,29
images/069A03.JPG,3
images/042A14.JPG,14
images/030A26.JPG,26
images/058A00.JPG,0
images/060A02.JPG,2
images/078A00.JPG,0
images/062A47.JPG,47
images/012A21.JPG,21
images/012A12.JPG,12
images/038A03.JPG,3
images/042A00.JPG,0
images/048A50.JPG,50
images/077A07.JPG,7
images/056A10.JPG,10
images/045A48.JPG,48
images/010A15.JPG,15
images/082A21.JPG,21
images/042A04.JPG,4
images/042A08.JPG,8
images/065A07b.JPG,7
images/044A03.JPG,3
images/024A07.JPG,7
images/030A00.JPG,0
images/023A18.JPG,18
images/044A13.JPG,13
images/077A00.JPG,0
images/074A00.JPG,0
images/058A15.JPG,15
images/040A16.JPG,16
images/034A35.JPG,35
images/047A20.JPG,20
images/042A06.JPG,6
images/021A35.JPG,35
images/018A25.JPG,25
images/029A22.JPG,22
images/002A05.JPG,5
images/072A13.JPG,13
images/040A05.JPG,5
images/072A11.JPG,11
images/045A06.JPG,6
images/009A22b.JPG,22
images/053A04.JPG,4
images/047A05.JPG,5
images/010A04.JPG,4
images/011A11.JPG,11
images/053A08.JPG,8
images/066A04.JPG,4
images/058A10.JPG,10
images/045A43.JPG,43
images/026A19.JPG,19
images/049A15.JPG,15
images/053A06.JPG,6
images/059A16.JPG,16
images/038A13.JPG,13
images/046A04.JPG,4
images/038A23.JPG,23
images/026A15.JPG,15
images/034A13.JPG,13
images/078A01.JPG,1
images/078A15.JPG,15
images/019A07.JPG,7
images/054A12.JPG,12
images/010A06.JPG,6
images/058A03.JPG,3
images/040A06.JPG,6
images/072A45.JPG,45
images/053A15.JPG,15
images/026A07.JPG,7
images/003A38.JPG,38
images/029A33.JPG,33
images/017A19.JPG,19
images/042A12.JPG,12
images/022A14.JPG,14
images/053A02.JPG,2
images/024A00.JPG,0
images/034A30.JPG,30
images/078A04.JPG,4
images/072A02.JPG,2
images/010A07b.JPG,7
images/075A07.JPG,7
images/003A35.JPG,35
images/003A47.JPG,47
images/026A04.JPG,4
images/019A03.JPG,3
images/082A22.JPG,22
images/023A14.JPG,14
images/006A67.JPG,67
images/066A00.JPG,0
images/062A38.JPG,38
images/014A03.JPG,3
images/040A03b.JPG,3
images/049A07.JPG,7
images/066A09.JPG,9
images/072A17.JPG,17
images/074A03.JPG,3
images/047A11.JPG,11
images/022A20.JPG,20
images/080A07.JPG,7
images/024A28.JPG,28
images/016A05.JPG,5
images/070A06.JPG,6
images/059A12.JPG,12
images/053A11.JPG,11
images/032A06.JPG,6
images/077A15.JPG,15
images/019A12.JPG,12
images/069A13.JPG,13
images/045A32.JPG,32
images/062A45.JPG,45
images/042A10.JPG,10
images/032A20.JPG,20
images/056A06.JPG,6
images/024A19.JPG,19
images/057A06.JPG,6
images/065A10.JPG,10
images/075A08.JPG,8
images/016A14.JPG,14
images/053A01.JPG,1
images/010A05.JPG,5
images/062A41.JPG,41
images/065A02b.JPG,2
images/074A12.JPG,12
images/074A15.JPG,15
images/048A52.JPG,52
images/072A21.JPG,21
images/082A03.JPG,3
images/021A39.JPG,39
images/062A03.JPG,3
images/021A11.JPG,11
images/054A04.JPG,4
images/010A01.JPG,1
images/065A11.JPG,11
images/066A02b.JPG,2
images/017A12.JPG,12
images/021A20.JPG,20
images/045A08.JPG,8
images/048A16.JPG,16
images/010A16.JPG,16
images/014A16.JPG,16
images/066A03.JPG,3
images/028A37.JPG,37
images/002A29.JPG,29
images/048A09.JPG,9
images/069A05.JPG,5
images/047A06.JPG,6
images/014A22.JPG,22
images/075A01.JPG,1
images/006A31.JPG,31
images/048A54.JPG,54
images/011A02.JPG,2
images/012A24.JPG,24
images/054A00.JPG,0
images/059A02b.JPG,2
images/010A10.JPG,10
images/022A16.JPG,16
images/011A07.JPG,7
images/080A02.JPG,2
images/029A20.JPG,20
images/002A04.JPG,4
images/010A18.JPG,18
images/017A15.JPG,15
images/017A42.JPG,42
images/016A16.JPG,16
images/006A55.JPG,55
images/054A09.JPG,9
images/028A35.JPG,35
images/012A25.JPG,25
images/032A40.JPG,40
images/044A25.JPG,25
images/070A09.JPG,9
images/056A02.JPG,2
images/059A06.JPG,6
images/077A06.JPG,6
images/030A18.JPG,18
images/082A18.JPG,18
images/078A03.JPG,3
images/072A14.JPG,14
images/024A17.JPG,17
images/012A14.JPG,14
images/042A05.JPG,5
