images/062A18.JPG,18
images/077A12.JPG,12
images/041A13.JPG,13
images/073A03.JPG,3
images/033A25.JPG,25
images/061A07.JPG,7
images/066A00.JPG,0
images/031A09.JPG,9
images/016A14.JPG,14
images/072A17.JPG,17
images/077A04.JPG,4
images/072A11.JPG,11
images/009A01.JPG,1
images/078A05.JPG,5
images/070A14.JPG,14
images/015A09.JPG,9
images/052A07.JPG,7
images/074A05.JPG,5
images/009A13.JPG,13
images/048A30.JPG,30
images/070A08.JPG,8
images/066A09.JPG,9
images/031A12.JPG,12
images/023A21.JPG,21
images/078A01.JPG,1
images/080A10.JPG,10
images/025A12.JPG,12
images/041A19.JPG,19
images/052A13.JPG,13
images/056A02.JPG,2
images/066A06a.JPG,6
images/077A13.JPG,13
images/076A02.JPG,2
images/033A30.JPG,30
images/016A10.JPG,10
images/066A07.JPG,7
images/024A05.JPG,5
images/062A30.JPG,30
images/016A16.JPG,16
images/048A33.JPG,33
images/077A09.JPG,9
images/015A05.JPG,5
images/040A21.JPG,21
images/028A14.JPG,14
images/018A18.JPG,18
images/004A30.JPG,30
images/007A26.JPG,26
images/010A18.JPG,18
images/076A07.JPG,7
images/058A01.JPG,1
images/034A11.JPG,11
images/030A10.JPG,10
images/009A22a.JPG,22
images/035A08.JPG,8
images/070A01.JPG,1
images/070A00.JPG,0
images/029A13.JPG,13
images/073A07.JPG,7
images/074A02.JPG,2
images/061A26.JPG,26
images/041A06.JPG,6
images/040A07.JPG,7
images/035A12.JPG,12
images/073A08.JPG,8
images/076A04.JPG,4
images/025A28.JPG,28
images/029A16.JPG,16
images/030A04.JPG,4
images/073A05.JPG,5
images/030A00.JPG,0
images/081A12.JPG,12
images/063A33.JPG,33
images/023A07.JPG,7
images/023A14.JPG,14
images/030A23.JPG,23
images/016A08.JPG,8
images/009A03.JPG,3
images/074A08.JPG,8
images/078A13.JPG,13
images/068A10b.JPG,10
images/040A03b.JPG,3
images/031A07.JPG,7
images/077A11.JPG,11
images/039A52.JPG,52
images/031A00.JPG,0
images/021A20.JPG,20
images/004A19.JPG,19
images/050A06.JPG,6
images/034A35.JPG,35
images/031A19.JPG,19
images/040A19.JPG,19
images/046A14.JPG,14
images/053A02.JPG,2
images/001A16.JPG,16
images/048A27.JPG,27
images/024A17.JPG,17
images/002A12.JPG,12
images/050A14.JPG,14
images/044A03.JPG,3
images/017A22.JPG,22
images/023A05.JPG,5
images/070A02.JPG,2
images/055A04.JPG,4
images/056A01.JPG,1
images/078A06.JPG,6
images/029A05.JPG,5
images/017A38.JPG,38
images/076A11.JPG,11
images/062A47.JPG,47
images/081A01.JPG,1
images/050A00.JPG,0
images/041A02.JPG,2
images/058A15.JPG,15
images/056A06.JPG,6
images/052A17.JPG,17
images/080A06.JPG,6
images/034A25.JPG,25
images/035A23a.JPG,23
images/017A36.JPG,36
images/080A01.JPG,1
images/017A26.JPG,26
images/077A16.JPG,16
images/024A23.JPG,23
images/044A21.JPG,21
images/007A23.JPG,23
images/047A06.JPG,6
images/076A05.JPG,5
images/074A14.JPG,14
images/030A26.JPG,26
images/023A22.JPG,22
images/030A20.JPG,20
images/055A06.JPG,6
images/047A55.JPG,55
images/010A15.JPG,15
images/036A01.JPG,1
images/075A07.JPG,7
images/031A03.JPG,3
images/046A12.JPG,12
images/050A16.JPG,16
images/073A04.JPG,4
images/080A04.JPG,4
images/035A07.JPG,7
images/057A18.JPG,18
images/055A23.JPG,23
images/070A05.JPG,5
images/040A05.JPG,5
images/076A03.JPG,3
images/035A23b.JPG,23
images/040A03a.JPG,3
images/039A15.JPG,15
images/007A37.JPG,37
images/046A10.JPG,10
images/074A15.JPG,15
images/015A17.JPG,17
images/074A13.JPG,13
images/017A29.JPG,29
images/021A16.JPG,16
images/048A00.JPG,0
images/021A18.JPG,18
images/062A03.JPG,3
images/033A10.JPG,10
images/057A00.JPG,0
images/034A16.JPG,16
images/077A08.JPG,8
images/034A44.JPG,44
images/015A19.JPG,19
images/072A29.JPG,29
images/048A18.JPG,18
images/025A03.JPG,3
images/047A11.JPG,11
images/053A12.JPG,12
images/028A28.JPG,28
images/077A00.JPG,0
images/073A13.JPG,13
images/056A12.JPG,12
images/019A12.JPG,12
images/048A49.JPG,49
images/024A25.JPG,25
images/074A10.JPG,10
images/078A00.JPG,0
images/046A16.JPG,16
images/039A16.JPG,16
images/076A01.JPG,1
images/033A39.JPG,39
images/044A18.JPG,18
images/048A16.JPG,16
images/036A18.JPG,18
images/066A02b.JPG,2
images/076A08.JPG,8
images/002A38.JPG,38
images/063A22.JPG,22
images/080A09.JPG,9
images/035A16.JPG,16
images/023A25.JPG,25
images/019A05.JPG,5
images/044A17.JPG,17
images/081A02.JPG,2
images/058A13.JPG,13
images/028A35.JPG,35
images/034A02.JPG,2
images/036A15.JPG,15
images/019A03.JPG,3
images/009A22b.JPG,22
images/078A07.JPG,7
images/055A08.JPG,8
images/057A25.JPG,25
images/063A04.JPG,4
images/021A05.JPG,5
images/046A02.JPG,2
images/046A01.JPG,1
images/070A06.JPG,6
images/034A30.JPG,30
images/007A22.JPG,22
images/066A08.JPG,8
images/074A01.JPG,1
images/077A02.JPG,2
images/034A13.JPG,13
images/001A10.JPG,10
images/047A15.JPG,15
images/039A05.JPG,5
images/024A30.JPG,30
images/056A10.JPG,10
images/001A18.JPG,18
images/020A24.JPG,24
images/016A04.JPG,4
images/057A07.JPG,7
images/081A08.JPG,8
images/024A07.JPG,7
images/020A30.JPG,30
images/058A04.JPG,4
images/002A20.JPG,20
images/075A05.JPG,5
images/053A13.JPG,13
images/034A39.JPG,39
images/075A06.JPG,6
images/021A35.JPG,35
images/052A18.JPG,18
images/025A23.JPG,23
images/055A12.JPG,12
images/020A13.JPG,13
images/081A07.JPG,7
images/053A00.JPG,0
images/020A08.JPG,8
images/073A11.JPG,11
images/076A14.JPG,14
images/046A18.JPG,18
images/021A39.JPG,39
images/021A11.JPG,11
images/029A20.JPG,20
images/018A11.JPG,11
images/030A05.JPG,5
images/063A08.JPG,8
images/031A02.JPG,2
images/044A15.JPG,15
images/068A10a.JPG,10
images/009A18.JPG,18
images/010A07a.JPG,7
images/033A02.JPG,2
images/020A26.JPG,26
images/004A37.JPG,37
images/033A05.JPG,5
images/019A07.JPG,7
images/023A00.JPG,0
images/047A05.JPG,5
images/080A14.JPG,14
images/018A06.JPG,6
images/075A03.JPG,3
images/073A00.JPG,0
images/004A62.JPG,62
images/009A14.JPG,14
images/007A45.JPG,45
images/081A04.JPG,4
images/068A13.JPG,13
images/016A12.JPG,12
images/050A10.JPG,10
images/073A02.JPG,2
images/061A19.JPG,19
images/024A00.JPG,0
images/002A15.JPG,15
images/052A20.JPG,20
images/024A10.JPG,10
images/068A12.JPG,12
images/073A16.JPG,16
images/058A06.JPG,6
images/041A24.JPG,24
images/029A22.JPG,22
images/030A16.JPG,16
images/068A09.JPG,9
images/066A04.JPG,4
images/035A05.JPG,5
images/023A18.JPG,18
images/068A11.JPG,11
images/039A07.JPG,7
images/002A23.JPG,23
images/017A32.JPG,32
images/010A16.JPG,16
images/021A27.JPG,27
images/057A16.JPG,16
images/025A15.JPG,15
images/028A37.JPG,37
images/058A00.JPG,0
images/070A07.JPG,7
images/076A12.JPG,12
images/015A10.JPG,10
images/020A22.JPG,22
images/057A06.JPG,6
images/002A07.JPG,7
images/075A08.JPG,8
images/001A19.JPG,19
images/057A05.JPG,5
images/080A12.JPG,12
images/068A14.JPG,14
images/044A25.JPG,25
images/061A30.JPG,30
images/035A09.JPG,9
images/058A02.JPG,2
images/034A18.JPG,18
images/002A03.JPG,3
images/028A46.JPG,46
images/048A09.JPG,9
images/050A22.JPG,22
images/046A20.JPG,20
images/036A08.JPG,8
images/075A01.JPG,1
images/001A05.JPG,5
images/047A13.JPG,13
images/036A11.JPG,11
images/015A14.JPG,14
images/001A40.JPG,40
images/035A21.JPG,21
images/048A17.JPG,17
images/056A15.JPG,15
images/078A14.JPG,14
images/061A32.JPG,32
images/021A03.JPG,3
images/017A19.JPG,19
images/076A16.JPG,16
images/048A52.JPG,52
images/020A20.JPG,20
images/053A04.JPG,4
images/077A15.JPG,15
images/072A45.JPG,45
images/025A22.JPG,22
images/041A00.JPG,0
images/030A07.JPG,7
images/020A36.JPG,36
images/047A09.JPG,9
images/078A11.JPG,11
images/015A01.JPG,1
images/020A11.JPG,11
images/081A03.JPG,3
images/061A25.JPG,25
images/017A12.JPG,12
images/075A02.JPG,2
images/021A23.JPG,23
images/035A00.JPG,0
images/039A35.JPG,35
images/029A10.JPG,10
images/019A00.JPG,0
images/015A00.JPG,0
images/052A10.JPG,10
images/063A00.JPG,0
images/073A01.JPG,1
images/019A15.JPG,15
images/055A14.JPG,14
images/061A29.JPG,29
images/031A14.JPG,14
images/020A02.JPG,2
images/072A27.JPG,27
images/053A18.JPG,18
images/010A04.JPG,4
images/075A00.JPG,0
images/016A07.JPG,7
images/030A18.JPG,18
images/066A11.JPG,11
images/001A02.JPG,2
images/028A34.JPG,34
images/063A20.JPG,20
images/009A16a.JPG,16
images/010A10.JPG,10
images/074A03.JPG,3
images/019A23.JPG,23
images/068A04.JPG,4
images/058A05.JPG,5
images/066A10.JPG,10
images/015A03.JPG,3
images/062A41.JPG,41
images/073A09.JPG,9
images/017A17.JPG,17
images/053A01.JPG,1
images/015A15.JPG,15
images/080A07.JPG,7
images/073A15.JPG,15
images/016A17.JPG,17
images/029A01.JPG,1
images/015A12.JPG,12
images/024A28.JPG,28
images/058A10.JPG,10
images/021A30.JPG,30
images/024A18.JPG,18
images/023A03.JPG,3
images/078A02.JPG,2
images/002A16.JPG,16
images/073A06.JPG,6
images/078A10.JPG,10
images/047A18.JPG,18
images/019A18.JPG,18
images/075A10.JPG,10
images/039A19.JPG,19
images/055A22.JPG,22
images/061A15.JPG,15
images/046A04.JPG,4
images/052A19.JPG,19
images/040A00.JPG,0
images/036A05.JPG,5
images/076A17.JPG,17
images/002A05.JPG,5
images/020A16.JPG,16
images/063A09.JPG,9
images/018A25.JPG,25
images/057A12.JPG,12
images/062A54.JPG,54
images/034A04.JPG,4
images/010A05.JPG,5
images/052A04.JPG,4
images/034A15.JPG,15
images/077A03.JPG,3
images/016A03.JPG,3
images/076A06.JPG,6
images/052A02.JPG,2
images/053A08.JPG,8
images/057A23.JPG,23
images/081A10.JPG,10
images/036A17.JPG,17
images/061A17.JPG,17
images/070A03.JPG,3
images/036A19.JPG,19
images/077A07.JPG,7
images/061A04.JPG,4
images/076A10.JPG,10
images/066A06b.JPG,6
images/028A18.JPG,18
images/017A42.JPG,42
images/002A04.JPG,4
images/047A23.JPG,23
images/062A16.JPG,16
images/016A05.JPG,5
images/004A51.JPG,51
images/041A09.JPG,9
images/048A46.JPG,46
images/080A02.JPG,2
images/023A16.JPG,16
images/002A18.JPG,18
images/031A06.JPG,6
images/072A02.JPG,2
images/040A02.JPG,2
images/041A20.JPG,20
images/002A26.JPG,26
images/001A29.JPG,29
images/033A14.JPG,14
images/074A11.JPG,11
images/017A15.JPG,15
images/068A03.JPG,3
images/063A02.JPG,2
images/023A29.JPG,29
images/062A45.JPG,45
images/009A11.JPG,11
images/004A40.JPG,40
images/072A41.JPG,41
images/050A18.JPG,18
images/001A22.JPG,22
images/035A18.JPG,18
images/053A03.JPG,3
images/025A07.JPG,7
images/020A04.JPG,4
images/066A03.JPG,3
images/025A19.JPG,19
images/072A14.JPG,14
images/028A26.JPG,26
images/044A05.JPG,5
images/061A06.JPG,6
images/074A07.JPG,7
images/035A01.JPG,1
images/025A34.JPG,34
images/056A03.JPG,3
images/031A16.JPG,16
images/035A14.JPG,14
images/015A07.JPG,7
images/016A18.JPG,18
images/076A00.JPG,0
images/039A11.JPG,11
images/075A11.JPG,11
images/039A45.JPG,45
images/036A00.JPG,0
images/070A09.JPG,9
images/029A23.JPG,23
images/072A21.JPG,21
images/073A12.JPG,12
images/004A21.JPG,21
images/040A16.JPG,16
images/018A22.JPG,22
images/044A07.JPG,7
images/030A17.JPG,17
images/072A34.JPG,34
images/074A06.JPG,6
images/002A21.JPG,21
images/048A50.JPG,50
images/001A14.JPG,14
images/081A00.JPG,0
images/072A25.JPG,25
images/039A17.JPG,17
images/041A04.JPG,4
images/074A04.JPG,4
images/078A15.JPG,15
images/039A02.JPG,2
images/053A15.JPG,15
images/056A04.JPG,4
images/048A54.JPG,54
images/077A06.JPG,6
images/062A53.JPG,53
images/047A33.JPG,33
images/033A44.JPG,44
images/080A05.JPG,5
images/002A36.JPG,36
images/019A30.JPG,30
images/053A11.JPG,11
images/047A20.JPG,20
images/048A11.JPG,11
images/081A05.JPG,5
images/066A02a.JPG,2
images/081A06.JPG,6
images/053A06.JPG,6
images/063A25.JPG,25
images/017A07.JPG,7
images/036A20.JPG,20
images/018A36.JPG,36
images/076A15.JPG,15
images/029A29.JPG,29
images/058A03.JPG,3
images/007A18.JPG,18
images/081A11.JPG,11
images/025A00.JPG,0
images/072A19.JPG,19
images/039A13.JPG,13
images/063A18.JPG,18
images/007A38.JPG,38
images/050A03.JPG,3
images/062A15.JPG,15
images/078A12.JPG,12
images/036A06.JPG,6
images/001A43b.JPG,43
images/048A15.JPG,15
images/061A10.JPG,10
images/077A10.JPG,10
images/025A18.JPG,18
images/010A12.JPG,12
images/029A11.JPG,11
images/062A38.JPG,38
images/036A03.JPG,3
images/044A13.JPG,13
images/031A15.JPG,15
images/036A13.JPG,13
images/072A13.JPG,13
images/017A05.JPG,5
images/025A39.JPG,39
images/046A17.JPG,17
images/033A18.JPG,18
images/044A01.JPG,1
images/001A43a.JPG,43
images/074A09.JPG,9
images/047A27.JPG,27
images/028A41.JPG,41
images/023A09.JPG,9
images/016A01.JPG,1
images/055A05.JPG,5
images/040A10.JPG,10
images/009A09.JPG,9
images/029A33.JPG,33
images/076A09.JPG,9
images/046A06.JPG,6
images/074A00.JPG,0
images/010A01.JPG,1
images/062A35.JPG,35
images/033A21.JPG,21
images/039A50.JPG,50
images/074A12.JPG,12
images/076A13.JPG,13
images/004A63.JPG,63
images/040A14.JPG,14
images/033A35.JPG,35
images/001A28.JPG,28
images/041A21.JPG,21
images/040A12.JPG,12
images/029A31.JPG,31
images/018A33.JPG,33
images/018A28.JPG,28
images/004A26.JPG,26
images/007A01.JPG,1
images/021A06.JPG,6
images/080A08.JPG,8
images/053A10.JPG,10
images/009A16b.JPG,16
images/010A07b.JPG,7
images/015A04.JPG,4
images/046A08.JPG,8
images/018A16.JPG,16
images/040A09.JPG,9
images/061A18.JPG,18
images/001A33.JPG,33
images/028A16.JPG,16
images/029A04.JPG,4
images/031A04.JPG,4
images/078A03.JPG,3
images/052A16.JPG,16
images/004A53.JPG,53
images/072A07.JPG,7
images/047A45.JPG,45
images/024A19.JPG,19
images/001A08.JPG,8
images/018A29.JPG,29
images/058A17.JPG,17
images/077A14.JPG,14
images/078A09.JPG,9
images/052A14.JPG,14
images/028A20.JPG,20
images/031A11.JPG,11
images/009A05.JPG,5
images/020A18.JPG,18
images/019A27.JPG,27
images/073A14.JPG,14
images/080A13.JPG,13
images/035A03.JPG,3
images/078A08.JPG,8
images/004A48.JPG,48
images/080A00.JPG,0
images/010A06.JPG,6
images/016A19.JPG,19
images/077A01.JPG,1
images/080A03.JPG,3
images/057A17.JPG,17
images/046A00.JPG,0
images/034A21.JPG,21
images/007A39.JPG,39
images/002A31.JPG,31
images/002A29.JPG,29
images/068A00.JPG,0
images/004A28.JPG,28
images/040A06.JPG,6
images/009A00.JPG,0
images/048A10.JPG,10
images/047A12.JPG,12
images/018A34.JPG,34
images/078A04.JPG,4
images/039A10.JPG,10
images/010A09.JPG,9
images/070A12.JPG,12
