images/048A10.JPG,10
images/027A25.JPG,25
images/076A17.JPG,17
images/037A06.JPG,6
images/025A19.JPG,19
images/059A07.JPG,7
images/036A18.JPG,18
images/076A05.JPG,5
images/052A19.JPG,19
images/076A04.JPG,4
images/053A13.JPG,13
images/002A20.JPG,20
images/061A15.JPG,15
images/006A46.JPG,46
images/058A03.JPG,3
images/069A00.JPG,0
images/035A14.JPG,14
images/076A06.JPG,6
images/052A20.JPG,20
images/038A14.JPG,14
images/057A23.JPG,23
images/040A14.JPG,14
images/070A03.JPG,3
images/030A26.JPG,26
images/074A10.JPG,10
images/018A25.JPG,25
images/033A44.JPG,44
images/047A20.JPG,20
images/041A02.JPG,2
images/067A26.JPG,26
images/072A02.JPG,2
images/034A35.JPG,35
images/056A12.JPG,12
images/045A32.JPG,32
images/040A09.JPG,9
images/048A00.JPG,0
images/072A27.JPG,27
images/080A05.JPG,5
images/074A06.JPG,6
images/054A16.JPG,16
images/057A25.JPG,25
images/059A02b.JPG,2
images/023A07.JPG,7
images/058A01.JPG,1
images/022A23.JPG,23
images/053A06.JPG,6
images/022A16.JPG,16
images/072A45.JPG,45
images/072A19.JPG,19
images/054A12.JPG,12
images/025A34.JPG,34
images/032A18.JPG,18
images/054A18.JPG,18
images/012A25.JPG,25
images/041A09.JPG,9
images/008A06.JPG,6
images/008A18.JPG,18
images/037A01.JPG,1
images/012A14.JPG,14
images/042A24.JPG,24
images/038A08.JPG,8
images/052A13.JPG,13
images/058A04.JPG,4
images/047A11.JPG,11
images/068A14.JPG,14
images/022A18.JPG,18
images/055A12.JPG,12
images/056A01.JPG,1
images/072A17.JPG,17
images/036A05.JPG,5
images/076A02.JPG,2
images/070A01.JPG,1
images/030A00.JPG,0
images/037A00.JPG,0
images/074A09.JPG,9
images/049A15.JPG,15
images/008A29.JPG,29
images/008A08.JPG,8
images/012A30.JPG,30
images/035A21.JPG,21
images/001A05.JPG,5
images/049A12.JPG,12
images/054A06.JPG,6
images/032A13.JPG,13
images/054A17.JPG,17
images/025A23.JPG,23
images/002A36.JPG,36
images/017A32.JPG,32
images/076A10.JPG,10
images/051A12.JPG,12
images/017A15.JPG,15
images/067A23.JPG,23
images/041A19.JPG,19
images/038A05.JPG,5
images/068A13.JPG,13
images/002A26.JPG,26
images/008A13.JPG,13
images/079A06.JPG,6
images/052A17.JPG,17
images/052A07.JPG,7
images/048A16.JPG,16
images/052A04.JPG,4
images/006A69.JPG,69
images/018A28.JPG,28
images/036A08.JPG,8
images/053A08.JPG,8
images/006A24.JPG,24
images/048A09.JPG,9
images/038A04.JPG,4
images/018A29.JPG,29
images/039A19.JPG,19
images/010A15.JPG,15
images/080A12.JPG,12
images/004A63.JPG,63
images/033A14.JPG,14
images/006A55.JPG,55
images/054A00.JPG,0
images/072A14.JPG,14
images/080A00.JPG,0
images/008A12.JPG,12
images/025A15.JPG,15
images/047A06.JPG,6
images/010A01.JPG,1
images/022A27.JPG,27
images/048A17.JPG,17
images/015A07.JPG,7
images/068A10b.JPG,10
images/017A36.JPG,36
images/051A15.JPG,15
images/007A39.JPG,39
images/001A40.JPG,40
images/036A19.JPG,19
images/042A00.JPG,0
images/079A11.JPG,11
images/041A00.JPG,0
images/018A11.JPG,11
images/033A10.JPG,10
images/047A23.JPG,23
images/074A15.JPG,15
images/012A12.JPG,12
images/052A18.JPG,18
images/042A01.JPG,1
images/068A10a.JPG,10
images/047A33.JPG,33
images/076A00.JPG,0
images/052A16.JPG,16
images/067A17.JPG,17
images/059A03.JPG,3
images/039A02.JPG,2
images/048A18.JPG,18
images/065A02a.JPG,2
images/074A13.JPG,13
images/065A03b.JPG,3
images/014A14.JPG,14
images/034A11.JPG,11
images/076A01.JPG,1
images/032A06.JPG,6
images/004A51.JPG,51
images/023A14.JPG,14
images/061A30.JPG,30
images/056A15.JPG,15
images/045A48.JPG,48
images/022A11.JPG,11
images/025A03.JPG,3
images/070A09.JPG,9
images/069A07.JPG,7
images/058A05.JPG,5
images/080A06.JPG,6
images/034A18.JPG,18
images/006A51.JPG,51
images/065A12.JPG,12
images/046A00.JPG,0
images/022A20.JPG,20
images/037A19.JPG,19
images/065A06b.JPG,6
images/030A10.JPG,10
images/036A20.JPG,20
images/045A17.JPG,17
images/047A09.JPG,9
images/069A03.JPG,3
images/080A08.JPG,8
images/012A21.JPG,21
images/036A01.JPG,1
images/015A01.JPG,1
images/015A14.JPG,14
images/036A03.JPG,3
images/068A12.JPG,12
images/037A09.JPG,9
images/065A07b.JPG,7
images/039A45.JPG,45
images/018A06.JPG,6
images/032A24.JPG,24
images/049A07.JPG,7
images/067A33.JPG,33
images/070A14.JPG,14
images/039A13.JPG,13
images/004A53.JPG,53
images/004A26.JPG,26
images/002A16.JPG,16
images/004A19.JPG,19
images/061A19.JPG,19
images/010A16.JPG,16
images/030A04.JPG,4
images/032A28.JPG,28
images/048A46.JPG,46
images/055A04.JPG,4
images/017A17.JPG,17
images/025A07.JPG,7
images/004A21.JPG,21
images/001A18.JPG,18
images/010A04.JPG,4
images/036A15.JPG,15
images/057A12.JPG,12
images/001A08.JPG,8
images/006A31.JPG,31
images/036A00.JPG,0
images/030A20.JPG,20
images/002A21.JPG,21
images/012A04.JPG,4
images/056A06.JPG,6
images/049A10.JPG,10
images/004A40.JPG,40
images/027A18.JPG,18
images/076A15.JPG,15
images/065A13.JPG,13
images/012A24.JPG,24
images/002A18.JPG,18
images/034A44.JPG,44
images/014A22.JPG,22
images/045A19.JPG,19
images/006A42.JPG,42
images/068A03.JPG,3
images/042A18.JPG,18
images/042A12.JPG,12
images/014A40.JPG,40
images/080A02.JPG,2
images/040A19.JPG,19
images/054A11.JPG,11
images/035A09.JPG,9
images/022A07.JPG,7
images/008A33.JPG,33
images/030A18.JPG,18
images/080A03.JPG,3
images/067A39.JPG,39
images/042A10.JPG,10
images/079A12.JPG,12
images/079A00.JPG,0
images/037A13.JPG,13
images/027A16.JPG,16
images/046A01.JPG,1
images/039A10.JPG,10
images/045A25.JPG,25
images/023A25.JPG,25
images/079A09.JPG,9
images/032A08.JPG,8
images/040A05.JPG,5
images/040A00.JPG,0
images/072A13.JPG,13
images/049A16.JPG,16
images/076A03.JPG,3
images/046A16.JPG,16
images/008A16.JPG,16
images/023A22.JPG,22
images/074A05.JPG,5
images/053A10.JPG,10
images/034A30.JPG,30
images/048A27.JPG,27
images/027A11.JPG,11
images/074A04.JPG,4
images/015A19.JPG,19
images/034A13.JPG,13
images/035A07.JPG,7
images/025A00.JPG,0
images/035A23b.JPG,23
images/061A10.JPG,10
images/023A09.JPG,9
images/055A08.JPG,8
images/039A50.JPG,50
images/045A12.JPG,12
images/033A02.JPG,2
images/037A11.JPG,11
images/041A20.JPG,20
images/037A08.JPG,8
images/006A67.JPG,67
images/023A03.JPG,3
images/069A10.JPG,10
images/007A45.JPG,45
images/012A18.JPG,18
images/037A02.JPG,2
images/074A11.JPG,11
images/059A14.JPG,14
images/036A17.JPG,17
images/048A30.JPG,30
images/052A14.JPG,14
images/017A07.JPG,7
images/042A28.JPG,28
images/018A34.JPG,34
images/074A00.JPG,0
images/039A11.JPG,11
images/070A12.JPG,12
images/030A16.JPG,16
images/041A04.JPG,4
images/046A14.JPG,14
images/059A04.JPG,4
images/012A32.JPG,32
images/018A36.JPG,36
images/023A29.JPG,29
images/014A16.JPG,16
images/042A06.JPG,6
images/015A05.JPG,5
images/048A49.JPG,49
images/012A36.JPG,36
images/034A39.JPG,39
images/015A00.JPG,0
images/054A02.JPG,2
images/039A35.JPG,35
images/040A06.JPG,6
images/069A04.JPG,4
images/033A30.JPG,30
images/001A28.JPG,28
images/070A05.JPG,5
images/007A18.JPG,18
images/061A25.JPG,25
images/037A04.JPG,4
images/045A03.JPG,3
images/001A43a.JPG,43
images/058A02.JPG,2
images/002A05.JPG,5
images/076A07.JPG,7
images/017A38.JPG,38
images/023A16.JPG,16
images/002A04.JPG,4
images/052A10.JPG,10
images/055A05.JPG,5
images/017A29.JPG,29
images/053A02.JPG,2
images/037A18.JPG,18
images/004A62.JPG,62
images/051A17.JPG,17
images/051A16.JPG,16
images/032A35.JPG,35
images/017A19.JPG,19
images/001A43b.JPG,43
images/038A11.JPG,11
images/010A09.JPG,9
images/055A23.JPG,23
images/054A04.JPG,4
images/048A15.JPG,15
images/036A13.JPG,13
images/080A01.JPG,1
images/010A06.JPG,6
images/048A33.JPG,33
images/049A04.JPG,4
images/053A01.JPG,1
images/036A11.JPG,11
images/017A22.JPG,22
images/007A26.JPG,26
images/023A00.JPG,0
images/006A61.JPG,61
images/033A21.JPG,21
images/067A04.JPG,4
images/061A29.JPG,29
images/048A11.JPG,11
images/074A08.JPG,8
images/070A06.JPG,6
images/035A12.JPG,12
images/032A33.JPG,33
images/012A26.JPG,26
images/080A10.JPG,10
images/034A16.JPG,16
images/035A08.JPG,8
images/057A18.JPG,18
images/040A16.JPG,16
images/008A03.JPG,3
images/069A09.JPG,9
images/051A18.JPG,18
images/065A02b.JPG,2
images/072A21.JPG,21
images/074A14.JPG,14
images/017A05.JPG,5
images/035A16.JPG,16
images/038A17.JPG,17
images/079A08.JPG,8
images/065A11.JPG,11
images/065A04.JPG,4
images/053A15.JPG,15
images/025A39.JPG,39
images/046A10.JPG,10
images/080A04.JPG,4
images/054A19.JPG,19
images/055A06.JPG,6
images/074A02.JPG,2
images/025A12.JPG,12
images/033A18.JPG,18
images/079A01.JPG,1
images/034A04.JPG,4
images/023A18.JPG,18
images/018A22.JPG,22
images/039A17.JPG,17
images/039A05.JPG,5
images/034A15.JPG,15
images/002A38.JPG,38
images/079A13.JPG,13
images/072A34.JPG,34
images/047A13.JPG,13
images/080A13.JPG,13
images/057A00.JPG,0
images/067A28.JPG,28
images/069A13.JPG,13
images/038A23.JPG,23
images/001A14.JPG,14
images/059A06.JPG,6
images/068A09.JPG,9
images/027A13.JPG,13
images/041A21.JPG,21
images/035A01.JPG,1
images/034A25.JPG,25
images/002A23.JPG,23
images/053A18.JPG,18
images/065A07a.JPG,7
images/025A22.JPG,22
images/070A07.JPG,7
images/045A06.JPG,6
images/039A15.JPG,15
images/032A15.JPG,15
images/046A18.JPG,18
images/040A21.JPG,21
images/048A52.JPG,52
images/037A17.JPG,17
images/069A02.JPG,2
images/045A40.JPG,40
images/079A10.JPG,10
images/058A13.JPG,13
images/015A15.JPG,15
images/012A27.JPG,27
images/068A04.JPG,4
images/025A28.JPG,28
images/053A12.JPG,12
images/027A30.JPG,30
images/012A23.JPG,23
images/017A26.JPG,26
images/047A45.JPG,45
images/074A03.JPG,3
images/015A10.JPG,10
images/030A17.JPG,17
images/034A21.JPG,21
images/001A29.JPG,29
images/051A08.JPG,8
images/035A18.JPG,18
images/010A18.JPG,18
images/007A38.JPG,38
images/072A07.JPG,7
images/040A10.JPG,10
images/022A30.JPG,30
images/072A41.JPG,41
images/023A21.JPG,21
images/065A08.JPG,8
images/058A17.JPG,17
images/010A10.JPG,10
images/041A24.JPG,24
images/051A24.JPG,24
images/038A34.JPG,34
images/074A01.JPG,1
images/046A06.JPG,6
images/006A36.JPG,36
images/018A18.JPG,18
images/047A15.JPG,15
images/033A35.JPG,35
images/080A07.JPG,7
images/045A28.JPG,28
images/039A16.JPG,16
images/061A18.JPG,18
images/061A04.JPG,4
images/051A00.JPG,0
images/014A12.JPG,12
images/053A04.JPG,4
images/018A16.JPG,16
images/070A02.JPG,2
images/034A02.JPG,2
images/072A29.JPG,29
images/058A10.JPG,10
images/058A00.JPG,0
images/001A22.JPG,22
images/014A03.JPG,3
images/061A06.JPG,6
images/042A20.JPG,20
images/002A29.JPG,29
images/079A03.JPG,3
images/048A50.JPG,50
images/042A14.JPG,14
images/057A16.JPG,16
images/007A37.JPG,37
images/001A19.JPG,19
images/010A12.JPG,12
images/076A12.JPG,12
images/080A14.JPG,14
images/002A31.JPG,31
images/058A06.JPG,6
images/074A07.JPG,7
images/038A03.JPG,3
images/018A33.JPG,33
images/038A01.JPG,1
images/035A03.JPG,3
images/079A05.JPG,5
images/079A04.JPG,4
images/006A28.JPG,28
images/004A30.JPG,30
images/014A18.JPG,18
images/076A13.JPG,13
images/079A02.JPG,2
images/068A11.JPG,11
images/040A03a.JPG,3
images/038A00.JPG,0
images/039A52.JPG,52
images/022A26.JPG,26
images/057A06.JPG,6
images/080A09.JPG,9
images/032A40.JPG,40
images/046A17.JPG,17
images/017A12.JPG,12
images/010A07b.JPG,7
images/027A41.JPG,41
images/040A02.JPG,2
images/002A07.JPG,7
images/045A08.JPG,8
images/046A20.JPG,20
images/051A14.JPG,14
images/076A11.JPG,11
images/049A17.JPG,17
images/015A04.JPG,4
images/047A05.JPG,5
images/014A36.JPG,36
images/065A06a.JPG,6
images/069A11.JPG,11
images/015A12.JPG,12
images/061A32.JPG,32
images/054A09.JPG,9
images/038A13.JPG,13
images/007A01.JPG,1
images/061A07.JPG,7
images/014A42.JPG,42
images/070A00.JPG,0
images/069A06.JPG,6
images/033A25.JPG,25
images/006A40.JPG,40
images/032A10.JPG,10
images/015A03.JPG,3
images/076A08.JPG,8
images/038A10.JPG,10
images/027A36.JPG,36
images/076A16.JPG,16
images/025A18.JPG,18
images/040A12.JPG,12
images/054A13.JPG,13
images/002A12.JPG,12
images/008A21.JPG,21
images/046A02.JPG,2
images/061A26.JPG,26
images/079A07.JPG,7
images/015A17.JPG,17
images/001A10.JPG,10
images/047A18.JPG,18
images/042A08.JPG,8
images/017A42.JPG,42
images/033A39.JPG,39
images/001A02.JPG,2
images/033A05.JPG,5
images/053A00.JPG,0
images/057A07.JPG,7
images/065A10.JPG,10
images/035A23a.JPG,23
images/051A05.JPG,5
images/053A11.JPG,11
images/001A33.JPG,33
images/035A00.JPG,0
images/008A17.JPG,17
images/045A43.JPG,43
images/027A22.JPG,22
images/046A04.JPG,4
images/039A07.JPG,7
images/049A06.JPG,6
images/022A25.JPG,25
images/035A05.JPG,5
images/070A08.JPG,8
images/041A06.JPG,6
images/004A37.JPG,37
images/030A23.JPG,23
images/015A09.JPG,9
images/036A06.JPG,6
images/004A28.JPG,28
images/056A02.JPG,2
images/056A04.JPG,4
images/047A12.JPG,12
images/007A23.JPG,23
images/059A02a.JPG,2
images/047A55.JPG,55
images/027A20.JPG,20
images/010A05.JPG,5
images/012A07.JPG,7
images/040A03b.JPG,3
images/057A17.JPG,17
images/048A54.JPG,54
images/067A21.JPG,21
images/076A09.JPG,9
images/068A00.JPG,0
images/059A16.JPG,16
images/022A00.JPG,0
images/022A14.JPG,14
images/012A34.JPG,34
images/002A03.JPG,3
images/049A05.JPG,5
images/053A03.JPG,3
images/030A07.JPG,7
images/046A08.JPG,8
images/027A02.JPG,2
images/067A14.JPG,14
images/041A13.JPG,13
images/038A21.JPG,21
images/067A30.JPG,30
images/072A11.JPG,11
images/042A05.JPG,5
images/042A04.JPG,4
images/022A28.JPG,28
images/059A12.JPG,12
images/074A12.JPG,12
images/056A03.JPG,3
images/072A25.JPG,25
images/001A16.JPG,16
images/030A05.JPG,5
images/057A05.JPG,5
images/040A07.JPG,7
images/065A09.JPG,9
images/004A48.JPG,48
images/008A30.JPG,30
images/032A20.JPG,20
images/076A14.JPG,14
images/023A05.JPG,5
images/051A02.JPG,2
images/065A03a.JPG,3
images/055A22.JPG,22
images/052A02.JPG,2
images/008A31.JPG,31
images/010A07a.JPG,7
images/002A15.JPG,15
images/046A12.JPG,12
images/058A15.JPG,15
images/014A30.JPG,30
images/055A14.JPG,14
images/008A41.JPG,41
images/045A18.JPG,18
images/008A35.JPG,35
images/061A17.JPG,17
images/047A27.JPG,27
images/069A05.JPG,5
images/054A10.JPG,10
images/049A08.JPG,8
images/007A22.JPG,22
images/056A10.JPG,10
