images/014A42.JPG,42
images/056A10.JPG,10
images/028A35.JPG,35
images/074A03.JPG,3
images/037A04.JPG,4
images/037A19.JPG,19
images/025A22.JPG,22
images/068A14.JPG,14
images/023A16.JPG,16
images/061A32.JPG,32
images/067A39.JPG,39
images/003A51.JPG,51
images/040A14.JPG,14
images/035A08.JPG,8
images/035A09.JPG,9
images/002A38.JPG,38
images/010A10.JPG,10
images/061A26.JPG,26
images/069A09.JPG,9
images/037A06.JPG,6
images/004A28.JPG,28
images/010A16.JPG,16
images/030A00.JPG,0
images/070A00.JPG,0
images/025A12.JPG,12
images/052A13.JPG,13
images/079A05.JPG,5
images/081A10.JPG,10
images/040A03b.JPG,3
images/016A03.JPG,3
images/014A14.JPG,14
images/032A18.JPG,18
images/072A19.JPG,19
images/037A08.JPG,8
images/032A10.JPG,10
images/081A02.JPG,2
images/027A20.JPG,20
images/009A01.JPG,1
images/026A15.JPG,15
images/020A13.JPG,13
images/010A12.JPG,12
images/049A12.JPG,12
images/036A05.JPG,5
images/003A25.JPG,25
images/042A18.JPG,18
images/040A19.JPG,19
images/076A05.JPG,5
images/026A06.JPG,6
images/012A14.JPG,14
images/079A01.JPG,1
images/071A24.JPG,24
images/022A23.JPG,23
images/068A09.JPG,9
images/009A05.JPG,5
images/024A19.JPG,19
images/082A00.JPG,0
images/063A09.JPG,9
images/071A00.JPG,0
images/010A09.JPG,9
images/001A05.JPG,5
images/037A00.JPG,0
images/063A18.JPG,18
images/071A10.JPG,10
images/001A08.JPG,8
images/046A14.JPG,14
images/033A25.JPG,25
images/036A06.JPG,6
images/014A40.JPG,40
images/048A11.JPG,11
images/025A00.JPG,0
images/040A06.JPG,6
images/002A21.JPG,21
images/071A45.JPG,45
images/040A05.JPG,5
images/070A06.JPG,6
images/046A17.JPG,17
images/022A27.JPG,27
images/001A18.JPG,18
images/082A03.JPG,3
images/072A13.JPG,13
images/074A10.JPG,10
images/018A16.JPG,16
images/032A33.JPG,33
images/005A31.JPG,31
images/069A02.JPG,2
images/002A12.JPG,12
images/072A11.JPG,11
images/010A04.JPG,4
images/030A16.JPG,16
images/012A12.JPG,12
images/046A18.JPG,18
images/020A20.JPG,20
images/036A20.JPG,20
images/054A09.JPG,9
images/025A39.JPG,39
images/072A07.JPG,7
images/036A15.JPG,15
images/060A02.JPG,2
images/023A29.JPG,29
images/082A18.JPG,18
images/028A34.JPG,34
images/002A05.JPG,5
images/070A05.JPG,5
images/069A00.JPG,0
images/074A09.JPG,9
images/005A40.JPG,40
images/061A06.JPG,6
images/082A23.JPG,23
images/079A04.JPG,4
images/069A03.JPG,3
images/023A25.JPG,25
images/040A00.JPG,0
images/022A11.JPG,11
images/031A06.JPG,6
images/072A34.JPG,34
images/033A10.JPG,10
images/003A60.JPG,60
images/082A31.JPG,31
images/030A20.JPG,20
images/016A04.JPG,4
images/079A06.JPG,6
images/070A01.JPG,1
images/030A18.JPG,18
images/026A07.JPG,7
images/032A15.JPG,15
images/049A04.JPG,4
images/002A26.JPG,26
images/030A26.JPG,26
images/034A30.JPG,30
images/002A29.JPG,29
images/028A28.JPG,28
images/079A03.JPG,3
images/004A26.JPG,26
images/042A04.JPG,4
images/001A28.JPG,28
images/079A02.JPG,2
images/071A43.JPG,43
images/054A00.JPG,0
images/016A14.JPG,14
images/012A07.JPG,7
images/036A17.JPG,17
images/082A16.JPG,16
images/060A19.JPG,19
images/012A32.JPG,32
images/023A14.JPG,14
images/035A12.JPG,12
images/022A30.JPG,30
images/032A40.JPG,40
images/063A33.JPG,33
images/082A21.JPG,21
images/010A15.JPG,15
images/052A07.JPG,7
images/071A23.JPG,23
images/081A03.JPG,3
images/072A41.JPG,41
images/063A02.JPG,2
images/082A22.JPG,22
images/054A12.JPG,12
images/030A10.JPG,10
images/032A13.JPG,13
images/001A10.JPG,10
images/067A21.JPG,21
images/017A12.JPG,12
images/056A03.JPG,3
images/033A30.JPG,30
images/001A16.JPG,16
images/074A00.JPG,0
images/082A25.JPG,25
images/001A02.JPG,2
images/004A37.JPG,37
images/017A07.JPG,7
images/048A15.JPG,15
images/067A17.JPG,17
images/025A19.JPG,19
images/063A08.JPG,8
images/025A03.JPG,3
images/010A07b.JPG,7
images/074A15.JPG,15
images/076A02.JPG,2
images/060A08.JPG,8
images/071A44.JPG,44
images/052A17.JPG,17
images/068A10a.JPG,10
images/060A17.JPG,17
images/031A00.JPG,0
images/026A19.JPG,19
images/074A11.JPG,11
images/032A35.JPG,35
images/036A18.JPG,18
images/060A04.JPG,4
images/003A35.JPG,35
images/054A18.JPG,18
images/003A47.JPG,47
images/064A03.JPG,3
images/059A12.JPG,12
images/016A18.JPG,18
images/061A10.JPG,10
images/074A13.JPG,13
images/030A17.JPG,17
images/017A15.JPG,15
images/023A18.JPG,18
images/002A31.JPG,31
images/067A26.JPG,26
images/012A26.JPG,26
images/042A14.JPG,14
images/052A14.JPG,14
images/059A03.JPG,3
images/052A10.JPG,10
images/046A20.JPG,20
images/010A18.JPG,18
images/033A05.JPG,5
images/027A16.JPG,16
images/003A20.JPG,20
images/072A27.JPG,27
images/032A08.JPG,8
images/034A18.JPG,18
images/056A15.JPG,15
images/034A13.JPG,13
images/016A07.JPG,7
images/061A15.JPG,15
images/049A06.JPG,6
images/022A20.JPG,20
images/061A18.JPG,18
images/012A27.JPG,27
images/009A00.JPG,0
images/024A05.JPG,5
images/012A21.JPG,21
images/072A21.JPG,21
images/060A07.JPG,7
images/035A00.JPG,0
images/027A25.JPG,25
images/042A05.JPG,5
images/031A14.JPG,14
images/022A18.JPG,18
images/017A19.JPG,19
images/009A22a.JPG,22
images/010A06.JPG,6
images/024A00.JPG,0
images/064A10.JPG,10
images/074A12.JPG,12
images/027A30.JPG,30
images/044A15.JPG,15
images/036A01.JPG,1
images/071A22.JPG,22
images/049A16.JPG,16
images/024A07.JPG,7
images/036A00.JPG,0
images/044A25.JPG,25
images/056A01.JPG,1
images/068A13.JPG,13
images/079A12.JPG,12
images/040A21.JPG,21
images/033A35.JPG,35
images/082A20.JPG,20
images/035A14.JPG,14
images/030A07.JPG,7
images/071A40.JPG,40
images/048A52.JPG,52
images/054A17.JPG,17
images/017A22.JPG,22
images/020A26.JPG,26
images/010A01.JPG,1
images/036A19.JPG,19
images/040A10.JPG,10
images/020A36.JPG,36
images/076A06.JPG,6
images/030A04.JPG,4
images/004A19.JPG,19
images/063A20.JPG,20
images/067A28.JPG,28
images/081A04.JPG,4
images/032A24.JPG,24
images/025A18.JPG,18
images/020A11.JPG,11
images/003A18.JPG,18
images/044A05.JPG,5
images/054A06.JPG,6
images/012A23.JPG,23
images/076A15.JPG,15
images/049A08.JPG,8
images/024A18.JPG,18
images/034A44.JPG,44
images/005A45.JPG,45
images/060A06.JPG,6
images/052A04.JPG,4
images/054A04.JPG,4
images/046A01.JPG,1
images/037A02.JPG,2
images/054A02.JPG,2
images/020A30.JPG,30
images/028A20.JPG,20
images/059A02a.JPG,2
images/016A08.JPG,8
images/035A21.JPG,21
images/046A12.JPG,12
images/001A43a.JPG,43
images/034A15.JPG,15
images/032A20.JPG,20
images/022A16.JPG,16
images/046A08.JPG,8
images/070A07.JPG,7
images/012A36.JPG,36
images/001A14.JPG,14
images/018A34.JPG,34
images/069A07.JPG,7
images/005A24.JPG,24
images/072A17.JPG,17
images/010A07a.JPG,7
images/063A04.JPG,4
images/074A01.JPG,1
images/082A27.JPG,27
images/009A16b.JPG,16
images/044A01.JPG,1
images/069A06.JPG,6
images/042A24.JPG,24
images/046A02.JPG,2
images/060A12.JPG,12
images/023A00.JPG,0
images/048A50.JPG,50
images/026A11.JPG,11
images/003A61.JPG,61
images/014A18.JPG,18
images/042A08.JPG,8
images/068A12.JPG,12
images/004A51.JPG,51
images/036A11.JPG,11
images/069A04.JPG,4
images/031A19.JPG,19
images/028A37.JPG,37
images/027A22.JPG,22
images/068A04.JPG,4
images/060A10.JPG,10
images/042A10.JPG,10
images/081A07.JPG,7
images/024A28.JPG,28
images/035A23a.JPG,23
images/068A03.JPG,3
images/070A09.JPG,9
images/048A46.JPG,46
images/018A22.JPG,22
images/020A04.JPG,4
images/028A41.JPG,41
images/009A14.JPG,14
images/052A18.JPG,18
images/001A29.JPG,29
images/079A00.JPG,0
images/022A28.JPG,28
images/067A33.JPG,33
images/033A44.JPG,44
images/009A03.JPG,3
images/069A10.JPG,10
images/009A18.JPG,18
images/031A11.JPG,11
images/016A05.JPG,5
images/032A28.JPG,28
images/016A16.JPG,16
images/023A07.JPG,7
images/037A13.JPG,13
images/002A16.JPG,16
images/037A09.JPG,9
images/060A20.JPG,20
images/061A17.JPG,17
images/002A15.JPG,15
images/028A46.JPG,46
images/048A10.JPG,10
images/052A02.JPG,2
images/072A02.JPG,2
images/070A14.JPG,14
images/014A12.JPG,12
images/081A11.JPG,11
images/018A11.JPG,11
images/020A22.JPG,22
images/034A21.JPG,21
images/009A16a.JPG,16
images/076A10.JPG,10
images/034A16.JPG,16
images/031A12.JPG,12
images/018A29.JPG,29
images/016A12.JPG,12
images/009A09.JPG,9
images/035A05.JPG,5
images/081A00.JPG,0
images/005A48.JPG,48
images/003A58.JPG,58
images/042A06.JPG,6
images/018A36.JPG,36
images/059A07.JPG,7
images/002A07.JPG,7
images/002A03.JPG,3
images/074A05.JPG,5
images/033A14.JPG,14
images/081A12.JPG,12
images/001A19.JPG,19
images/054A19.JPG,19
images/074A08.JPG,8
images/052A20.JPG,20
images/034A35.JPG,35
images/004A40.JPG,40
images/049A05.JPG,5
images/067A30.JPG,30
images/042A00.JPG,0
images/054A13.JPG,13
images/044A03.JPG,3
images/076A00.JPG,0
images/035A03.JPG,3
images/068A10b.JPG,10
images/049A07.JPG,7
images/074A07.JPG,7
images/035A18.JPG,18
images/046A16.JPG,16
images/044A21.JPG,21
images/002A23.JPG,23
images/002A18.JPG,18
images/064A04.JPG,4
images/044A17.JPG,17
images/076A01.JPG,1
images/017A38.JPG,38
images/005A61.JPG,61
images/076A04.JPG,4
images/020A16.JPG,16
images/060A11.JPG,11
images/001A43b.JPG,43
images/034A11.JPG,11
images/044A18.JPG,18
images/031A03.JPG,3
images/023A09.JPG,9
images/061A19.JPG,19
images/017A42.JPG,42
images/070A08.JPG,8
images/064A01.JPG,1
images/056A02.JPG,2
images/025A15.JPG,15
images/076A17.JPG,17
images/031A16.JPG,16
images/027A02.JPG,2
images/030A23.JPG,23
images/022A25.JPG,25
images/067A04.JPG,4
images/034A25.JPG,25
images/033A18.JPG,18
images/061A29.JPG,29
images/005A18.JPG,18
images/027A11.JPG,11
images/049A10.JPG,10
images/081A06.JPG,6
images/068A00.JPG,0
images/035A07.JPG,7
images/076A11.JPG,11
images/067A14.JPG,14
images/031A07.JPG,7
images/048A09.JPG,9
images/036A08.JPG,8
images/054A11.JPG,11
images/025A23.JPG,23
images/034A39.JPG,39
images/059A16.JPG,16
images/037A01.JPG,1
images/063A25.JPG,25
images/048A54.JPG,54
images/027A41.JPG,41
images/020A02.JPG,2
images/048A27.JPG,27
images/059A02b.JPG,2
images/035A23b.JPG,23
images/054A16.JPG,16
images/056A04.JPG,4
images/048A18.JPG,18
images/023A03.JPG,3
images/020A24.JPG,24
images/025A34.JPG,34
images/040A09.JPG,9
images/071A35.JPG,35
images/025A07.JPG,7
images/036A13.JPG,13
images/033A21.JPG,21
images/004A48.JPG,48
images/063A00.JPG,0
images/017A36.JPG,36
images/072A25.JPG,25
images/026A02.JPG,2
images/033A39.JPG,39
images/034A02.JPG,2
images/026A13.JPG,13
images/064A15.JPG,15
images/014A36.JPG,36
images/037A11.JPG,11
images/012A25.JPG,25
images/020A08.JPG,8
images/005A30.JPG,30
images/070A03.JPG,3
images/070A12.JPG,12
images/049A15.JPG,15
images/009A13.JPG,13
images/012A24.JPG,24
images/018A33.JPG,33
images/074A02.JPG,2
images/059A06.JPG,6
images/005A49.JPG,49
images/061A07.JPG,7
images/010A05.JPG,5
images/023A05.JPG,5
images/076A13.JPG,13
images/028A18.JPG,18
images/001A33.JPG,33
images/060A05.JPG,5
images/040A16.JPG,16
images/061A25.JPG,25
images/022A26.JPG,26
images/048A30.JPG,30
images/035A01.JPG,1
images/003A23.JPG,23
images/012A30.JPG,30
images/046A04.JPG,4
images/018A06.JPG,6
images/018A18.JPG,18
images/016A17.JPG,17
images/018A25.JPG,25
images/081A01.JPG,1
images/009A22b.JPG,22
images/014A03.JPG,3
images/027A36.JPG,36
images/032A06.JPG,6
images/061A30.JPG,30
images/002A36.JPG,36
images/034A04.JPG,4
images/025A28.JPG,28
images/072A45.JPG,45
images/069A05.JPG,5
images/076A12.JPG,12
images/070A02.JPG,2
images/026A00.JPG,0
images/004A30.JPG,30
images/028A16.JPG,16
images/052A19.JPG,19
images/022A14.JPG,14
images/017A17.JPG,17
images/049A17.JPG,17
images/017A32.JPG,32
images/079A08.JPG,8
images/033A02.JPG,2
images/064A19.JPG,19
images/024A17.JPG,17
images/044A07.JPG,7
images/036A03.JPG,3
images/042A28.JPG,28
images/004A21.JPG,21
images/016A10.JPG,10
images/035A16.JPG,16
images/005A35.JPG,35
images/012A04.JPG,4
images/004A62.JPG,62
images/048A00.JPG,0
images/076A14.JPG,14
images/076A03.JPG,3
images/022A00.JPG,0
images/076A07.JPG,7
images/079A10.JPG,10
images/056A06.JPG,6
images/067A23.JPG,23
images/044A13.JPG,13
images/074A04.JPG,4
images/016A01.JPG,1
images/072A14.JPG,14
images/040A07.JPG,7
images/027A18.JPG,18
images/037A18.JPG,18
images/009A11.JPG,11
images/005A52.JPG,52
images/014A30.JPG,30
images/079A09.JPG,9
images/046A06.JPG,6
images/063A22.JPG,22
images/054A10.JPG,10
images/059A04.JPG,4
images/076A16.JPG,16
images/069A11.JPG,11
images/023A22.JPG,22
images/072A29.JPG,29
images/012A18.JPG,18
images/074A06.JPG,6
images/079A11.JPG,11
images/016A19.JPG,19
images/052A16.JPG,16
images/001A40.JPG,40
images/018A28.JPG,28
images/048A49.JPG,49
images/017A26.JPG,26
images/024A30.JPG,30
images/040A02.JPG,2
images/027A13.JPG,13
images/040A12.JPG,12
images/076A09.JPG,9
images/076A08.JPG,8
images/079A07.JPG,7
images/059A14.JPG,14
images/042A20.JPG,20
images/004A53.JPG,53
images/046A00.JPG,0
images/022A07.JPG,7
images/071A18.JPG,18
images/024A25.JPG,25
images/014A22.JPG,22
images/031A15.JPG,15
images/031A09.JPG,9
images/024A23.JPG,23
images/002A04.JPG,4
images/028A14.JPG,14
images/068A11.JPG,11
images/028A26.JPG,26
images/017A05.JPG,5
images/071A42.JPG,42
images/037A17.JPG,17
images/031A04.JPG,4
images/081A05.JPG,5
images/040A03a.JPG,3
images/004A63.JPG,63
images/002A20.JPG,20
images/012A34.JPG,34
images/056A12.JPG,12
images/030A05.JPG,5
images/061A04.JPG,4
images/026A04.JPG,4
images/020A18.JPG,18
images/003A49.JPG,49
images/081A08.JPG,8
images/048A33.JPG,33
images/003A38.JPG,38
images/071A27.JPG,27
images/026A18.JPG,18
images/017A29.JPG,29
images/024A10.JPG,10
images/014A16.JPG,16
images/042A01.JPG,1
images/048A16.JPG,16
images/031A02.JPG,2
images/026A17.JPG,17
images/001A22.JPG,22
images/046A10.JPG,10
images/079A13.JPG,13
images/074A14.JPG,14
images/069A13.JPG,13
images/023A21.JPG,21
images/048A17.JPG,17
images/042A12.JPG,12
