images/056A01.JPG,1
images/066A10.JPG,10
images/079A07.JPG,7
images/076A06.JPG,6
images/006A55.JPG,55
images/044A21.JPG,21
images/002A16.JPG,16
images/056A06.JPG,6
images/021A18.JPG,18
images/044A18.JPG,18
images/076A05.JPG,5
images/051A12.JPG,12
images/081A06.JPG,6
images/027A13.JPG,13
images/044A15.JPG,15
images/052A20.JPG,20
images/002A18.JPG,18
images/081A01.JPG,1
images/017A29.JPG,29
images/020A30.JPG,30
images/078A10.JPG,10
images/072A34.JPG,34
images/050A03.JPG,3
images/033A21.JPG,21
images/043A03.JPG,3
images/035A01.JPG,1
images/018A18.JPG,18
images/029A04.JPG,4
images/077A12.JPG,12
images/044A03.JPG,3
images/068A11.JPG,11
images/018A06.JPG,6
images/016A18.JPG,18
images/029A31.JPG,31
images/049A05.JPG,5
images/011A11.JPG,11
images/051A05.JPG,5
images/001A08.JPG,8
images/052A17.JPG,17
images/042A10.JPG,10
images/013A25.JPG,25
images/027A20.JPG,20
images/027A02.JPG,2
images/065A06a.JPG,6
images/069A00.JPG,0
images/058A06.JPG,6
images/042A05.JPG,5
images/061A10.JPG,10
images/031A14.JPG,14
images/019A27.JPG,27
images/072A19.JPG,19
images/072A21.JPG,21
images/016A17.JPG,17
images/029A13.JPG,13
images/074A13.JPG,13
images/073A09.JPG,9
images/016A03.JPG,3
images/058A17.JPG,17
images/079A04.JPG,4
images/043A19.JPG,19
images/002A26.JPG,26
images/050A22.JPG,22
images/027A36.JPG,36
images/006A24.JPG,24
images/069A07.JPG,7
images/033A25.JPG,25
images/044A25.JPG,25
images/019A18.JPG,18
images/056A04.JPG,4
images/016A05.JPG,5
images/011A13.JPG,13
images/069A06.JPG,6
images/032A20.JPG,20
images/075A08.JPG,8
images/033A39.JPG,39
images/051A18.JPG,18
images/002A31.JPG,31
images/073A08.JPG,8
images/057A00.JPG,0
images/038A17.JPG,17
images/072A02.JPG,2
images/077A03.JPG,3
images/029A33.JPG,33
images/057A25.JPG,25
images/052A16.JPG,16
images/043A23.JPG,23
images/001A10.JPG,10
images/079A11.JPG,11
images/040A00.JPG,0
images/074A11.JPG,11
images/020A13.JPG,13
images/075A01.JPG,1
images/075A07.JPG,7
images/038A23.JPG,23
images/052A02.JPG,2
images/077A11.JPG,11
images/029A22.JPG,22
images/081A08.JPG,8
images/038A04.JPG,4
images/076A08.JPG,8
images/061A25.JPG,25
images/038A34.JPG,34
images/035A18.JPG,18
images/010A06.JPG,6
images/002A05.JPG,5
images/066A04.JPG,4
images/010A04.JPG,4
images/075A05.JPG,5
images/011A05.JPG,5
images/069A11.JPG,11
images/075A03.JPG,3
images/076A00.JPG,0
images/019A05.JPG,5
images/010A01.JPG,1
images/077A06.JPG,6
images/049A16.JPG,16
images/035A23a.JPG,23
images/058A05.JPG,5
images/043A04.JPG,4
images/016A07.JPG,7
images/021A30.JPG,30
images/082A18.JPG,18
images/019A30.JPG,30
images/077A09.JPG,9
images/010A16.JPG,16
images/065A11.JPG,11
images/017A22.JPG,22
images/061A04.JPG,4
images/058A13.JPG,13
images/057A05.JPG,5
images/034A04.JPG,4
images/006A51.JPG,51
images/027A41.JPG,41
images/028A26.JPG,26
images/061A07.JPG,7
images/082A23.JPG,23
images/018A29.JPG,29
images/004A53.JPG,53
images/029A16.JPG,16
images/006A69.JPG,69
images/073A02.JPG,2
images/017A38.JPG,38
images/001A02.JPG,2
images/042A01.JPG,1
images/017A07.JPG,7
images/074A14.JPG,14
images/005A24.JPG,24
images/029A10.JPG,10
images/034A13.JPG,13
images/001A40.JPG,40
images/077A04.JPG,4
images/051A08.JPG,8
images/020A02.JPG,2
images/040A06.JPG,6
images/007A01.JPG,1
images/061A32.JPG,32
images/005A52.JPG,52
images/015A05.JPG,5
images/005A45.JPG,45
images/044A01.JPG,1
images/007A37.JPG,37
images/004A30.JPG,30
images/078A03.JPG,3
images/033A18.JPG,18
images/040A12.JPG,12
images/081A04.JPG,4
images/032A40.JPG,40
images/032A13.JPG,13
images/038A08.JPG,8
images/042A08.JPG,8
images/079A01.JPG,1
images/035A23b.JPG,23
images/006A36.JPG,36
images/004A48.JPG,48
images/031A06.JPG,6
images/018A11.JPG,11
images/018A33.JPG,33
images/034A44.JPG,44
images/044A17.JPG,17
images/074A08.JPG,8
images/074A00.JPG,0
images/034A15.JPG,15
images/074A04.JPG,4
images/068A13.JPG,13
images/017A12.JPG,12
images/018A34.JPG,34
images/076A14.JPG,14
images/015A14.JPG,14
images/066A00.JPG,0
images/021A06.JPG,6
images/058A00.JPG,0
images/021A27.JPG,27
images/074A15.JPG,15
images/001A43a.JPG,43
images/076A15.JPG,15
images/006A67.JPG,67
images/061A29.JPG,29
images/019A12.JPG,12
images/041A09.JPG,9
images/002A20.JPG,20
images/029A29.JPG,29
images/073A14.JPG,14
images/042A28.JPG,28
images/073A13.JPG,13
images/058A01.JPG,1
images/061A18.JPG,18
images/060A17.JPG,17
images/015A01.JPG,1
images/060A05.JPG,5
images/069A10.JPG,10
images/032A35.JPG,35
images/018A22.JPG,22
images/034A21.JPG,21
images/002A23.JPG,23
images/072A11.JPG,11
images/043A27.JPG,27
images/079A06.JPG,6
images/073A05.JPG,5
images/042A20.JPG,20
images/031A12.JPG,12
images/016A16.JPG,16
images/050A06.JPG,6
images/011A42.JPG,42
images/078A06.JPG,6
images/004A28.JPG,28
images/065A13.JPG,13
images/078A01.JPG,1
images/040A21.JPG,21
images/077A08.JPG,8
images/015A12.JPG,12
images/077A07.JPG,7
images/032A33.JPG,33
images/040A02.JPG,2
images/019A00.JPG,0
images/044A05.JPG,5
images/040A16.JPG,16
images/051A17.JPG,17
images/077A14.JPG,14
images/016A12.JPG,12
images/049A07.JPG,7
images/038A05.JPG,5
images/035A07.JPG,7
images/078A00.JPG,0
images/028A35.JPG,35
images/074A05.JPG,5
images/061A30.JPG,30
images/015A04.JPG,4
images/072A25.JPG,25
images/076A11.JPG,11
images/078A07.JPG,7
images/029A01.JPG,1
images/060A19.JPG,19
images/060A20.JPG,20
images/050A10.JPG,10
images/069A03.JPG,3
images/061A06.JPG,6
images/049A08.JPG,8
images/061A19.JPG,19
images/052A13.JPG,13
images/057A12.JPG,12
images/072A07.JPG,7
images/079A05.JPG,5
images/052A18.JPG,18
images/040A10.JPG,10
images/061A26.JPG,26
images/021A11.JPG,11
images/004A26.JPG,26
images/001A22.JPG,22
images/038A01.JPG,1
images/020A16.JPG,16
images/066A08.JPG,8
images/066A07.JPG,7
images/082A22.JPG,22
images/073A04.JPG,4
images/028A16.JPG,16
images/051A15.JPG,15
images/015A07.JPG,7
images/019A07.JPG,7
images/078A13.JPG,13
images/016A01.JPG,1
images/058A15.JPG,15
images/013A16.JPG,16
images/074A01.JPG,1
images/001A14.JPG,14
images/035A05.JPG,5
images/015A10.JPG,10
images/021A16.JPG,16
images/011A34.JPG,34
images/031A02.JPG,2
images/079A10.JPG,10
images/074A02.JPG,2
images/060A06.JPG,6
images/044A13.JPG,13
images/076A13.JPG,13
images/010A12.JPG,12
images/081A11.JPG,11
images/076A02.JPG,2
images/021A20.JPG,20
images/029A11.JPG,11
images/007A26.JPG,26
images/043A10.JPG,10
images/065A07b.JPG,7
images/049A15.JPG,15
images/040A03a.JPG,3
images/076A03.JPG,3
images/076A01.JPG,1
images/020A20.JPG,20
images/001A43b.JPG,43
images/001A18.JPG,18
images/007A39.JPG,39
images/010A10.JPG,10
images/034A35.JPG,35
images/038A00.JPG,0
images/040A19.JPG,19
images/082A21.JPG,21
images/005A31.JPG,31
images/001A16.JPG,16
images/027A18.JPG,18
images/019A23.JPG,23
images/060A04.JPG,4
images/069A13.JPG,13
images/068A14.JPG,14
images/081A00.JPG,0
images/072A14.JPG,14
images/033A14.JPG,14
images/032A28.JPG,28
images/035A08.JPG,8
images/015A19.JPG,19
images/013A21.JPG,21
images/013A19.JPG,19
images/033A30.JPG,30
images/051A24.JPG,24
images/038A21.JPG,21
images/081A10.JPG,10
images/065A02b.JPG,2
images/021A35.JPG,35
images/042A18.JPG,18
images/018A28.JPG,28
images/033A05.JPG,5
images/050A18.JPG,18
images/004A21.JPG,21
images/038A13.JPG,13
images/076A12.JPG,12
images/016A10.JPG,10
images/002A15.JPG,15
images/041A02.JPG,2
images/069A04.JPG,4
images/081A03.JPG,3
images/065A10.JPG,10
images/079A00.JPG,0
images/035A00.JPG,0
images/082A20.JPG,20
images/073A11.JPG,11
images/010A05.JPG,5
images/068A09.JPG,9
images/020A04.JPG,4
images/041A21.JPG,21
images/006A42.JPG,42
images/078A14.JPG,14
images/074A06.JPG,6
images/065A08.JPG,8
images/019A15.JPG,15
images/069A05.JPG,5
images/007A22.JPG,22
images/074A12.JPG,12
images/011A40.JPG,40
images/075A11.JPG,11
images/060A08.JPG,8
images/052A10.JPG,10
images/076A16.JPG,16
images/065A02a.JPG,2
images/031A15.JPG,15
images/041A06.JPG,6
images/050A14.JPG,14
images/078A12.JPG,12
images/006A61.JPG,61
images/035A21.JPG,21
images/049A04.JPG,4
images/057A18.JPG,18
images/078A04.JPG,4
images/002A29.JPG,29
images/006A31.JPG,31
images/002A07.JPG,7
images/066A02a.JPG,2
images/017A26.JPG,26
images/010A09.JPG,9
images/065A12.JPG,12
images/056A02.JPG,2
images/042A14.JPG,14
images/004A19.JPG,19
images/016A19.JPG,19
images/042A04.JPG,4
images/075A06.JPG,6
images/027A16.JPG,16
images/077A13.JPG,13
images/013A23.JPG,23
images/015A17.JPG,17
images/043A15.JPG,15
images/043A17.JPG,17
images/072A13.JPG,13
images/001A05.JPG,5
images/002A12.JPG,12
images/082A00.JPG,0
images/072A41.JPG,41
images/004A37.JPG,37
images/016A14.JPG,14
images/078A11.JPG,11
images/060A07.JPG,7
images/079A09.JPG,9
images/034A02.JPG,2
images/027A25.JPG,25
images/013A34.JPG,34
images/079A12.JPG,12
images/065A07a.JPG,7
images/013A41.JPG,41
images/052A04.JPG,4
images/017A42.JPG,42
images/076A04.JPG,4
images/010A18.JPG,18
images/005A49.JPG,49
images/027A30.JPG,30
images/015A03.JPG,3
images/073A15.JPG,15
images/032A08.JPG,8
images/079A03.JPG,3
images/051A16.JPG,16
images/074A10.JPG,10
images/060A11.JPG,11
images/020A36.JPG,36
images/028A18.JPG,18
images/028A46.JPG,46
images/020A08.JPG,8
images/040A05.JPG,5
images/029A23.JPG,23
images/041A04.JPG,4
images/069A02.JPG,2
images/066A11.JPG,11
images/002A38.JPG,38
images/011A07.JPG,7
images/041A19.JPG,19
images/077A15.JPG,15
images/010A15.JPG,15
images/049A10.JPG,10
images/040A14.JPG,14
images/042A12.JPG,12
images/065A09.JPG,9
images/005A35.JPG,35
images/040A09.JPG,9
images/066A09.JPG,9
images/027A22.JPG,22
images/033A44.JPG,44
images/035A12.JPG,12
images/073A12.JPG,12
images/020A26.JPG,26
images/056A12.JPG,12
images/073A03.JPG,3
images/011A02.JPG,2
images/034A18.JPG,18
images/056A15.JPG,15
images/006A28.JPG,28
images/060A10.JPG,10
images/081A07.JPG,7
images/031A00.JPG,0
images/017A17.JPG,17
images/075A10.JPG,10
images/033A10.JPG,10
images/005A61.JPG,61
images/013A18.JPG,18
images/018A25.JPG,25
images/073A01.JPG,1
images/002A04.JPG,4
images/075A02.JPG,2
images/057A17.JPG,17
images/006A40.JPG,40
images/077A10.JPG,10
images/017A15.JPG,15
images/013A00.JPG,0
images/004A51.JPG,51
images/058A10.JPG,10
images/032A06.JPG,6
images/066A06b.JPG,6
images/043A13.JPG,13
images/069A09.JPG,9
images/074A03.JPG,3
images/056A10.JPG,10
images/018A16.JPG,16
images/005A30.JPG,30
images/001A33.JPG,33
images/038A14.JPG,14
images/032A10.JPG,10
images/015A00.JPG,0
images/018A36.JPG,36
images/005A48.JPG,48
images/028A20.JPG,20
images/058A02.JPG,2
images/042A06.JPG,6
images/060A12.JPG,12
images/013A08.JPG,8
images/006A46.JPG,46
images/073A07.JPG,7
images/073A16.JPG,16
images/073A06.JPG,6
images/082A31.JPG,31
images/068A12.JPG,12
images/021A23.JPG,23
images/011A27.JPG,27
images/049A12.JPG,12
images/078A02.JPG,2
images/052A07.JPG,7
images/031A04.JPG,4
images/010A07a.JPG,7
images/079A02.JPG,2
images/002A36.JPG,36
images/052A19.JPG,19
images/034A39.JPG,39
images/068A03.JPG,3
images/005A40.JPG,40
images/049A06.JPG,6
images/013A44.JPG,44
images/051A14.JPG,14
images/015A09.JPG,9
images/020A24.JPG,24
images/034A30.JPG,30
images/021A03.JPG,3
images/002A03.JPG,3
images/074A09.JPG,9
images/058A04.JPG,4
images/057A07.JPG,7
images/020A18.JPG,18
images/038A03.JPG,3
images/076A17.JPG,17
images/004A62.JPG,62
images/051A02.JPG,2
images/034A11.JPG,11
images/028A28.JPG,28
images/049A17.JPG,17
images/068A00.JPG,0
images/004A63.JPG,63
images/041A13.JPG,13
images/011A17.JPG,17
images/038A10.JPG,10
images/082A27.JPG,27
images/042A00.JPG,0
images/041A00.JPG,0
images/072A17.JPG,17
images/017A36.JPG,36
images/078A08.JPG,8
images/065A06b.JPG,6
images/001A19.JPG,19
images/004A40.JPG,40
images/081A12.JPG,12
images/077A02.JPG,2
images/021A05.JPG,5
images/007A38.JPG,38
images/057A06.JPG,6
images/043A00.JPG,0
images/020A22.JPG,22
images/028A14.JPG,14
images/041A24.JPG,24
images/013A30.JPG,30
images/082A16.JPG,16
images/082A25.JPG,25
images/029A05.JPG,5
images/035A16.JPG,16
images/007A18.JPG,18
images/031A09.JPG,9
images/066A02b.JPG,2
images/052A14.JPG,14
images/031A03.JPG,3
images/082A03.JPG,3
images/078A05.JPG,5
images/031A07.JPG,7
images/074A07.JPG,7
images/011A14.JPG,14
images/058A03.JPG,3
images/060A02.JPG,2
images/050A00.JPG,0
images/068A04.JPG,4
images/035A09.JPG,9
images/050A16.JPG,16
images/065A03b.JPG,3
images/076A10.JPG,10
images/010A07b.JPG,7
images/066A06a.JPG,6
images/017A32.JPG,32
images/028A34.JPG,34
images/032A18.JPG,18
images/032A15.JPG,15
images/007A45.JPG,45
images/079A13.JPG,13
images/032A24.JPG,24
images/031A11.JPG,11
images/011A20.JPG,20
images/077A00.JPG,0
images/002A21.JPG,21
images/066A03.JPG,3
images/041A20.JPG,20
images/061A15.JPG,15
images/072A45.JPG,45
images/077A01.JPG,1
images/028A41.JPG,41
images/001A28.JPG,28
images/072A27.JPG,27
images/034A25.JPG,25
images/051A00.JPG,0
images/061A17.JPG,17
images/076A09.JPG,9
images/027A11.JPG,11
images/057A23.JPG,23
images/057A16.JPG,16
images/028A37.JPG,37
images/007A23.JPG,23
images/042A24.JPG,24
images/016A04.JPG,4
images/031A19.JPG,19
images/075A00.JPG,0
images/021A39.JPG,39
images/031A16.JPG,16
images/044A07.JPG,7
images/017A05.JPG,5
images/040A03b.JPG,3
images/017A19.JPG,19
images/035A14.JPG,14
images/038A11.JPG,11
images/056A03.JPG,3
images/035A03.JPG,3
images/081A05.JPG,5
images/029A20.JPG,20
images/033A02.JPG,2
images/072A29.JPG,29
images/077A16.JPG,16
images/076A07.JPG,7
images/081A02.JPG,2
images/079A08.JPG,8
images/068A10a.JPG,10
images/065A04.JPG,4
images/065A03a.JPG,3
images/001A29.JPG,29
images/073A00.JPG,0
images/011A30.JPG,30
images/078A09.JPG,9
images/068A10b.JPG,10
images/040A07.JPG,7
images/005A18.JPG,18
images/043A05.JPG,5
images/016A08.JPG,8
images/015A15.JPG,15
images/033A35.JPG,35
images/019A03.JPG,3
images/078A15.JPG,15
images/011A15.JPG,15
images/034A16.JPG,16
images/020A11.JPG,11
