images/047A18.JPG,18
images/042A08.JPG,8
images/040A03a.JPG,3
images/024A00.JPG,0
images/053A04.JPG,4
images/053A06.JPG,6
images/018A28.JPG,28
images/005A61.JPG,61
images/064A01.JPG,1
images/042A04.JPG,4
images/065A06a.JPG,6
images/028A35.JPG,35
images/006A46.JPG,46
images/081A01.JPG,1
images/078A07.JPG,7
images/047A55.JPG,55
images/065A13.JPG,13
images/013A08.JPG,8
images/048A00.JPG,0
images/081A08.JPG,8
images/045A18.JPG,18
images/072A19.JPG,19
images/051A18.JPG,18
images/036A03.JPG,3
images/016A10.JPG,10
images/040A16.JPG,16
images/038A04.JPG,4
images/080A01.JPG,1
images/079A10.JPG,10
images/078A11.JPG,11
images/081A12.JPG,12
images/001A40.JPG,40
images/015A17.JPG,17
images/005A31.JPG,31
images/041A13.JPG,13
images/032A20.JPG,20
images/048A18.JPG,18
images/035A16.JPG,16
images/002A05.JPG,5
images/032A15.JPG,15
images/069A05.JPG,5
images/003A49.JPG,49
images/053A01.JPG,1
images/018A06.JPG,6
images/053A00.JPG,0
images/006A55.JPG,55
images/034A30.JPG,30
images/015A12.JPG,12
images/005A18.JPG,18
images/078A10.JPG,10
images/058A06.JPG,6
images/072A02.JPG,2
images/004A37.JPG,37
images/081A11.JPG,11
images/034A44.JPG,44
images/034A11.JPG,11
images/003A47.JPG,47
images/069A11.JPG,11
images/048A17.JPG,17
images/022A23.JPG,23
images/035A21.JPG,21
images/038A01.JPG,1
images/032A06.JPG,6
images/017A17.JPG,17
images/001A18.JPG,18
images/012A14.JPG,14
images/004A21.JPG,21
images/078A06.JPG,6
images/069A03.JPG,3
images/022A00.JPG,0
images/059A03.JPG,3
images/058A04.JPG,4
images/079A00.JPG,0
images/038A00.JPG,0
images/081A07.JPG,7
images/027A02.JPG,2
images/052A19.JPG,19
images/018A25.JPG,25
images/001A14.JPG,14
images/038A05.JPG,5
images/012A07.JPG,7
images/075A10.JPG,10
images/030A05.JPG,5
images/082A16.JPG,16
images/009A22b.JPG,22
images/013A44.JPG,44
images/056A03.JPG,3
images/052A16.JPG,16
images/052A07.JPG,7
images/060A20.JPG,20
images/042A10.JPG,10
images/042A12.JPG,12
images/035A05.JPG,5
images/009A16a.JPG,16
images/079A05.JPG,5
images/017A22.JPG,22
images/059A07.JPG,7
images/068A14.JPG,14
images/013A23.JPG,23
images/053A02.JPG,2
images/080A02.JPG,2
images/069A02.JPG,2
images/065A06b.JPG,6
images/038A34.JPG,34
images/077A12.JPG,12
images/034A18.JPG,18
images/065A03b.JPG,3
images/001A08.JPG,8
images/003A51.JPG,51
images/065A07a.JPG,7
images/002A04.JPG,4
images/024A25.JPG,25
images/038A10.JPG,10
images/022A27.JPG,27
images/065A09.JPG,9
images/017A19.JPG,19
images/028A18.JPG,18
images/056A04.JPG,4
images/082A31.JPG,31
images/017A15.JPG,15
images/017A42.JPG,42
images/045A12.JPG,12
images/027A30.JPG,30
images/032A40.JPG,40
images/073A02.JPG,2
images/004A53.JPG,53
images/057A12.JPG,12
images/060A08.JPG,8
images/060A07.JPG,7
images/012A18.JPG,18
images/016A04.JPG,4
images/038A11.JPG,11
images/078A03.JPG,3
images/013A34.JPG,34
images/075A07.JPG,7
images/018A33.JPG,33
images/040A03b.JPG,3
images/082A23.JPG,23
images/060A02.JPG,2
images/006A31.JPG,31
images/057A06.JPG,6
images/005A35.JPG,35
images/059A02a.JPG,2
images/078A04.JPG,4
images/058A01.JPG,1
images/045A19.JPG,19
images/001A02.JPG,2
images/060A11.JPG,11
images/005A49.JPG,49
images/015A00.JPG,0
images/002A29.JPG,29
images/024A19.JPG,19
images/079A06.JPG,6
images/004A62.JPG,62
images/003A25.JPG,25
images/056A15.JPG,15
images/071A43.JPG,43
images/048A52.JPG,52
images/082A27.JPG,27
images/013A41.JPG,41
images/054A04.JPG,4
images/048A11.JPG,11
images/034A04.JPG,4
images/005A48.JPG,48
images/016A07.JPG,7
images/073A06.JPG,6
images/045A06.JPG,6
images/002A36.JPG,36
images/060A04.JPG,4
images/004A48.JPG,48
images/030A20.JPG,20
images/068A10a.JPG,10
images/040A05.JPG,5
images/012A26.JPG,26
images/079A11.JPG,11
images/052A20.JPG,20
images/048A15.JPG,15
images/077A13.JPG,13
images/012A12.JPG,12
images/040A19.JPG,19
images/015A07.JPG,7
images/032A35.JPG,35
images/069A06.JPG,6
images/004A26.JPG,26
images/054A19.JPG,19
images/053A12.JPG,12
images/079A12.JPG,12
images/012A32.JPG,32
images/045A48.JPG,48
images/064A03.JPG,3
images/005A40.JPG,40
images/016A18.JPG,18
images/041A20.JPG,20
images/071A42.JPG,42
images/073A00.JPG,0
images/065A11.JPG,11
images/075A02.JPG,2
images/075A06.JPG,6
images/077A01.JPG,1
images/034A02.JPG,2
images/047A13.JPG,13
images/047A11.JPG,11
images/080A03.JPG,3
images/059A14.JPG,14
images/045A43.JPG,43
images/053A11.JPG,11
images/017A12.JPG,12
images/048A27.JPG,27
images/024A30.JPG,30
images/069A07.JPG,7
images/064A19.JPG,19
images/035A00.JPG,0
images/002A16.JPG,16
images/001A43a.JPG,43
images/012A24.JPG,24
images/022A28.JPG,28
images/064A15.JPG,15
images/056A06.JPG,6
images/018A29.JPG,29
images/009A22a.JPG,22
images/041A00.JPG,0
images/078A14.JPG,14
images/040A00.JPG,0
images/019A27.JPG,27
images/002A12.JPG,12
images/022A18.JPG,18
images/080A00.JPG,0
images/040A10.JPG,10
images/009A18.JPG,18
images/065A12.JPG,12
images/016A03.JPG,3
images/030A26.JPG,26
images/034A35.JPG,35
images/073A01.JPG,1
images/075A00.JPG,0
images/045A28.JPG,28
images/081A04.JPG,4
images/002A15.JPG,15
images/065A07b.JPG,7
images/056A12.JPG,12
images/036A20.JPG,20
images/036A05.JPG,5
images/080A05.JPG,5
images/082A20.JPG,20
images/077A03.JPG,3
images/019A00.JPG,0
images/017A32.JPG,32
images/068A03.JPG,3
images/036A11.JPG,11
images/078A08.JPG,8
images/080A08.JPG,8
images/065A02b.JPG,2
images/022A30.JPG,30
images/035A07.JPG,7
images/015A14.JPG,14
images/051A16.JPG,16
images/056A02.JPG,2
images/016A12.JPG,12
images/019A07.JPG,7
images/030A07.JPG,7
images/002A38.JPG,38
images/017A29.JPG,29
images/069A10.JPG,10
images/032A08.JPG,8
images/012A34.JPG,34
images/073A16.JPG,16
images/042A24.JPG,24
images/058A03.JPG,3
images/004A40.JPG,40
images/013A21.JPG,21
images/042A06.JPG,6
images/048A33.JPG,33
images/016A08.JPG,8
images/038A08.JPG,8
images/019A05.JPG,5
images/042A00.JPG,0
images/081A02.JPG,2
images/003A35.JPG,35
images/080A13.JPG,13
images/045A32.JPG,32
images/077A08.JPG,8
images/034A15.JPG,15
images/040A02.JPG,2
images/002A23.JPG,23
images/006A28.JPG,28
images/072A07.JPG,7
images/038A14.JPG,14
images/065A03a.JPG,3
images/080A10.JPG,10
images/081A06.JPG,6
images/001A10.JPG,10
images/019A30.JPG,30
images/073A03.JPG,3
images/057A17.JPG,17
images/040A06.JPG,6
images/030A16.JPG,16
images/077A00.JPG,0
images/001A16.JPG,16
images/069A00.JPG,0
images/028A46.JPG,46
images/036A00.JPG,0
images/040A07.JPG,7
images/048A16.JPG,16
images/030A17.JPG,17
images/078A09.JPG,9
images/035A01.JPG,1
images/015A04.JPG,4
images/065A02a.JPG,2
images/019A18.JPG,18
images/075A08.JPG,8
images/042A28.JPG,28
images/051A24.JPG,24
images/071A35.JPG,35
images/016A01.JPG,1
images/081A03.JPG,3
images/019A15.JPG,15
images/035A23a.JPG,23
images/034A25.JPG,25
images/073A15.JPG,15
images/041A21.JPG,21
images/054A17.JPG,17
images/005A52.JPG,52
images/045A40.JPG,40
images/012A23.JPG,23
images/054A16.JPG,16
images/024A18.JPG,18
images/001A28.JPG,28
images/022A16.JPG,16
images/047A09.JPG,9
images/079A02.JPG,2
images/058A10.JPG,10
images/078A15.JPG,15
images/018A36.JPG,36
images/006A51.JPG,51
images/072A11.JPG,11
images/024A28.JPG,28
images/009A13.JPG,13
images/035A09.JPG,9
images/048A49.JPG,49
images/078A12.JPG,12
images/017A05.JPG,5
images/060A19.JPG,19
images/075A05.JPG,5
images/054A00.JPG,0
images/005A45.JPG,45
images/071A40.JPG,40
images/012A30.JPG,30
images/052A10.JPG,10
images/072A21.JPG,21
images/079A08.JPG,8
images/002A03.JPG,3
images/068A11.JPG,11
images/048A46.JPG,46
images/068A10b.JPG,10
images/052A02.JPG,2
images/078A01.JPG,1
images/012A27.JPG,27
images/004A30.JPG,30
images/073A04.JPG,4
images/009A14.JPG,14
images/069A04.JPG,4
images/005A24.JPG,24
images/073A08.JPG,8
images/077A11.JPG,11
images/042A18.JPG,18
images/005A30.JPG,30
images/071A44.JPG,44
images/035A18.JPG,18
images/057A05.JPG,5
images/073A14.JPG,14
images/017A07.JPG,7
images/041A19.JPG,19
images/032A24.JPG,24
images/068A09.JPG,9
images/028A41.JPG,41
images/028A28.JPG,28
images/002A07.JPG,7
images/079A04.JPG,4
images/027A18.JPG,18
images/015A05.JPG,5
images/036A06.JPG,6
images/012A25.JPG,25
images/009A16b.JPG,16
images/071A10.JPG,10
images/081A00.JPG,0
images/072A27.JPG,27
images/009A09.JPG,9
images/047A06.JPG,6
images/018A11.JPG,11
images/034A16.JPG,16
images/017A26.JPG,26
images/009A03.JPG,3
images/051A14.JPG,14
images/006A24.JPG,24
images/075A03.JPG,3
images/036A17.JPG,17
images/079A13.JPG,13
images/024A23.JPG,23
images/082A18.JPG,18
images/080A06.JPG,6
images/065A10.JPG,10
images/060A06.JPG,6
images/012A36.JPG,36
images/018A34.JPG,34
images/060A17.JPG,17
images/051A02.JPG,2
images/072A13.JPG,13
images/034A13.JPG,13
images/047A15.JPG,15
images/001A19.JPG,19
images/045A25.JPG,25
images/041A09.JPG,9
images/069A13.JPG,13
images/027A36.JPG,36
images/047A05.JPG,5
images/006A69.JPG,69
images/079A03.JPG,3
images/068A00.JPG,0
images/040A14.JPG,14
images/053A08.JPG,8
images/001A43b.JPG,43
images/059A12.JPG,12
images/058A13.JPG,13
images/013A00.JPG,0
images/027A22.JPG,22
images/075A01.JPG,1
images/053A10.JPG,10
images/057A07.JPG,7
images/082A21.JPG,21
images/003A61.JPG,61
images/064A10.JPG,10
images/016A17.JPG,17
images/022A25.JPG,25
images/047A12.JPG,12
images/051A08.JPG,8
images/018A22.JPG,22
images/080A09.JPG,9
images/059A06.JPG,6
images/058A00.JPG,0
images/054A12.JPG,12
images/013A25.JPG,25
images/060A12.JPG,12
images/052A14.JPG,14
images/081A05.JPG,5
images/058A15.JPG,15
images/030A18.JPG,18
images/012A04.JPG,4
images/051A05.JPG,5
images/018A16.JPG,16
images/030A04.JPG,4
images/058A05.JPG,5
images/072A45.JPG,45
images/080A07.JPG,7
images/048A30.JPG,30
images/019A12.JPG,12
images/016A16.JPG,16
images/059A02b.JPG,2
images/058A17.JPG,17
images/003A38.JPG,38
images/054A11.JPG,11
images/003A23.JPG,23
images/075A11.JPG,11
images/047A20.JPG,20
images/053A18.JPG,18
images/054A10.JPG,10
images/048A09.JPG,9
images/054A13.JPG,13
images/015A19.JPG,19
images/015A10.JPG,10
images/032A13.JPG,13
images/048A54.JPG,54
images/059A16.JPG,16
images/064A04.JPG,4
images/077A04.JPG,4
images/048A50.JPG,50
images/053A03.JPG,3
images/002A18.JPG,18
images/072A41.JPG,41
images/041A06.JPG,6
images/009A05.JPG,5
images/006A42.JPG,42
images/073A11.JPG,11
images/003A58.JPG,58
images/028A14.JPG,14
images/017A36.JPG,36
images/009A01.JPG,1
images/072A34.JPG,34
images/052A17.JPG,17
images/028A34.JPG,34
images/028A26.JPG,26
images/012A21.JPG,21
images/054A02.JPG,2
images/079A09.JPG,9
images/077A07.JPG,7
images/042A05.JPG,5
images/018A18.JPG,18
images/038A17.JPG,17
images/006A61.JPG,61
images/003A60.JPG,60
images/004A28.JPG,28
images/073A05.JPG,5
images/082A00.JPG,0
images/057A18.JPG,18
images/059A04.JPG,4
images/022A11.JPG,11
images/022A26.JPG,26
images/004A63.JPG,63
images/001A33.JPG,33
images/036A19.JPG,19
images/019A23.JPG,23
images/002A21.JPG,21
images/032A33.JPG,33
images/027A20.JPG,20
images/035A23b.JPG,23
images/032A10.JPG,10
images/080A14.JPG,14
images/072A14.JPG,14
images/079A07.JPG,7
images/047A27.JPG,27
images/082A22.JPG,22
images/001A22.JPG,22
images/042A14.JPG,14
images/077A09.JPG,9
images/056A10.JPG,10
images/034A39.JPG,39
images/016A05.JPG,5
images/045A03.JPG,3
images/045A08.JPG,8
images/038A13.JPG,13
images/003A20.JPG,20
images/073A12.JPG,12
images/003A18.JPG,18
images/002A31.JPG,31
images/072A17.JPG,17
images/027A25.JPG,25
images/077A15.JPG,15
images/053A13.JPG,13
images/073A07.JPG,7
images/006A36.JPG,36
images/069A09.JPG,9
images/060A05.JPG,5
images/001A29.JPG,29
images/068A04.JPG,4
images/082A25.JPG,25
images/071A24.JPG,24
images/080A12.JPG,12
images/040A12.JPG,12
images/041A04.JPG,4
images/036A15.JPG,15
images/009A00.JPG,0
images/015A03.JPG,3
images/073A13.JPG,13
images/027A13.JPG,13
images/057A25.JPG,25
images/041A24.JPG,24
images/030A00.JPG,0
images/028A16.JPG,16
images/048A10.JPG,10
images/054A09.JPG,9
images/016A19.JPG,19
images/024A05.JPG,5
images/071A27.JPG,27
images/072A25.JPG,25
images/013A30.JPG,30
images/073A09.JPG,9
images/015A15.JPG,15
images/047A33.JPG,33
images/052A18.JPG,18
images/052A04.JPG,4
images/009A11.JPG,11
images/027A16.JPG,16
images/071A18.JPG,18
images/078A05.JPG,5
images/051A15.JPG,15
images/051A00.JPG,0
images/035A14.JPG,14
images/004A19.JPG,19
images/024A07.JPG,7
images/040A21.JPG,21
images/071A22.JPG,22
images/038A03.JPG,3
images/081A10.JPG,10
images/041A02.JPG,2
images/065A08.JPG,8
images/078A02.JPG,2
images/013A19.JPG,19
images/068A12.JPG,12
images/060A10.JPG,10
images/028A37.JPG,37
images/057A16.JPG,16
images/032A18.JPG,18
images/077A10.JPG,10
images/078A00.JPG,0
images/042A20.JPG,20
images/057A23.JPG,23
images/006A40.JPG,40
images/051A17.JPG,17
images/027A11.JPG,11
images/072A29.JPG,29
images/004A51.JPG,51
images/080A04.JPG,4
images/035A08.JPG,8
images/035A12.JPG,12
images/082A03.JPG,3
images/040A09.JPG,9
images/079A01.JPG,1
images/035A03.JPG,3
images/013A16.JPG,16
images/024A10.JPG,10
images/047A23.JPG,23
images/053A15.JPG,15
images/017A38.JPG,38
images/057A00.JPG,0
images/065A04.JPG,4
images/036A13.JPG,13
images/015A01.JPG,1
images/045A17.JPG,17
images/054A18.JPG,18
images/071A23.JPG,23
images/068A13.JPG,13
images/052A13.JPG,13
images/019A03.JPG,3
images/013A18.JPG,18
images/078A13.JPG,13
images/016A14.JPG,14
images/022A14.JPG,14
images/002A26.JPG,26
images/077A16.JPG,16
images/024A17.JPG,17
images/030A10.JPG,10
images/056A01.JPG,1
images/027A41.JPG,41
images/028A20.JPG,20
images/047A45.JPG,45
images/030A23.JPG,23
images/034A21.JPG,21
images/036A08.JPG,8
images/071A00.JPG,0
images/032A28.JPG,28
images/038A21.JPG,21
images/006A67.JPG,67
images/077A14.JPG,14
images/071A45.JPG,45
images/036A01.JPG,1
images/077A02.JPG,2
images/077A06.JPG,6
images/015A09.JPG,9
images/002A20.JPG,20
images/022A20.JPG,20
images/001A05.JPG,5
images/022A07.JPG,7
images/038A23.JPG,23
images/058A02.JPG,2
images/036A18.JPG,18
images/051A12.JPG,12
images/042A01.JPG,1
images/054A06.JPG,6
