images/074A14.JPG,14
images/049A10.JPG,10
images/009A05.JPG,5
images/001A19.JPG,19
images/052A13.JPG,13
images/081A00.JPG,0
images/059A02a.JPG,2
images/036A03.JPG,3
images/024A07.JPG,7
images/011A13.JPG,13
images/048A49.JPG,49
images/032A40.JPG,40
images/057A18.JPG,18
images/035A23a.JPG,23
images/067A23.JPG,23
images/017A26.JPG,26
images/022A14.JPG,14
images/070A01.JPG,1
images/011A02.JPG,2
images/039A19.JPG,19
images/009A14.JPG,14
images/046A17.JPG,17
images/045A08.JPG,8
images/052A20.JPG,20
images/055A08.JPG,8
images/078A02.JPG,2
images/029A13.JPG,13
images/008A33.JPG,33
images/038A00.JPG,0
images/036A00.JPG,0
images/006A55.JPG,55
images/009A22a.JPG,22
images/070A12.JPG,12
images/070A05.JPG,5
images/035A09.JPG,9
images/009A16a.JPG,16
images/073A11.JPG,11
images/025A18.JPG,18
images/001A08.JPG,8
images/004A37.JPG,37
images/032A13.JPG,13
images/006A36.JPG,36
images/062A16.JPG,16
images/015A19.JPG,19
images/048A16.JPG,16
images/073A14.JPG,14
images/016A16.JPG,16
images/031A14.JPG,14
images/043A17.JPG,17
images/045A48.JPG,48
images/001A18.JPG,18
images/060A05.JPG,5
images/072A02.JPG,2
images/002A05.JPG,5
images/070A00.JPG,0
images/017A38.JPG,38
images/018A34.JPG,34
images/080A14.JPG,14
images/006A28.JPG,28
images/007A01.JPG,1
images/038A17.JPG,17
images/035A00.JPG,0
images/049A05.JPG,5
images/071A35.JPG,35
images/015A15.JPG,15
images/039A17.JPG,17
images/026A19.JPG,19
images/038A23.JPG,23
images/055A22.JPG,22
images/029A16.JPG,16
images/037A01.JPG,1
images/070A14.JPG,14
images/027A02.JPG,2
images/074A11.JPG,11
images/071A00.JPG,0
images/004A26.JPG,26
images/073A01.JPG,1
images/032A06.JPG,6
images/022A25.JPG,25
images/009A09.JPG,9
images/017A32.JPG,32
images/039A16.JPG,16
images/036A18.JPG,18
images/081A07.JPG,7
images/048A33.JPG,33
images/027A18.JPG,18
images/035A12.JPG,12
images/074A03.JPG,3
images/067A21.JPG,21
images/067A04.JPG,4
images/022A27.JPG,27
images/001A16.JPG,16
images/017A19.JPG,19
images/018A06.JPG,6
images/048A46.JPG,46
images/024A17.JPG,17
images/016A08.JPG,8
images/071A24.JPG,24
images/025A03.JPG,3
images/045A43.JPG,43
images/006A51.JPG,51
images/025A39.JPG,39
images/072A13.JPG,13
images/036A05.JPG,5
images/032A08.JPG,8
images/039A45.JPG,45
images/029A04.JPG,4
images/037A04.JPG,4
images/023A21.JPG,21
images/013A00.JPG,0
images/055A05.JPG,5
images/048A54.JPG,54
images/078A06.JPG,6
images/040A16.JPG,16
images/015A14.JPG,14
images/074A15.JPG,15
images/027A41.JPG,41
images/054A04.JPG,4
images/051A02.JPG,2
images/023A00.JPG,0
images/038A21.JPG,21
images/032A35.JPG,35
images/027A30.JPG,30
images/001A28.JPG,28
images/080A12.JPG,12
images/054A12.JPG,12
images/024A23.JPG,23
images/039A11.JPG,11
images/045A18.JPG,18
images/054A16.JPG,16
images/028A16.JPG,16
images/046A18.JPG,18
images/062A18.JPG,18
images/002A26.JPG,26
images/059A03.JPG,3
images/073A09.JPG,9
images/022A16.JPG,16
images/018A25.JPG,25
images/043A10.JPG,10
images/029A01.JPG,1
images/023A07.JPG,7
images/026A18.JPG,18
images/024A19.JPG,19
images/034A13.JPG,13
images/060A02.JPG,2
images/026A17.JPG,17
images/034A44.JPG,44
images/031A02.JPG,2
images/017A36.JPG,36
images/038A08.JPG,8
images/027A20.JPG,20
images/011A11.JPG,11
images/046A04.JPG,4
images/034A21.JPG,21
images/034A18.JPG,18
images/046A08.JPG,8
images/071A40.JPG,40
images/051A00.JPG,0
images/019A23.JPG,23
images/054A17.JPG,17
images/016A19.JPG,19
images/045A40.JPG,40
images/004A51.JPG,51
images/054A09.JPG,9
images/026A04.JPG,4
images/073A04.JPG,4
images/008A29.JPG,29
images/038A34.JPG,34
images/072A29.JPG,29
images/040A05.JPG,5
images/057A12.JPG,12
images/013A30.JPG,30
images/008A35.JPG,35
images/001A02.JPG,2
images/067A14.JPG,14
images/026A11.JPG,11
images/006A61.JPG,61
images/011A42.JPG,42
images/013A25.JPG,25
images/024A28.JPG,28
images/022A11.JPG,11
images/027A13.JPG,13
images/009A22b.JPG,22
images/018A16.JPG,16
images/028A34.JPG,34
images/062A47.JPG,47
images/057A07.JPG,7
images/057A06.JPG,6
images/080A13.JPG,13
images/049A08.JPG,8
images/078A15.JPG,15
images/072A34.JPG,34
images/025A00.JPG,0
images/057A25.JPG,25
images/026A07.JPG,7
images/006A42.JPG,42
images/002A15.JPG,15
images/074A07.JPG,7
images/018A22.JPG,22
images/062A03.JPG,3
images/035A16.JPG,16
images/013A08.JPG,8
images/039A35.JPG,35
images/062A53.JPG,53
images/018A28.JPG,28
images/031A00.JPG,0
images/048A18.JPG,18
images/028A18.JPG,18
images/025A19.JPG,19
images/002A12.JPG,12
images/060A04.JPG,4
images/067A26.JPG,26
images/039A15.JPG,15
images/039A07.JPG,7
images/008A17.JPG,17
images/009A18.JPG,18
images/034A11.JPG,11
images/031A15.JPG,15
images/007A38.JPG,38
images/040A03b.JPG,3
images/074A08.JPG,8
images/049A12.JPG,12
images/028A37.JPG,37
images/002A07.JPG,7
images/078A07.JPG,7
images/062A38.JPG,38
images/046A16.JPG,16
images/059A02b.JPG,2
images/036A01.JPG,1
images/025A23.JPG,23
images/023A05.JPG,5
images/004A62.JPG,62
images/051A05.JPG,5
images/043A27.JPG,27
images/043A00.JPG,0
images/031A19.JPG,19
images/078A01.JPG,1
images/070A07.JPG,7
images/007A45.JPG,45
images/024A25.JPG,25
images/013A19.JPG,19
images/071A27.JPG,27
images/072A17.JPG,17
images/006A24.JPG,24
images/035A01.JPG,1
images/052A07.JPG,7
images/074A06.JPG,6
images/008A18.JPG,18
images/019A15.JPG,15
images/059A04.JPG,4
images/081A03.JPG,3
images/034A25.JPG,25
images/019A07.JPG,7
images/029A05.JPG,5
images/052A18.JPG,18
images/081A06.JPG,6
images/067A39.JPG,39
images/073A15.JPG,15
images/024A05.JPG,5
images/022A07.JPG,7
images/007A23.JPG,23
images/048A50.JPG,50
images/060A20.JPG,20
images/034A02.JPG,2
images/004A40.JPG,40
images/080A03.JPG,3
images/039A02.JPG,2
images/031A09.JPG,9
images/035A18.JPG,18
images/074A02.JPG,2
images/017A22.JPG,22
images/045A19.JPG,19
images/052A17.JPG,17
images/004A48.JPG,48
images/038A10.JPG,10
images/023A25.JPG,25
images/028A20.JPG,20
images/004A53.JPG,53
images/007A18.JPG,18
images/045A28.JPG,28
images/067A30.JPG,30
images/051A24.JPG,24
images/078A05.JPG,5
images/008A31.JPG,31
images/038A03.JPG,3
images/035A08.JPG,8
images/025A12.JPG,12
images/059A16.JPG,16
images/027A16.JPG,16
images/080A05.JPG,5
images/015A01.JPG,1
images/073A02.JPG,2
images/049A16.JPG,16
images/057A00.JPG,0
images/052A10.JPG,10
images/025A34.JPG,34
images/052A14.JPG,14
images/054A11.JPG,11
images/008A41.JPG,41
images/017A17.JPG,17
images/001A40.JPG,40
images/078A13.JPG,13
images/019A12.JPG,12
images/015A10.JPG,10
images/008A08.JPG,8
images/057A16.JPG,16
images/017A12.JPG,12
images/071A43.JPG,43
images/029A20.JPG,20
images/022A20.JPG,20
images/017A42.JPG,42
images/023A29.JPG,29
images/019A05.JPG,5
images/074A12.JPG,12
images/028A28.JPG,28
images/036A20.JPG,20
images/015A00.JPG,0
images/073A16.JPG,16
images/046A01.JPG,1
images/046A14.JPG,14
images/072A19.JPG,19
images/071A44.JPG,44
images/016A12.JPG,12
images/062A54.JPG,54
images/060A07.JPG,7
images/024A00.JPG,0
images/029A29.JPG,29
images/078A08.JPG,8
images/023A14.JPG,14
images/016A01.JPG,1
images/078A04.JPG,4
images/002A21.JPG,21
images/015A03.JPG,3
images/072A27.JPG,27
images/007A22.JPG,22
images/062A30.JPG,30
images/008A13.JPG,13
images/023A03.JPG,3
images/039A10.JPG,10
images/040A21.JPG,21
images/006A46.JPG,46
images/008A03.JPG,3
images/029A11.JPG,11
images/080A08.JPG,8
images/006A69.JPG,69
images/062A45.JPG,45
images/011A15.JPG,15
images/073A12.JPG,12
images/035A07.JPG,7
images/060A10.JPG,10
images/039A52.JPG,52
images/048A15.JPG,15
images/059A07.JPG,7
images/072A21.JPG,21
images/022A26.JPG,26
images/018A29.JPG,29
images/011A07.JPG,7
images/037A09.JPG,9
images/032A20.JPG,20
images/002A31.JPG,31
images/019A30.JPG,30
images/049A04.JPG,4
images/002A03.JPG,3
images/038A13.JPG,13
images/009A01.JPG,1
images/073A06.JPG,6
images/032A18.JPG,18
images/013A41.JPG,41
images/072A45.JPG,45
images/046A10.JPG,10
images/072A14.JPG,14
images/031A04.JPG,4
images/080A02.JPG,2
images/074A01.JPG,1
images/051A14.JPG,14
images/018A18.JPG,18
images/002A29.JPG,29
images/054A13.JPG,13
images/045A06.JPG,6
images/009A16b.JPG,16
images/015A05.JPG,5
images/016A14.JPG,14
images/040A19.JPG,19
images/040A12.JPG,12
images/025A28.JPG,28
images/055A14.JPG,14
images/049A07.JPG,7
images/002A38.JPG,38
images/081A04.JPG,4
images/072A11.JPG,11
images/002A23.JPG,23
images/031A11.JPG,11
images/028A35.JPG,35
images/040A02.JPG,2
images/025A07.JPG,7
images/045A32.JPG,32
images/015A04.JPG,4
images/051A17.JPG,17
images/073A13.JPG,13
images/048A27.JPG,27
images/045A17.JPG,17
images/016A05.JPG,5
images/070A08.JPG,8
images/080A06.JPG,6
images/051A18.JPG,18
images/073A08.JPG,8
images/036A15.JPG,15
images/080A01.JPG,1
images/013A23.JPG,23
images/081A02.JPG,2
images/037A17.JPG,17
images/013A16.JPG,16
images/001A29.JPG,29
images/039A05.JPG,5
images/024A18.JPG,18
images/055A06.JPG,6
images/062A35.JPG,35
images/016A03.JPG,3
images/059A12.JPG,12
images/015A09.JPG,9
images/078A11.JPG,11
images/080A00.JPG,0
images/074A13.JPG,13
images/001A22.JPG,22
images/051A15.JPG,15
images/037A02.JPG,2
images/037A08.JPG,8
images/078A12.JPG,12
images/016A18.JPG,18
images/022A23.JPG,23
images/040A09.JPG,9
images/059A06.JPG,6
images/002A36.JPG,36
images/049A15.JPG,15
images/081A05.JPG,5
images/009A00.JPG,0
images/051A16.JPG,16
images/036A08.JPG,8
images/080A04.JPG,4
images/028A14.JPG,14
images/024A30.JPG,30
images/078A10.JPG,10
images/032A10.JPG,10
images/026A06.JPG,6
images/034A30.JPG,30
images/035A23b.JPG,23
images/062A15.JPG,15
images/054A02.JPG,2
images/043A19.JPG,19
images/043A03.JPG,3
images/009A11.JPG,11
images/022A30.JPG,30
images/080A10.JPG,10
images/060A12.JPG,12
images/054A06.JPG,6
images/070A06.JPG,6
images/026A15.JPG,15
images/017A29.JPG,29
images/028A41.JPG,41
images/029A23.JPG,23
images/060A06.JPG,6
images/023A16.JPG,16
images/043A13.JPG,13
images/013A18.JPG,18
images/025A22.JPG,22
images/016A04.JPG,4
images/032A28.JPG,28
images/054A18.JPG,18
images/022A28.JPG,28
images/027A11.JPG,11
images/001A05.JPG,5
images/037A00.JPG,0
images/029A31.JPG,31
images/055A23.JPG,23
images/011A14.JPG,14
images/019A03.JPG,3
images/004A30.JPG,30
images/016A17.JPG,17
images/002A18.JPG,18
images/008A16.JPG,16
images/031A16.JPG,16
images/071A42.JPG,42
images/031A03.JPG,3
images/040A00.JPG,0
images/037A19.JPG,19
images/049A06.JPG,6
images/072A25.JPG,25
images/004A28.JPG,28
images/006A40.JPG,40
images/049A17.JPG,17
images/022A18.JPG,18
images/052A16.JPG,16
images/060A17.JPG,17
images/034A39.JPG,39
images/001A14.JPG,14
images/080A09.JPG,9
images/018A33.JPG,33
images/051A12.JPG,12
images/011A30.JPG,30
images/002A16.JPG,16
images/081A08.JPG,8
images/027A36.JPG,36
images/031A06.JPG,6
images/038A11.JPG,11
images/032A33.JPG,33
images/026A13.JPG,13
images/034A15.JPG,15
images/011A05.JPG,5
images/040A07.JPG,7
images/038A01.JPG,1
images/078A14.JPG,14
images/048A30.JPG,30
images/043A15.JPG,15
images/017A05.JPG,5
images/081A11.JPG,11
images/017A07.JPG,7
images/004A19.JPG,19
images/034A04.JPG,4
images/045A25.JPG,25
images/037A06.JPG,6
images/048A10.JPG,10
images/006A31.JPG,31
images/029A22.JPG,22
images/023A18.JPG,18
images/027A25.JPG,25
images/036A11.JPG,11
images/040A10.JPG,10
images/073A05.JPG,5
images/074A00.JPG,0
images/015A17.JPG,17
images/048A11.JPG,11
images/048A17.JPG,17
images/055A12.JPG,12
images/074A05.JPG,5
images/031A07.JPG,7
images/019A18.JPG,18
images/035A14.JPG,14
images/004A63.JPG,63
images/026A00.JPG,0
images/016A07.JPG,7
images/027A22.JPG,22
images/048A09.JPG,9
images/035A05.JPG,5
images/008A12.JPG,12
images/015A07.JPG,7
images/070A02.JPG,2
images/009A03.JPG,3
images/024A10.JPG,10
images/037A13.JPG,13
images/028A26.JPG,26
images/052A02.JPG,2
images/039A13.JPG,13
images/037A18.JPG,18
images/043A23.JPG,23
images/040A03a.JPG,3
images/001A10.JPG,10
images/048A52.JPG,52
images/032A24.JPG,24
images/073A07.JPG,7
images/025A15.JPG,15
images/078A03.JPG,3
images/074A10.JPG,10
images/034A35.JPG,35
images/007A26.JPG,26
images/036A06.JPG,6
images/011A20.JPG,20
images/059A14.JPG,14
images/018A11.JPG,11
images/048A00.JPG,0
images/046A02.JPG,2
images/007A39.JPG,39
images/060A19.JPG,19
images/060A08.JPG,8
images/011A27.JPG,27
images/023A22.JPG,22
images/052A04.JPG,4
images/057A23.JPG,23
images/054A19.JPG,19
images/001A43a.JPG,43
images/011A34.JPG,34
images/008A30.JPG,30
images/054A10.JPG,10
images/062A41.JPG,41
images/004A21.JPG,21
images/046A06.JPG,6
images/060A11.JPG,11
images/057A17.JPG,17
images/039A50.JPG,50
images/071A22.JPG,22
images/046A20.JPG,20
images/045A12.JPG,12
images/073A00.JPG,0
images/013A44.JPG,44
images/071A45.JPG,45
images/002A20.JPG,20
images/035A03.JPG,3
images/081A10.JPG,10
images/074A04.JPG,4
images/035A21.JPG,21
images/074A09.JPG,9
images/078A00.JPG,0
images/073A03.JPG,3
images/071A18.JPG,18
images/011A40.JPG,40
images/029A10.JPG,10
images/015A12.JPG,12
images/071A23.JPG,23
images/011A17.JPG,17
images/019A00.JPG,0
images/067A28.JPG,28
images/043A05.JPG,5
images/006A67.JPG,67
images/019A27.JPG,27
images/078A09.JPG,9
images/013A34.JPG,34
images/017A15.JPG,15
images/067A33.JPG,33
images/055A04.JPG,4
images/029A33.JPG,33
images/036A19.JPG,19
images/023A09.JPG,9
images/080A07.JPG,7
images/081A01.JPG,1
images/018A36.JPG,36
images/022A00.JPG,0
images/037A11.JPG,11
images/009A13.JPG,13
images/016A10.JPG,10
images/031A12.JPG,12
images/036A17.JPG,17
images/054A00.JPG,0
images/045A03.JPG,3
images/043A04.JPG,4
images/051A08.JPG,8
images/038A05.JPG,5
images/040A14.JPG,14
images/038A14.JPG,14
images/057A05.JPG,5
images/001A33.JPG,33
images/008A21.JPG,21
images/028A46.JPG,46
images/070A03.JPG,3
images/071A10.JPG,10
images/046A00.JPG,0
images/007A37.JPG,37
images/070A09.JPG,9
images/008A06.JPG,6
images/081A12.JPG,12
images/036A13.JPG,13
images/038A04.JPG,4
images/072A41.JPG,41
images/013A21.JPG,21
images/046A12.JPG,12
images/040A06.JPG,6
images/002A04.JPG,4
images/034A16.JPG,16
images/067A17.JPG,17
images/072A07.JPG,7
images/032A15.JPG,15
images/026A02.JPG,2
images/001A43b.JPG,43
images/052A19.JPG,19
