images/018A29.JPG,29
images/008A41.JPG,41
images/066A06b.JPG,6
images/066A03.JPG,3
images/041A20.JPG,20
images/078A14.JPG,14
images/069A04.JPG,4
images/011A02.JPG,2
images/047A45.JPG,45
images/007A23.JPG,23
images/008A06.JPG,6
images/035A23a.JPG,23
images/043A05.JPG,5
images/001A33.JPG,33
images/035A03.JPG,3
images/079A04.JPG,4
images/066A08.JPG,8
images/011A05.JPG,5
images/068A12.JPG,12
images/039A16.JPG,16
images/039A52.JPG,52
images/020A36.JPG,36
images/014A30.JPG,30
images/018A18.JPG,18
images/018A16.JPG,16
images/044A15.JPG,15
images/035A07.JPG,7
images/061A06.JPG,6
images/017A26.JPG,26
images/002A05.JPG,5
images/037A01.JPG,1
images/039A15.JPG,15
images/073A16.JPG,16
images/048A54.JPG,54
images/046A04.JPG,4
images/066A10.JPG,10
images/068A10b.JPG,10
images/062A41.JPG,41
images/053A01.JPG,1
images/010A05.JPG,5
images/002A36.JPG,36
images/032A28.JPG,28
images/016A03.JPG,3
images/010A01.JPG,1
images/039A45.JPG,45
images/038A17.JPG,17
images/025A07.JPG,7
images/011A20.JPG,20
images/037A00.JPG,0
images/039A19.JPG,19
images/066A04.JPG,4
images/062A45.JPG,45
images/004A28.JPG,28
images/012A34.JPG,34
images/007A22.JPG,22
images/042A10.JPG,10
images/073A04.JPG,4
images/044A01.JPG,1
images/020A04.JPG,4
images/007A39.JPG,39
images/081A10.JPG,10
images/008A35.JPG,35
images/079A12.JPG,12
images/047A23.JPG,23
images/055A05.JPG,5
images/067A30.JPG,30
images/073A12.JPG,12
images/047A20.JPG,20
images/014A16.JPG,16
images/047A05.JPG,5
images/035A18.JPG,18
images/025A22.JPG,22
images/048A16.JPG,16
images/017A19.JPG,19
images/044A05.JPG,5
images/039A05.JPG,5
images/023A03.JPG,3
images/026A07.JPG,7
images/039A13.JPG,13
images/013A30.JPG,30
images/067A39.JPG,39
images/062A35.JPG,35
images/004A19.JPG,19
images/009A00.JPG,0
images/003A20.JPG,20
images/073A01.JPG,1
images/073A15.JPG,15
images/002A15.JPG,15
images/038A13.JPG,13
images/081A11.JPG,11
images/043A19.JPG,19
images/011A27.JPG,27
images/053A04.JPG,4
images/003A61.JPG,61
images/062A38.JPG,38
images/005A35.JPG,35
images/043A04.JPG,4
images/058A04.JPG,4
images/035A00.JPG,0
images/021A05.JPG,5
images/041A09.JPG,9
images/058A03.JPG,3
images/006A24.JPG,24
images/037A06.JPG,6
images/043A13.JPG,13
images/061A29.JPG,29
images/068A14.JPG,14
images/032A08.JPG,8
images/010A07b.JPG,7
images/020A18.JPG,18
images/003A23.JPG,23
images/054A09.JPG,9
images/003A35.JPG,35
images/069A02.JPG,2
images/009A16b.JPG,16
images/012A18.JPG,18
images/078A03.JPG,3
images/023A07.JPG,7
images/082A20.JPG,20
images/035A12.JPG,12
images/035A16.JPG,16
images/043A15.JPG,15
images/042A00.JPG,0
images/023A00.JPG,0
images/062A54.JPG,54
images/026A06.JPG,6
images/012A27.JPG,27
images/058A01.JPG,1
images/025A03.JPG,3
images/025A19.JPG,19
images/011A11.JPG,11
images/046A20.JPG,20
images/053A13.JPG,13
images/014A03.JPG,3
images/054A17.JPG,17
images/035A01.JPG,1
images/009A22a.JPG,22
images/002A16.JPG,16
images/046A10.JPG,10
images/025A00.JPG,0
images/058A00.JPG,0
images/073A05.JPG,5
images/026A19.JPG,19
images/004A53.JPG,53
images/018A36.JPG,36
images/079A02.JPG,2
images/001A43a.JPG,43
images/004A21.JPG,21
images/046A02.JPG,2
images/001A18.JPG,18
images/017A22.JPG,22
images/043A10.JPG,10
images/008A13.JPG,13
images/055A06.JPG,6
images/010A10.JPG,10
images/041A24.JPG,24
images/008A03.JPG,3
images/059A16.JPG,16
images/002A07.JPG,7
images/001A19.JPG,19
images/020A22.JPG,22
images/038A14.JPG,14
images/008A17.JPG,17
images/005A24.JPG,24
images/041A21.JPG,21
images/061A30.JPG,30
images/013A21.JPG,21
images/043A03.JPG,3
images/032A33.JPG,33
images/054A16.JPG,16
images/054A10.JPG,10
images/014A18.JPG,18
images/001A43b.JPG,43
images/056A03.JPG,3
images/047A09.JPG,9
images/005A48.JPG,48
images/037A02.JPG,2
images/005A49.JPG,49
images/047A15.JPG,15
images/069A09.JPG,9
images/010A06.JPG,6
images/005A30.JPG,30
images/044A13.JPG,13
images/041A04.JPG,4
images/011A17.JPG,17
images/067A23.JPG,23
images/005A31.JPG,31
images/038A11.JPG,11
images/057A05.JPG,5
images/056A06.JPG,6
images/044A17.JPG,17
images/010A16.JPG,16
images/032A15.JPG,15
images/023A22.JPG,22
images/058A06.JPG,6
images/048A27.JPG,27
images/008A08.JPG,8
images/069A07.JPG,7
images/005A45.JPG,45
images/073A13.JPG,13
images/042A04.JPG,4
images/013A23.JPG,23
images/007A45.JPG,45
images/048A18.JPG,18
images/082A31.JPG,31
images/056A12.JPG,12
images/078A06.JPG,6
images/047A11.JPG,11
images/066A02b.JPG,2
images/046A17.JPG,17
images/037A09.JPG,9
images/058A10.JPG,10
images/001A08.JPG,8
images/004A26.JPG,26
images/048A46.JPG,46
images/012A36.JPG,36
images/066A07.JPG,7
images/009A22b.JPG,22
images/006A40.JPG,40
images/073A00.JPG,0
images/013A25.JPG,25
images/054A18.JPG,18
images/073A07.JPG,7
images/026A17.JPG,17
images/082A21.JPG,21
images/026A15.JPG,15
images/017A15.JPG,15
images/061A19.JPG,19
images/047A12.JPG,12
images/011A40.JPG,40
images/007A38.JPG,38
images/079A00.JPG,0
images/073A09.JPG,9
images/082A03.JPG,3
images/054A19.JPG,19
images/026A02.JPG,2
images/018A28.JPG,28
images/002A04.JPG,4
images/057A16.JPG,16
images/059A07.JPG,7
images/069A11.JPG,11
images/001A16.JPG,16
images/058A05.JPG,5
images/078A05.JPG,5
images/061A17.JPG,17
images/046A00.JPG,0
images/009A16a.JPG,16
images/079A06.JPG,6
images/047A55.JPG,55
images/017A07.JPG,7
images/028A26.JPG,26
images/003A38.JPG,38
images/011A13.JPG,13
images/039A02.JPG,2
images/023A09.JPG,9
images/004A40.JPG,40
images/042A12.JPG,12
images/005A61.JPG,61
images/067A26.JPG,26
images/048A30.JPG,30
images/001A40.JPG,40
images/082A23.JPG,23
images/048A10.JPG,10
images/057A06.JPG,6
images/038A10.JPG,10
images/055A08.JPG,8
images/079A05.JPG,5
images/053A02.JPG,2
images/009A05.JPG,5
images/046A08.JPG,8
images/002A20.JPG,20
images/009A03.JPG,3
images/028A28.JPG,28
images/018A25.JPG,25
images/003A51.JPG,51
images/037A13.JPG,13
images/006A46.JPG,46
images/016A01.JPG,1
images/001A29.JPG,29
images/035A21.JPG,21
images/003A18.JPG,18
images/059A06.JPG,6
images/055A22.JPG,22
images/003A58.JPG,58
images/021A39.JPG,39
images/007A26.JPG,26
images/066A09.JPG,9
images/054A06.JPG,6
images/020A26.JPG,26
images/053A15.JPG,15
images/010A18.JPG,18
images/081A08.JPG,8
images/037A18.JPG,18
images/066A06a.JPG,6
images/035A14.JPG,14
images/009A14.JPG,14
images/061A25.JPG,25
images/047A33.JPG,33
images/003A47.JPG,47
images/079A01.JPG,1
images/081A04.JPG,4
images/043A27.JPG,27
images/023A05.JPG,5
images/021A16.JPG,16
images/059A03.JPG,3
images/081A02.JPG,2
images/041A06.JPG,6
images/020A11.JPG,11
images/068A10a.JPG,10
images/017A32.JPG,32
images/046A06.JPG,6
images/056A04.JPG,4
images/056A01.JPG,1
images/054A04.JPG,4
images/048A09.JPG,9
images/002A26.JPG,26
images/079A07.JPG,7
images/014A42.JPG,42
images/013A18.JPG,18
images/023A21.JPG,21
images/028A16.JPG,16
images/066A11.JPG,11
images/017A12.JPG,12
images/021A27.JPG,27
images/002A12.JPG,12
images/023A18.JPG,18
images/082A00.JPG,0
images/016A18.JPG,18
images/014A40.JPG,40
images/006A55.JPG,55
images/004A48.JPG,48
images/012A30.JPG,30
images/062A03.JPG,3
images/082A22.JPG,22
images/042A18.JPG,18
images/006A61.JPG,61
images/042A20.JPG,20
images/068A13.JPG,13
images/081A05.JPG,5
images/053A11.JPG,11
images/023A14.JPG,14
images/035A05.JPG,5
images/012A26.JPG,26
images/021A03.JPG,3
images/039A10.JPG,10
images/016A12.JPG,12
images/044A25.JPG,25
images/057A00.JPG,0
images/006A67.JPG,67
images/002A31.JPG,31
images/032A06.JPG,6
images/037A17.JPG,17
images/023A25.JPG,25
images/039A50.JPG,50
images/001A05.JPG,5
images/014A36.JPG,36
images/053A18.JPG,18
images/056A10.JPG,10
images/013A08.JPG,8
images/067A14.JPG,14
images/009A18.JPG,18
images/042A06.JPG,6
images/006A51.JPG,51
images/011A34.JPG,34
images/078A04.JPG,4
images/059A02b.JPG,2
images/059A12.JPG,12
images/020A20.JPG,20
images/053A10.JPG,10
images/059A02a.JPG,2
images/032A24.JPG,24
images/078A01.JPG,1
images/009A01.JPG,1
images/042A01.JPG,1
images/048A49.JPG,49
images/081A01.JPG,1
images/082A25.JPG,25
images/025A23.JPG,23
images/008A30.JPG,30
images/042A08.JPG,8
images/043A00.JPG,0
images/032A10.JPG,10
images/012A14.JPG,14
images/014A22.JPG,22
images/038A01.JPG,1
images/048A17.JPG,17
images/007A37.JPG,37
images/069A06.JPG,6
images/048A52.JPG,52
images/073A02.JPG,2
images/079A11.JPG,11
images/043A17.JPG,17
images/039A35.JPG,35
images/037A19.JPG,19
images/011A30.JPG,30
images/006A69.JPG,69
images/001A28.JPG,28
images/062A47.JPG,47
images/004A51.JPG,51
images/017A36.JPG,36
images/078A10.JPG,10
images/079A08.JPG,8
images/081A03.JPG,3
images/038A05.JPG,5
images/047A18.JPG,18
images/001A22.JPG,22
images/008A21.JPG,21
images/028A37.JPG,37
images/078A15.JPG,15
images/017A05.JPG,5
images/035A08.JPG,8
images/001A02.JPG,2
images/046A18.JPG,18
images/048A33.JPG,33
images/010A15.JPG,15
images/055A04.JPG,4
images/026A11.JPG,11
images/057A25.JPG,25
images/021A18.JPG,18
images/067A33.JPG,33
images/011A15.JPG,15
images/078A02.JPG,2
images/046A01.JPG,1
images/061A18.JPG,18
images/061A10.JPG,10
images/054A13.JPG,13
images/017A17.JPG,17
images/018A33.JPG,33
images/003A25.JPG,25
images/028A46.JPG,46
images/025A34.JPG,34
images/016A16.JPG,16
images/003A60.JPG,60
images/078A11.JPG,11
images/037A08.JPG,8
images/062A30.JPG,30
images/013A44.JPG,44
images/007A18.JPG,18
images/008A29.JPG,29
images/069A03.JPG,3
images/078A13.JPG,13
images/044A03.JPG,3
images/021A35.JPG,35
images/003A49.JPG,49
images/016A08.JPG,8
images/025A39.JPG,39
images/054A00.JPG,0
images/016A17.JPG,17
images/028A14.JPG,14
images/056A02.JPG,2
images/056A15.JPG,15
images/069A13.JPG,13
images/018A11.JPG,11
images/008A18.JPG,18
images/061A07.JPG,7
images/016A05.JPG,5
images/005A52.JPG,52
images/012A25.JPG,25
images/023A16.JPG,16
images/006A28.JPG,28
images/026A04.JPG,4
images/010A09.JPG,9
images/078A12.JPG,12
images/044A18.JPG,18
images/013A16.JPG,16
images/069A05.JPG,5
images/067A21.JPG,21
images/059A14.JPG,14
images/039A11.JPG,11
images/028A18.JPG,18
images/021A20.JPG,20
images/067A28.JPG,28
images/028A41.JPG,41
images/057A07.JPG,7
images/002A38.JPG,38
images/009A13.JPG,13
images/028A34.JPG,34
images/012A32.JPG,32
images/013A34.JPG,34
images/032A18.JPG,18
images/016A04.JPG,4
images/020A13.JPG,13
images/037A04.JPG,4
images/011A14.JPG,14
images/061A04.JPG,4
images/055A12.JPG,12
images/025A18.JPG,18
images/059A04.JPG,4
images/068A00.JPG,0
images/012A21.JPG,21
images/011A07.JPG,7
images/078A07.JPG,7
images/061A15.JPG,15
images/007A01.JPG,1
images/081A00.JPG,0
images/016A14.JPG,14
images/079A13.JPG,13
images/001A10.JPG,10
images/039A07.JPG,7
images/006A36.JPG,36
images/048A11.JPG,11
images/053A06.JPG,6
images/023A29.JPG,29
images/053A12.JPG,12
images/025A15.JPG,15
images/054A11.JPG,11
images/062A18.JPG,18
images/073A06.JPG,6
images/062A16.JPG,16
images/013A00.JPG,0
images/020A30.JPG,30
images/016A07.JPG,7
images/082A16.JPG,16
images/039A17.JPG,17
images/038A34.JPG,34
images/043A23.JPG,23
images/018A34.JPG,34
images/073A14.JPG,14
images/078A00.JPG,0
images/020A02.JPG,2
images/008A16.JPG,16
images/055A14.JPG,14
images/041A02.JPG,2
images/026A00.JPG,0
images/017A42.JPG,42
images/046A12.JPG,12
images/012A24.JPG,24
images/078A08.JPG,8
images/062A53.JPG,53
images/079A10.JPG,10
images/081A06.JPG,6
images/002A21.JPG,21
images/016A10.JPG,10
images/054A12.JPG,12
images/013A19.JPG,19
images/035A23b.JPG,23
images/038A21.JPG,21
images/073A03.JPG,3
images/018A06.JPG,6
images/014A12.JPG,12
images/047A27.JPG,27
images/068A03.JPG,3
images/044A07.JPG,7
images/057A17.JPG,17
images/081A12.JPG,12
images/002A18.JPG,18
images/081A07.JPG,7
images/078A09.JPG,9
images/010A07a.JPG,7
images/002A29.JPG,29
images/068A09.JPG,9
images/011A42.JPG,42
images/055A23.JPG,23
images/069A10.JPG,10
images/044A21.JPG,21
images/053A00.JPG,0
images/053A08.JPG,8
images/028A35.JPG,35
images/026A13.JPG,13
images/006A31.JPG,31
images/006A42.JPG,42
images/038A04.JPG,4
images/047A06.JPG,6
images/013A41.JPG,41
images/069A00.JPG,0
images/012A23.JPG,23
images/066A00.JPG,0
images/032A20.JPG,20
images/079A03.JPG,3
images/008A33.JPG,33
images/067A04.JPG,4
images/053A03.JPG,3
images/042A24.JPG,24
images/004A30.JPG,30
images/021A30.JPG,30
images/054A02.JPG,2
images/026A18.JPG,18
images/005A18.JPG,18
images/020A16.JPG,16
images/032A13.JPG,13
images/038A00.JPG,0
images/082A27.JPG,27
images/012A04.JPG,4
images/020A24.JPG,24
images/058A15.JPG,15
images/057A23.JPG,23
images/005A40.JPG,40
images/041A00.JPG,0
images/038A03.JPG,3
images/032A40.JPG,40
images/066A02a.JPG,2
images/042A14.JPG,14
images/025A12.JPG,12
images/001A14.JPG,14
images/017A38.JPG,38
images/025A28.JPG,28
images/021A06.JPG,6
images/048A00.JPG,0
images/012A07.JPG,7
images/058A13.JPG,13
images/067A17.JPG,17
images/018A22.JPG,22
images/048A15.JPG,15
images/016A19.JPG,19
images/073A08.JPG,8
images/021A11.JPG,11
images/042A28.JPG,28
images/042A05.JPG,5
images/037A11.JPG,11
images/062A15.JPG,15
images/010A04.JPG,4
images/004A62.JPG,62
images/021A23.JPG,23
images/048A50.JPG,50
images/002A03.JPG,3
images/046A14.JPG,14
images/073A11.JPG,11
images/047A13.JPG,13
images/002A23.JPG,23
images/058A02.JPG,2
images/058A17.JPG,17
images/014A14.JPG,14
images/038A23.JPG,23
images/009A11.JPG,11
images/061A32.JPG,32
images/041A13.JPG,13
images/017A29.JPG,29
images/079A09.JPG,9
images/068A11.JPG,11
images/009A09.JPG,9
images/032A35.JPG,35
images/057A12.JPG,12
images/010A12.JPG,12
images/035A09.JPG,9
images/046A16.JPG,16
images/020A08.JPG,8
images/012A12.JPG,12
images/004A37.JPG,37
images/008A12.JPG,12
images/041A19.JPG,19
images/068A04.JPG,4
images/004A63.JPG,63
images/028A20.JPG,20
images/057A18.JPG,18
images/061A26.JPG,26
images/008A31.JPG,31
images/038A08.JPG,8
images/082A18.JPG,18
