images/053A18.JPG,18
images/039A45.JPG,45
images/005A30.JPG,30
images/063A18.JPG,18
images/031A00.JPG,0
images/047A13.JPG,13
images/023A00.JPG,0
images/047A33.JPG,33
images/020A11.JPG,11
images/010A15.JPG,15
images/052A07.JPG,7
images/068A14.JPG,14
images/011A40.JPG,40
images/065A07b.JPG,7
images/038A08.JPG,8
images/029A22.JPG,22
images/047A45.JPG,45
images/078A07.JPG,7
images/053A15.JPG,15
images/020A20.JPG,20
images/044A25.JPG,25
images/026A15.JPG,15
images/052A02.JPG,2
images/078A09.JPG,9
images/050A00.JPG,0
images/053A00.JPG,0
images/038A11.JPG,11
images/061A04.JPG,4
images/038A01.JPG,1
images/073A05.JPG,5
images/081A00.JPG,0
images/024A19.JPG,19
images/071A42.JPG,42
images/002A12.JPG,12
images/078A06.JPG,6
images/076A05.JPG,5
images/061A15.JPG,15
images/032A40.JPG,40
images/011A11.JPG,11
images/014A40.JPG,40
images/023A05.JPG,5
images/025A07.JPG,7
images/052A20.JPG,20
images/010A16.JPG,16
images/039A05.JPG,5
images/061A32.JPG,32
images/065A02a.JPG,2
images/001A19.JPG,19
images/001A43a.JPG,43
images/070A03.JPG,3
images/040A10.JPG,10
images/073A07.JPG,7
images/029A05.JPG,5
images/022A11.JPG,11
images/013A44.JPG,44
images/029A23.JPG,23
images/067A21.JPG,21
images/045A43.JPG,43
images/005A31.JPG,31
images/040A19.JPG,19
images/056A12.JPG,12
images/025A19.JPG,19
images/074A04.JPG,4
images/011A20.JPG,20
images/073A01.JPG,1
images/014A14.JPG,14
images/015A00.JPG,0
images/044A05.JPG,5
images/076A17.JPG,17
images/079A11.JPG,11
images/021A27.JPG,27
images/067A14.JPG,14
images/057A00.JPG,0
images/060A08.JPG,8
images/067A17.JPG,17
images/009A13.JPG,13
images/056A06.JPG,6
images/060A17.JPG,17
images/067A30.JPG,30
images/073A00.JPG,0
images/047A05.JPG,5
images/049A12.JPG,12
images/045A48.JPG,48
images/053A01.JPG,1
images/021A23.JPG,23
images/009A11.JPG,11
images/065A13.JPG,13
images/031A14.JPG,14
images/045A03.JPG,3
images/041A20.JPG,20
images/025A18.JPG,18
images/005A24.JPG,24
images/026A11.JPG,11
images/009A00.JPG,0
images/045A06.JPG,6
images/029A04.JPG,4
images/074A10.JPG,10
images/024A30.JPG,30
images/005A52.JPG,52
images/078A05.JPG,5
images/057A06.JPG,6
images/065A07a.JPG,7
images/032A24.JPG,24
images/015A15.JPG,15
images/073A16.JPG,16
images/013A16.JPG,16
images/073A09.JPG,9
images/045A25.JPG,25
images/011A07.JPG,7
images/065A06b.JPG,6
images/061A06.JPG,6
images/015A14.JPG,14
images/031A07.JPG,7
images/074A07.JPG,7
images/031A03.JPG,3
images/061A30.JPG,30
images/009A16b.JPG,16
images/073A15.JPG,15
images/001A33.JPG,33
images/011A17.JPG,17
images/010A04.JPG,4
images/001A14.JPG,14
images/068A04.JPG,4
images/045A12.JPG,12
images/002A07.JPG,7
images/024A28.JPG,28
images/076A14.JPG,14
images/010A07b.JPG,7
images/038A03.JPG,3
images/079A01.JPG,1
images/029A31.JPG,31
images/079A03.JPG,3
images/023A18.JPG,18
images/021A16.JPG,16
images/004A26.JPG,26
images/081A05.JPG,5
images/010A12.JPG,12
images/010A10.JPG,10
images/050A06.JPG,6
images/038A04.JPG,4
images/004A21.JPG,21
images/038A23.JPG,23
images/011A02.JPG,2
images/067A39.JPG,39
images/053A10.JPG,10
images/056A02.JPG,2
images/079A02.JPG,2
images/067A04.JPG,4
images/020A18.JPG,18
images/038A10.JPG,10
images/041A06.JPG,6
images/001A16.JPG,16
images/023A16.JPG,16
images/068A00.JPG,0
images/010A18.JPG,18
images/020A02.JPG,2
images/052A16.JPG,16
images/038A14.JPG,14
images/074A00.JPG,0
images/014A22.JPG,22
images/026A07.JPG,7
images/029A13.JPG,13
images/029A16.JPG,16
images/004A51.JPG,51
images/067A33.JPG,33
images/031A11.JPG,11
images/002A21.JPG,21
images/001A18.JPG,18
images/071A24.JPG,24
images/022A28.JPG,28
images/013A25.JPG,25
images/067A28.JPG,28
images/004A48.JPG,48
images/006A24.JPG,24
images/023A09.JPG,9
images/076A15.JPG,15
images/052A17.JPG,17
images/068A10b.JPG,10
images/051A05.JPG,5
images/057A25.JPG,25
images/010A09.JPG,9
images/040A07.JPG,7
images/021A35.JPG,35
images/051A14.JPG,14
images/021A11.JPG,11
images/051A08.JPG,8
images/020A04.JPG,4
images/050A18.JPG,18
images/004A37.JPG,37
images/011A34.JPG,34
images/005A35.JPG,35
images/071A27.JPG,27
images/010A01.JPG,1
images/078A02.JPG,2
images/040A03a.JPG,3
images/071A00.JPG,0
images/006A42.JPG,42
images/042A10.JPG,10
images/041A00.JPG,0
images/057A17.JPG,17
images/009A14.JPG,14
images/005A40.JPG,40
images/042A28.JPG,28
images/011A13.JPG,13
images/076A01.JPG,1
images/078A10.JPG,10
images/033A18.JPG,18
images/051A16.JPG,16
images/001A02.JPG,2
images/022A14.JPG,14
images/039A02.JPG,2
images/039A11.JPG,11
images/068A11.JPG,11
images/041A19.JPG,19
images/061A18.JPG,18
images/001A40.JPG,40
images/051A12.JPG,12
images/051A24.JPG,24
images/053A02.JPG,2
images/011A30.JPG,30
images/052A10.JPG,10
images/079A04.JPG,4
images/023A29.JPG,29
images/013A19.JPG,19
images/078A15.JPG,15
images/004A40.JPG,40
images/042A20.JPG,20
images/033A25.JPG,25
images/011A42.JPG,42
images/063A04.JPG,4
images/052A13.JPG,13
images/026A00.JPG,0
images/060A07.JPG,7
images/057A23.JPG,23
images/079A13.JPG,13
images/033A21.JPG,21
images/049A17.JPG,17
images/039A19.JPG,19
images/002A15.JPG,15
images/070A00.JPG,0
images/076A10.JPG,10
images/002A38.JPG,38
images/005A45.JPG,45
images/061A10.JPG,10
images/009A22a.JPG,22
images/009A01.JPG,1
images/004A30.JPG,30
images/045A28.JPG,28
images/040A16.JPG,16
images/040A00.JPG,0
images/002A03.JPG,3
images/033A05.JPG,5
images/005A48.JPG,48
images/060A04.JPG,4
images/056A01.JPG,1
images/069A07.JPG,7
images/065A10.JPG,10
images/006A55.JPG,55
images/060A12.JPG,12
images/041A04.JPG,4
images/074A06.JPG,6
images/065A08.JPG,8
images/041A09.JPG,9
images/025A22.JPG,22
images/078A01.JPG,1
images/070A14.JPG,14
images/015A10.JPG,10
images/006A69.JPG,69
images/022A18.JPG,18
images/081A04.JPG,4
images/020A36.JPG,36
images/081A01.JPG,1
images/070A07.JPG,7
images/069A06.JPG,6
images/047A11.JPG,11
images/056A03.JPG,3
images/021A30.JPG,30
images/047A20.JPG,20
images/079A09.JPG,9
images/069A10.JPG,10
images/021A20.JPG,20
images/020A30.JPG,30
images/042A12.JPG,12
images/050A03.JPG,3
images/057A16.JPG,16
images/005A18.JPG,18
images/051A18.JPG,18
images/029A33.JPG,33
images/031A19.JPG,19
images/056A10.JPG,10
images/076A00.JPG,0
images/078A14.JPG,14
images/071A35.JPG,35
images/032A06.JPG,6
images/063A25.JPG,25
images/038A00.JPG,0
images/040A09.JPG,9
images/014A18.JPG,18
images/073A04.JPG,4
images/050A14.JPG,14
images/032A08.JPG,8
images/078A12.JPG,12
images/069A03.JPG,3
images/005A49.JPG,49
images/033A14.JPG,14
images/025A23.JPG,23
images/024A00.JPG,0
images/045A32.JPG,32
images/025A03.JPG,3
images/069A00.JPG,0
images/045A19.JPG,19
images/004A53.JPG,53
images/040A21.JPG,21
images/033A39.JPG,39
images/015A07.JPG,7
images/056A04.JPG,4
images/070A09.JPG,9
images/049A08.JPG,8
images/013A34.JPG,34
images/042A06.JPG,6
images/061A17.JPG,17
images/076A06.JPG,6
images/004A28.JPG,28
images/031A02.JPG,2
images/069A09.JPG,9
images/047A06.JPG,6
images/057A07.JPG,7
images/039A50.JPG,50
images/061A25.JPG,25
images/001A43b.JPG,43
images/002A29.JPG,29
images/009A05.JPG,5
images/065A02b.JPG,2
images/031A16.JPG,16
images/031A09.JPG,9
images/022A00.JPG,0
images/010A05.JPG,5
images/047A23.JPG,23
images/071A43.JPG,43
images/079A05.JPG,5
images/041A21.JPG,21
images/014A03.JPG,3
images/010A07a.JPG,7
images/022A20.JPG,20
images/063A22.JPG,22
images/069A11.JPG,11
images/041A13.JPG,13
images/060A19.JPG,19
images/068A03.JPG,3
images/032A13.JPG,13
images/049A15.JPG,15
images/001A22.JPG,22
images/064A15.JPG,15
images/009A22b.JPG,22
images/013A23.JPG,23
images/052A18.JPG,18
images/042A00.JPG,0
images/010A06.JPG,6
images/014A36.JPG,36
images/026A04.JPG,4
images/074A11.JPG,11
images/063A00.JPG,0
images/032A10.JPG,10
images/052A19.JPG,19
images/051A15.JPG,15
images/025A28.JPG,28
images/079A06.JPG,6
images/033A10.JPG,10
images/024A25.JPG,25
images/074A13.JPG,13
images/044A01.JPG,1
images/073A12.JPG,12
images/064A10.JPG,10
images/071A40.JPG,40
images/070A02.JPG,2
images/050A10.JPG,10
images/078A04.JPG,4
images/015A05.JPG,5
images/033A30.JPG,30
images/031A15.JPG,15
images/009A16a.JPG,16
images/068A13.JPG,13
images/081A12.JPG,12
images/031A12.JPG,12
images/032A33.JPG,33
images/078A13.JPG,13
images/049A10.JPG,10
images/015A01.JPG,1
images/074A03.JPG,3
images/081A11.JPG,11
images/002A36.JPG,36
images/057A12.JPG,12
images/020A08.JPG,8
images/047A09.JPG,9
images/014A12.JPG,12
images/065A09.JPG,9
images/022A26.JPG,26
images/044A17.JPG,17
images/032A35.JPG,35
images/025A00.JPG,0
images/060A10.JPG,10
images/076A07.JPG,7
images/079A07.JPG,7
images/063A09.JPG,9
images/005A61.JPG,61
images/006A36.JPG,36
images/033A02.JPG,2
images/001A28.JPG,28
images/023A21.JPG,21
images/044A21.JPG,21
images/079A10.JPG,10
images/013A41.JPG,41
images/013A30.JPG,30
images/065A12.JPG,12
images/050A16.JPG,16
images/013A00.JPG,0
images/064A04.JPG,4
images/074A05.JPG,5
images/026A19.JPG,19
images/063A33.JPG,33
images/020A16.JPG,16
images/071A10.JPG,10
images/021A39.JPG,39
images/001A10.JPG,10
images/079A00.JPG,0
images/024A05.JPG,5
images/057A18.JPG,18
images/049A07.JPG,7
images/038A21.JPG,21
images/026A18.JPG,18
images/025A12.JPG,12
images/052A04.JPG,4
images/064A03.JPG,3
images/002A18.JPG,18
images/026A02.JPG,2
images/004A19.JPG,19
images/014A30.JPG,30
images/063A02.JPG,2
images/040A03b.JPG,3
images/076A08.JPG,8
images/039A13.JPG,13
images/049A04.JPG,4
images/032A15.JPG,15
images/050A22.JPG,22
images/026A13.JPG,13
images/076A12.JPG,12
images/061A26.JPG,26
images/070A12.JPG,12
images/040A02.JPG,2
images/053A08.JPG,8
images/053A04.JPG,4
images/067A26.JPG,26
images/069A05.JPG,5
images/052A14.JPG,14
images/029A20.JPG,20
images/001A29.JPG,29
images/029A29.JPG,29
images/024A18.JPG,18
images/024A23.JPG,23
images/063A20.JPG,20
images/023A22.JPG,22
images/014A16.JPG,16
images/057A05.JPG,5
images/039A35.JPG,35
images/015A19.JPG,19
images/023A25.JPG,25
images/076A09.JPG,9
images/011A15.JPG,15
images/042A05.JPG,5
images/081A10.JPG,10
images/051A00.JPG,0
images/029A01.JPG,1
images/015A04.JPG,4
images/068A12.JPG,12
images/063A08.JPG,8
images/053A06.JPG,6
images/041A24.JPG,24
images/001A08.JPG,8
images/076A04.JPG,4
images/064A01.JPG,1
images/011A05.JPG,5
images/021A03.JPG,3
images/022A07.JPG,7
images/026A06.JPG,6
images/002A04.JPG,4
images/031A06.JPG,6
images/047A15.JPG,15
images/047A12.JPG,12
images/068A10a.JPG,10
images/013A21.JPG,21
images/024A07.JPG,7
images/029A10.JPG,10
images/073A08.JPG,8
images/045A40.JPG,40
images/038A05.JPG,5
images/032A20.JPG,20
images/078A11.JPG,11
images/040A14.JPG,14
images/023A14.JPG,14
images/025A39.JPG,39
images/022A25.JPG,25
images/060A02.JPG,2
images/060A11.JPG,11
images/006A67.JPG,67
images/071A45.JPG,45
images/068A09.JPG,9
images/073A06.JPG,6
images/064A19.JPG,19
images/042A24.JPG,24
images/014A42.JPG,42
images/002A20.JPG,20
images/009A18.JPG,18
images/038A13.JPG,13
images/040A06.JPG,6
images/006A31.JPG,31
images/038A34.JPG,34
images/074A15.JPG,15
images/004A62.JPG,62
images/073A13.JPG,13
images/013A18.JPG,18
images/056A15.JPG,15
images/047A18.JPG,18
images/051A17.JPG,17
images/045A08.JPG,8
images/002A23.JPG,23
images/021A06.JPG,6
images/039A07.JPG,7
images/078A08.JPG,8
images/038A17.JPG,17
images/070A01.JPG,1
images/067A23.JPG,23
images/070A06.JPG,6
images/025A15.JPG,15
images/074A12.JPG,12
images/060A05.JPG,5
images/071A44.JPG,44
images/051A02.JPG,2
images/071A22.JPG,22
images/073A14.JPG,14
images/015A17.JPG,17
images/001A05.JPG,5
images/039A16.JPG,16
images/078A03.JPG,3
images/053A11.JPG,11
images/006A28.JPG,28
images/022A30.JPG,30
images/033A44.JPG,44
images/071A23.JPG,23
images/060A20.JPG,20
images/065A03b.JPG,3
images/025A34.JPG,34
images/002A16.JPG,16
images/078A00.JPG,0
images/047A27.JPG,27
images/079A12.JPG,12
images/042A04.JPG,4
images/026A17.JPG,17
images/061A29.JPG,29
images/053A13.JPG,13
images/044A03.JPG,3
images/081A03.JPG,3
images/074A14.JPG,14
images/002A31.JPG,31
images/009A03.JPG,3
images/081A06.JPG,6
images/039A10.JPG,10
images/069A02.JPG,2
images/015A03.JPG,3
images/070A05.JPG,5
images/053A12.JPG,12
images/040A05.JPG,5
images/076A03.JPG,3
images/024A10.JPG,10
images/015A12.JPG,12
images/013A08.JPG,8
images/044A07.JPG,7
images/044A15.JPG,15
images/041A02.JPG,2
images/044A13.JPG,13
images/061A19.JPG,19
images/020A13.JPG,13
images/065A06a.JPG,6
images/011A27.JPG,27
images/042A08.JPG,8
images/074A08.JPG,8
images/074A02.JPG,2
images/076A13.JPG,13
images/032A28.JPG,28
images/039A15.JPG,15
images/039A17.JPG,17
images/061A07.JPG,7
images/021A05.JPG,5
images/022A16.JPG,16
images/032A18.JPG,18
images/020A22.JPG,22
images/060A06.JPG,6
images/049A06.JPG,6
images/081A07.JPG,7
images/039A52.JPG,52
images/081A08.JPG,8
images/073A02.JPG,2
images/023A07.JPG,7
images/006A51.JPG,51
images/042A01.JPG,1
images/074A01.JPG,1
images/020A24.JPG,24
images/049A05.JPG,5
images/006A46.JPG,46
images/070A08.JPG,8
images/076A11.JPG,11
images/033A35.JPG,35
images/031A04.JPG,4
images/076A02.JPG,2
images/045A17.JPG,17
images/011A14.JPG,14
images/006A40.JPG,40
images/065A04.JPG,4
images/002A05.JPG,5
images/009A09.JPG,9
images/065A11.JPG,11
images/047A55.JPG,55
images/073A11.JPG,11
images/076A16.JPG,16
images/049A16.JPG,16
images/022A23.JPG,23
images/023A03.JPG,3
images/074A09.JPG,9
images/081A02.JPG,2
images/002A26.JPG,26
images/071A18.JPG,18
images/069A13.JPG,13
images/024A17.JPG,17
images/042A14.JPG,14
images/044A18.JPG,18
images/073A03.JPG,3
images/045A18.JPG,18
images/042A18.JPG,18
images/053A03.JPG,3
images/040A12.JPG,12
images/029A11.JPG,11
images/021A18.JPG,18
images/020A26.JPG,26
images/069A04.JPG,4
images/079A08.JPG,8
images/065A03a.JPG,3
images/006A61.JPG,61
images/004A63.JPG,63
images/015A09.JPG,9
images/022A27.JPG,27
