images/018A29.JPG,29
images/001A33.JPG,33
images/076A10.JPG,10
images/003A47.JPG,47
images/032A24.JPG,24
images/008A30.JPG,30
images/017A38.JPG,38
images/049A05.JPG,5
images/032A28.JPG,28
images/076A00.JPG,0
images/069A11.JPG,11
images/015A12.JPG,12
images/013A25.JPG,25
images/051A16.JPG,16
images/073A05.JPG,5
images/023A03.JPG,3
images/076A02.JPG,2
images/076A11.JPG,11
images/055A12.JPG,12
images/033A25.JPG,25
images/033A35.JPG,35
images/080A14.JPG,14
images/034A02.JPG,2
images/073A02.JPG,2
images/077A09.JPG,9
images/048A27.JPG,27
images/031A03.JPG,3
images/034A35.JPG,35
images/069A04.JPG,4
images/001A10.JPG,10
images/082A21.JPG,21
images/061A07.JPG,7
images/001A05.JPG,5
images/003A25.JPG,25
images/023A09.JPG,9
images/043A13.JPG,13
images/005A49.JPG,49
images/007A22.JPG,22
images/032A10.JPG,10
images/076A17.JPG,17
images/040A07.JPG,7
images/008A17.JPG,17
images/013A21.JPG,21
images/040A12.JPG,12
images/045A12.JPG,12
images/001A19.JPG,19
images/071A18.JPG,18
images/010A09.JPG,9
images/075A07.JPG,7
images/035A01.JPG,1
images/024A23.JPG,23
images/055A06.JPG,6
images/035A21.JPG,21
images/080A09.JPG,9
images/080A02.JPG,2
images/007A37.JPG,37
images/080A13.JPG,13
images/033A18.JPG,18
images/051A12.JPG,12
images/027A16.JPG,16
images/080A03.JPG,3
images/049A06.JPG,6
images/072A19.JPG,19
images/036A06.JPG,6
images/002A36.JPG,36
images/022A23.JPG,23
images/047A06.JPG,6
images/013A18.JPG,18
images/044A01.JPG,1
images/011A20.JPG,20
images/035A16.JPG,16
images/050A18.JPG,18
images/002A04.JPG,4
images/017A17.JPG,17
images/048A09.JPG,9
images/023A22.JPG,22
images/004A40.JPG,40
images/004A63.JPG,63
images/059A03.JPG,3
images/051A00.JPG,0
images/058A15.JPG,15
images/055A14.JPG,14
images/045A19.JPG,19
images/044A03.JPG,3
images/074A08.JPG,8
images/017A19.JPG,19
images/023A00.JPG,0
images/035A00.JPG,0
images/067A30.JPG,30
images/062A35.JPG,35
images/008A06.JPG,6
images/050A16.JPG,16
images/001A40.JPG,40
images/034A30.JPG,30
images/015A09.JPG,9
images/018A36.JPG,36
images/032A20.JPG,20
images/073A11.JPG,11
images/031A09.JPG,9
images/008A35.JPG,35
images/073A03.JPG,3
images/049A15.JPG,15
images/057A05.JPG,5
images/075A02.JPG,2
images/047A12.JPG,12
images/082A25.JPG,25
images/047A13.JPG,13
images/032A15.JPG,15
images/017A26.JPG,26
images/072A02.JPG,2
images/076A01.JPG,1
images/015A04.JPG,4
images/067A23.JPG,23
images/076A04.JPG,4
images/071A00.JPG,0
images/047A27.JPG,27
images/080A10.JPG,10
images/047A05.JPG,5
images/073A08.JPG,8
images/049A08.JPG,8
images/033A30.JPG,30
images/034A44.JPG,44
images/047A33.JPG,33
images/003A18.JPG,18
images/040A19.JPG,19
images/051A05.JPG,5
images/077A01.JPG,1
images/040A09.JPG,9
images/058A13.JPG,13
images/057A12.JPG,12
images/017A36.JPG,36
images/009A03.JPG,3
images/069A05.JPG,5
images/027A25.JPG,25
images/036A01.JPG,1
images/069A03.JPG,3
images/074A03.JPG,3
images/030A17.JPG,17
images/035A12.JPG,12
images/009A05.JPG,5
images/009A13.JPG,13
images/002A26.JPG,26
images/067A21.JPG,21
images/015A07.JPG,7
images/017A07.JPG,7
images/030A16.JPG,16
images/043A15.JPG,15
images/077A13.JPG,13
images/062A15.JPG,15
images/057A16.JPG,16
images/013A23.JPG,23
images/003A51.JPG,51
images/004A37.JPG,37
images/071A23.JPG,23
images/035A07.JPG,7
images/080A07.JPG,7
images/074A04.JPG,4
images/071A44.JPG,44
images/069A09.JPG,9
images/013A19.JPG,19
images/061A30.JPG,30
images/033A21.JPG,21
images/004A19.JPG,19
images/061A19.JPG,19
images/072A14.JPG,14
images/011A02.JPG,2
images/002A18.JPG,18
images/073A13.JPG,13
images/005A31.JPG,31
images/055A08.JPG,8
images/043A23.JPG,23
images/007A45.JPG,45
images/031A04.JPG,4
images/033A39.JPG,39
images/048A49.JPG,49
images/015A10.JPG,10
images/047A18.JPG,18
images/072A25.JPG,25
images/027A13.JPG,13
images/009A16a.JPG,16
images/045A08.JPG,8
images/001A08.JPG,8
images/076A14.JPG,14
images/004A28.JPG,28
images/008A08.JPG,8
images/036A05.JPG,5
images/047A11.JPG,11
images/075A10.JPG,10
images/043A04.JPG,4
images/059A06.JPG,6
images/040A03a.JPG,3
images/044A15.JPG,15
images/077A10.JPG,10
images/032A08.JPG,8
images/027A22.JPG,22
images/053A04.JPG,4
images/024A30.JPG,30
images/044A21.JPG,21
images/058A05.JPG,5
images/030A18.JPG,18
images/033A05.JPG,5
images/043A03.JPG,3
images/034A13.JPG,13
images/059A02a.JPG,2
images/013A08.JPG,8
images/048A30.JPG,30
images/004A48.JPG,48
images/022A28.JPG,28
images/061A15.JPG,15
images/010A12.JPG,12
images/055A23.JPG,23
images/040A14.JPG,14
images/007A18.JPG,18
images/005A45.JPG,45
images/075A00.JPG,0
images/053A10.JPG,10
images/015A01.JPG,1
images/022A20.JPG,20
images/022A07.JPG,7
images/077A04.JPG,4
images/002A03.JPG,3
images/074A00.JPG,0
images/040A16.JPG,16
images/033A44.JPG,44
images/071A43.JPG,43
images/032A33.JPG,33
images/004A21.JPG,21
images/030A07.JPG,7
images/005A24.JPG,24
images/003A35.JPG,35
images/074A12.JPG,12
images/014A40.JPG,40
images/014A30.JPG,30
images/076A08.JPG,8
images/009A00.JPG,0
images/023A18.JPG,18
images/075A06.JPG,6
images/008A29.JPG,29
images/069A06.JPG,6
images/080A06.JPG,6
images/030A26.JPG,26
images/009A11.JPG,11
images/010A06.JPG,6
images/051A15.JPG,15
images/080A00.JPG,0
images/003A49.JPG,49
images/045A03.JPG,3
images/059A12.JPG,12
images/010A10.JPG,10
images/047A23.JPG,23
images/010A07a.JPG,7
images/045A43.JPG,43
images/076A15.JPG,15
images/069A02.JPG,2
images/035A23b.JPG,23
images/005A40.JPG,40
images/004A51.JPG,51
images/036A11.JPG,11
images/011A15.JPG,15
images/047A09.JPG,9
images/058A02.JPG,2
images/024A18.JPG,18
images/080A08.JPG,8
images/008A21.JPG,21
images/048A50.JPG,50
images/024A17.JPG,17
images/071A27.JPG,27
images/035A09.JPG,9
images/051A24.JPG,24
images/034A11.JPG,11
images/053A06.JPG,6
images/032A06.JPG,6
images/036A15.JPG,15
images/051A18.JPG,18
images/030A05.JPG,5
images/062A54.JPG,54
images/027A02.JPG,2
images/073A16.JPG,16
images/018A11.JPG,11
images/047A55.JPG,55
images/051A17.JPG,17
images/007A01.JPG,1
images/011A07.JPG,7
images/058A10.JPG,10
images/051A02.JPG,2
images/002A29.JPG,29
images/067A33.JPG,33
images/050A03.JPG,3
images/074A01.JPG,1
images/082A27.JPG,27
images/013A16.JPG,16
images/023A29.JPG,29
images/002A05.JPG,5
images/018A28.JPG,28
images/045A25.JPG,25
images/043A19.JPG,19
images/075A11.JPG,11
images/072A45.JPG,45
images/002A12.JPG,12
images/049A16.JPG,16
images/030A00.JPG,0
images/043A10.JPG,10
images/043A17.JPG,17
images/011A42.JPG,42
images/014A16.JPG,16
images/067A04.JPG,4
images/032A40.JPG,40
images/045A17.JPG,17
images/074A06.JPG,6
images/082A03.JPG,3
images/018A06.JPG,6
images/009A18.JPG,18
images/034A25.JPG,25
images/072A29.JPG,29
images/082A23.JPG,23
images/008A18.JPG,18
images/008A12.JPG,12
images/018A16.JPG,16
images/048A52.JPG,52
images/032A13.JPG,13
images/040A05.JPG,5
images/004A53.JPG,53
images/031A06.JPG,6
images/032A35.JPG,35
images/074A09.JPG,9
images/059A07.JPG,7
images/061A29.JPG,29
images/002A20.JPG,20
images/048A18.JPG,18
images/069A00.JPG,0
images/061A18.JPG,18
images/023A16.JPG,16
images/035A05.JPG,5
images/061A26.JPG,26
images/082A31.JPG,31
images/074A15.JPG,15
images/013A44.JPG,44
images/047A20.JPG,20
images/001A22.JPG,22
images/043A05.JPG,5
images/011A11.JPG,11
images/031A11.JPG,11
images/003A23.JPG,23
images/009A22a.JPG,22
images/036A17.JPG,17
images/044A18.JPG,18
images/036A18.JPG,18
images/005A30.JPG,30
images/061A17.JPG,17
images/044A05.JPG,5
images/077A15.JPG,15
images/080A04.JPG,4
images/067A39.JPG,39
images/057A25.JPG,25
images/035A03.JPG,3
images/018A22.JPG,22
images/022A27.JPG,27
images/023A07.JPG,7
images/023A25.JPG,25
images/073A06.JPG,6
images/031A12.JPG,12
images/051A14.JPG,14
images/057A23.JPG,23
images/015A05.JPG,5
images/002A15.JPG,15
images/072A07.JPG,7
images/049A07.JPG,7
images/057A17.JPG,17
images/033A02.JPG,2
images/002A07.JPG,7
images/035A08.JPG,8
images/074A11.JPG,11
images/058A06.JPG,6
images/073A07.JPG,7
images/050A10.JPG,10
images/014A03.JPG,3
images/027A18.JPG,18
images/027A20.JPG,20
images/082A16.JPG,16
images/040A21.JPG,21
images/057A06.JPG,6
images/030A04.JPG,4
images/049A17.JPG,17
images/009A22b.JPG,22
images/013A41.JPG,41
images/059A14.JPG,14
images/022A30.JPG,30
images/062A03.JPG,3
images/074A02.JPG,2
images/077A14.JPG,14
images/057A18.JPG,18
images/011A27.JPG,27
images/053A15.JPG,15
images/049A10.JPG,10
images/010A16.JPG,16
images/061A25.JPG,25
images/073A12.JPG,12
images/010A01.JPG,1
images/018A18.JPG,18
images/075A03.JPG,3
images/075A05.JPG,5
images/062A47.JPG,47
images/014A12.JPG,12
images/036A13.JPG,13
images/023A14.JPG,14
images/022A26.JPG,26
images/014A22.JPG,22
images/062A30.JPG,30
images/072A41.JPG,41
images/036A03.JPG,3
images/067A28.JPG,28
images/059A02b.JPG,2
images/002A21.JPG,21
images/035A14.JPG,14
images/076A09.JPG,9
images/072A27.JPG,27
images/008A16.JPG,16
images/017A42.JPG,42
images/040A02.JPG,2
images/076A12.JPG,12
images/048A11.JPG,11
images/076A06.JPG,6
images/031A16.JPG,16
images/022A00.JPG,0
images/055A22.JPG,22
images/050A06.JPG,6
images/005A52.JPG,52
images/075A01.JPG,1
images/009A09.JPG,9
images/053A01.JPG,1
images/027A36.JPG,36
images/053A03.JPG,3
images/077A16.JPG,16
images/076A03.JPG,3
images/018A34.JPG,34
images/057A07.JPG,7
images/024A07.JPG,7
images/011A13.JPG,13
images/008A33.JPG,33
images/011A17.JPG,17
images/059A04.JPG,4
images/072A21.JPG,21
images/015A17.JPG,17
images/080A12.JPG,12
images/034A39.JPG,39
images/011A14.JPG,14
images/040A06.JPG,6
images/010A15.JPG,15
images/072A11.JPG,11
images/074A10.JPG,10
images/007A26.JPG,26
images/013A34.JPG,34
images/027A11.JPG,11
images/061A32.JPG,32
images/034A21.JPG,21
images/062A41.JPG,41
images/001A02.JPG,2
images/036A19.JPG,19
images/061A04.JPG,4
images/031A15.JPG,15
images/082A18.JPG,18
images/024A00.JPG,0
images/015A15.JPG,15
images/001A29.JPG,29
images/002A23.JPG,23
images/047A15.JPG,15
images/033A14.JPG,14
images/009A16b.JPG,16
images/001A43a.JPG,43
images/076A13.JPG,13
images/053A18.JPG,18
images/030A20.JPG,20
images/002A16.JPG,16
images/048A10.JPG,10
images/011A05.JPG,5
images/014A18.JPG,18
images/022A18.JPG,18
images/080A05.JPG,5
images/053A02.JPG,2
images/014A14.JPG,14
images/007A38.JPG,38
images/055A05.JPG,5
images/073A14.JPG,14
images/034A16.JPG,16
images/015A19.JPG,19
images/053A13.JPG,13
images/082A00.JPG,0
images/002A38.JPG,38
images/031A19.JPG,19
images/035A23a.JPG,23
images/036A20.JPG,20
images/057A00.JPG,0
images/024A25.JPG,25
images/008A41.JPG,41
images/082A20.JPG,20
images/036A00.JPG,0
images/001A14.JPG,14
images/017A12.JPG,12
images/022A16.JPG,16
images/011A40.JPG,40
images/040A03b.JPG,3
images/074A13.JPG,13
images/080A01.JPG,1
images/009A14.JPG,14
images/011A30.JPG,30
images/018A25.JPG,25
images/048A46.JPG,46
images/009A01.JPG,1
images/013A30.JPG,30
images/030A23.JPG,23
images/072A34.JPG,34
images/045A28.JPG,28
images/007A39.JPG,39
images/051A08.JPG,8
images/077A11.JPG,11
images/071A40.JPG,40
images/040A00.JPG,0
images/045A18.JPG,18
images/008A03.JPG,3
images/024A19.JPG,19
images/002A31.JPG,31
images/001A28.JPG,28
images/024A28.JPG,28
images/015A14.JPG,14
images/024A10.JPG,10
images/004A62.JPG,62
images/059A16.JPG,16
images/053A00.JPG,0
images/017A22.JPG,22
images/022A14.JPG,14
images/077A03.JPG,3
images/071A24.JPG,24
images/073A04.JPG,4
images/055A04.JPG,4
images/058A01.JPG,1
images/073A01.JPG,1
images/040A10.JPG,10
images/017A05.JPG,5
images/024A05.JPG,5
images/053A08.JPG,8
images/067A14.JPG,14
images/010A18.JPG,18
images/058A03.JPG,3
images/015A03.JPG,3
images/018A33.JPG,33
images/050A00.JPG,0
images/048A17.JPG,17
images/017A32.JPG,32
images/049A04.JPG,4
images/004A26.JPG,26
images/045A32.JPG,32
images/048A00.JPG,0
images/077A07.JPG,7
images/061A10.JPG,10
images/058A00.JPG,0
images/005A18.JPG,18
images/003A38.JPG,38
images/069A13.JPG,13
images/067A17.JPG,17
images/074A05.JPG,5
images/072A13.JPG,13
images/069A10.JPG,10
images/062A16.JPG,16
images/031A00.JPG,0
images/010A05.JPG,5
images/048A33.JPG,33
images/071A22.JPG,22
images/011A34.JPG,34
images/062A18.JPG,18
images/073A15.JPG,15
images/077A02.JPG,2
images/045A06.JPG,6
images/001A16.JPG,16
images/010A04.JPG,4
images/033A10.JPG,10
images/010A07b.JPG,7
images/034A18.JPG,18
images/004A30.JPG,30
images/014A42.JPG,42
images/077A08.JPG,8
images/014A36.JPG,36
images/031A02.JPG,2
images/077A06.JPG,6
images/077A00.JPG,0
images/013A00.JPG,0
images/001A43b.JPG,43
images/017A15.JPG,15
images/044A07.JPG,7
images/058A17.JPG,17
images/003A61.JPG,61
images/005A61.JPG,61
images/053A11.JPG,11
images/023A21.JPG,21
images/043A00.JPG,0
images/044A17.JPG,17
images/050A14.JPG,14
images/001A18.JPG,18
images/073A00.JPG,0
images/076A16.JPG,16
images/035A18.JPG,18
images/031A07.JPG,7
images/050A22.JPG,22
images/069A07.JPG,7
images/053A12.JPG,12
images/031A14.JPG,14
images/082A22.JPG,22
images/075A08.JPG,8
images/008A13.JPG,13
images/048A15.JPG,15
images/074A14.JPG,14
images/073A09.JPG,9
images/048A54.JPG,54
images/034A15.JPG,15
images/061A06.JPG,6
images/072A17.JPG,17
images/044A13.JPG,13
images/045A40.JPG,40
images/003A20.JPG,20
images/043A27.JPG,27
images/023A05.JPG,5
images/036A08.JPG,8
images/032A18.JPG,18
images/058A04.JPG,4
images/071A35.JPG,35
images/071A10.JPG,10
images/005A48.JPG,48
images/022A11.JPG,11
images/048A16.JPG,16
images/045A48.JPG,48
images/076A07.JPG,7
images/049A12.JPG,12
images/030A10.JPG,10
images/005A35.JPG,35
images/062A38.JPG,38
images/034A04.JPG,4
images/027A41.JPG,41
images/074A07.JPG,7
images/008A31.JPG,31
images/003A58.JPG,58
images/017A29.JPG,29
images/071A45.JPG,45
images/077A12.JPG,12
images/067A26.JPG,26
images/027A30.JPG,30
images/047A45.JPG,45
images/062A53.JPG,53
images/062A45.JPG,45
images/007A23.JPG,23
images/044A25.JPG,25
images/003A60.JPG,60
images/015A00.JPG,0
images/076A05.JPG,5
images/022A25.JPG,25
images/071A42.JPG,42
