images/036A01.JPG,1
images/078A06.JPG,6
images/070A14.JPG,14
images/002A12.JPG,12
images/076A16.JPG,16
images/032A13.JPG,13
images/030A18.JPG,18
images/077A09.JPG,9
images/078A11.JPG,11
images/040A14.JPG,14
images/071A45.JPG,45
images/054A09.JPG,9
images/009A14.JPG,14
images/081A01.JPG,1
images/069A05.JPG,5
images/026A11.JPG,11
images/081A12.JPG,12
images/058A00.JPG,0
images/077A04.JPG,4
images/032A40.JPG,40
images/025A12.JPG,12
images/040A05.JPG,5
images/063A22.JPG,22
images/046A00.JPG,0
images/021A11.JPG,11
images/031A15.JPG,15
images/022A14.JPG,14
images/031A16.JPG,16
images/072A02.JPG,2
images/056A01.JPG,1
images/049A17.JPG,17
images/082A27.JPG,27
images/001A10.JPG,10
images/042A08.JPG,8
images/069A13.JPG,13
images/068A10b.JPG,10
images/002A23.JPG,23
images/068A09.JPG,9
images/040A03a.JPG,3
images/045A40.JPG,40
images/044A21.JPG,21
images/036A06.JPG,6
images/017A29.JPG,29
images/049A04.JPG,4
images/029A10.JPG,10
images/002A29.JPG,29
images/001A43a.JPG,43
images/071A35.JPG,35
images/052A10.JPG,10
images/038A11.JPG,11
images/007A45.JPG,45
images/017A36.JPG,36
images/017A38.JPG,38
images/032A20.JPG,20
images/031A12.JPG,12
images/040A12.JPG,12
images/045A18.JPG,18
images/069A07.JPG,7
images/031A19.JPG,19
images/031A07.JPG,7
images/068A03.JPG,3
images/073A15.JPG,15
images/009A18.JPG,18
images/078A08.JPG,8
images/042A18.JPG,18
images/077A13.JPG,13
images/037A08.JPG,8
images/062A41.JPG,41
images/066A06a.JPG,6
images/044A15.JPG,15
images/068A00.JPG,0
images/025A19.JPG,19
images/050A10.JPG,10
images/001A33.JPG,33
images/046A04.JPG,4
images/029A11.JPG,11
images/073A13.JPG,13
images/033A05.JPG,5
images/078A00.JPG,0
images/037A06.JPG,6
images/006A28.JPG,28
images/038A05.JPG,5
images/053A13.JPG,13
images/077A14.JPG,14
images/031A03.JPG,3
images/031A04.JPG,4
images/076A13.JPG,13
images/052A17.JPG,17
images/045A48.JPG,48
images/065A06b.JPG,6
images/072A07.JPG,7
images/036A13.JPG,13
images/072A27.JPG,27
images/065A10.JPG,10
images/043A19.JPG,19
images/003A49.JPG,49
images/053A08.JPG,8
images/082A16.JPG,16
images/069A03.JPG,3
images/040A00.JPG,0
images/077A12.JPG,12
images/070A07.JPG,7
images/077A08.JPG,8
images/062A53.JPG,53
images/061A19.JPG,19
images/022A11.JPG,11
images/078A10.JPG,10
images/003A60.JPG,60
images/042A06.JPG,6
images/003A35.JPG,35
images/002A03.JPG,3
images/078A07.JPG,7
images/051A08.JPG,8
images/058A06.JPG,6
images/002A38.JPG,38
images/049A16.JPG,16
images/063A04.JPG,4
images/021A06.JPG,6
images/045A03.JPG,3
images/061A18.JPG,18
images/070A01.JPG,1
images/044A07.JPG,7
images/062A18.JPG,18
images/006A69.JPG,69
images/015A01.JPG,1
images/017A32.JPG,32
images/081A05.JPG,5
images/062A38.JPG,38
images/082A18.JPG,18
images/070A05.JPG,5
images/001A19.JPG,19
images/030A16.JPG,16
images/009A16a.JPG,16
images/025A23.JPG,23
images/071A44.JPG,44
images/029A33.JPG,33
images/063A00.JPG,0
images/036A18.JPG,18
images/033A44.JPG,44
images/051A05.JPG,5
images/003A23.JPG,23
images/042A01.JPG,1
images/072A41.JPG,41
images/022A00.JPG,0
images/019A27.JPG,27
images/081A00.JPG,0
images/044A05.JPG,5
images/054A00.JPG,0
images/065A03b.JPG,3
images/078A03.JPG,3
images/036A20.JPG,20
images/076A02.JPG,2
images/038A23.JPG,23
images/054A18.JPG,18
images/063A33.JPG,33
images/037A09.JPG,9
images/063A08.JPG,8
images/019A12.JPG,12
images/017A19.JPG,19
images/058A04.JPG,4
images/062A45.JPG,45
images/042A00.JPG,0
images/082A23.JPG,23
images/050A18.JPG,18
images/045A06.JPG,6
images/033A18.JPG,18
images/046A14.JPG,14
images/029A22.JPG,22
images/050A14.JPG,14
images/068A12.JPG,12
images/076A08.JPG,8
images/001A14.JPG,14
images/038A01.JPG,1
images/078A12.JPG,12
images/019A23.JPG,23
images/045A25.JPG,25
images/065A06a.JPG,6
images/022A20.JPG,20
images/015A12.JPG,12
images/065A02b.JPG,2
images/025A28.JPG,28
images/044A17.JPG,17
images/067A04.JPG,4
images/042A24.JPG,24
images/069A06.JPG,6
images/052A18.JPG,18
images/061A07.JPG,7
images/042A12.JPG,12
images/037A17.JPG,17
images/009A09.JPG,9
images/077A16.JPG,16
images/049A05.JPG,5
images/069A00.JPG,0
images/051A15.JPG,15
images/065A08.JPG,8
images/063A09.JPG,9
images/054A12.JPG,12
images/043A13.JPG,13
images/072A34.JPG,34
images/017A22.JPG,22
images/002A31.JPG,31
images/053A06.JPG,6
images/030A00.JPG,0
images/030A17.JPG,17
images/021A35.JPG,35
images/029A04.JPG,4
images/007A22.JPG,22
images/031A14.JPG,14
images/063A20.JPG,20
images/029A29.JPG,29
images/065A04.JPG,4
images/057A17.JPG,17
images/002A26.JPG,26
images/003A61.JPG,61
images/076A10.JPG,10
images/031A11.JPG,11
images/009A22a.JPG,22
images/021A23.JPG,23
images/076A01.JPG,1
images/057A07.JPG,7
images/038A10.JPG,10
images/051A14.JPG,14
images/007A39.JPG,39
images/045A08.JPG,8
images/019A00.JPG,0
images/063A25.JPG,25
images/021A27.JPG,27
images/073A04.JPG,4
images/045A12.JPG,12
images/082A31.JPG,31
images/007A18.JPG,18
images/025A07.JPG,7
images/046A20.JPG,20
images/043A03.JPG,3
images/006A40.JPG,40
images/036A00.JPG,0
images/061A29.JPG,29
images/063A02.JPG,2
images/037A18.JPG,18
images/058A13.JPG,13
images/037A13.JPG,13
images/076A17.JPG,17
images/070A02.JPG,2
images/001A16.JPG,16
images/057A05.JPG,5
images/076A00.JPG,0
images/002A16.JPG,16
images/031A09.JPG,9
images/062A30.JPG,30
images/003A25.JPG,25
images/046A01.JPG,1
images/022A07.JPG,7
images/029A01.JPG,1
images/077A00.JPG,0
images/044A03.JPG,3
images/040A03b.JPG,3
images/033A39.JPG,39
images/045A28.JPG,28
images/073A16.JPG,16
images/073A03.JPG,3
images/071A42.JPG,42
images/056A15.JPG,15
images/061A15.JPG,15
images/061A10.JPG,10
images/036A05.JPG,5
images/077A06.JPG,6
images/001A29.JPG,29
images/037A11.JPG,11
images/052A04.JPG,4
images/077A11.JPG,11
images/001A02.JPG,2
images/026A19.JPG,19
images/037A01.JPG,1
images/065A07b.JPG,7
images/051A18.JPG,18
images/001A22.JPG,22
images/002A04.JPG,4
images/046A16.JPG,16
images/026A06.JPG,6
images/052A14.JPG,14
images/030A10.JPG,10
images/045A32.JPG,32
images/029A23.JPG,23
images/053A10.JPG,10
images/046A12.JPG,12
images/073A00.JPG,0
images/061A04.JPG,4
images/036A15.JPG,15
images/053A11.JPG,11
images/040A09.JPG,9
images/066A03.JPG,3
images/082A22.JPG,22
images/022A16.JPG,16
images/056A06.JPG,6
images/025A00.JPG,0
images/015A04.JPG,4
images/049A15.JPG,15
images/070A09.JPG,9
images/062A15.JPG,15
images/082A21.JPG,21
images/067A26.JPG,26
images/073A06.JPG,6
images/053A01.JPG,1
images/001A05.JPG,5
images/029A05.JPG,5
images/033A30.JPG,30
images/071A24.JPG,24
images/032A35.JPG,35
images/045A19.JPG,19
images/050A00.JPG,0
images/032A10.JPG,10
images/062A54.JPG,54
images/068A13.JPG,13
images/067A33.JPG,33
images/066A00.JPG,0
images/054A13.JPG,13
images/006A46.JPG,46
images/019A05.JPG,5
images/067A17.JPG,17
images/049A07.JPG,7
images/066A09.JPG,9
images/007A23.JPG,23
images/053A12.JPG,12
images/015A05.JPG,5
images/076A14.JPG,14
images/009A01.JPG,1
images/052A02.JPG,2
images/054A02.JPG,2
images/042A10.JPG,10
images/009A00.JPG,0
images/057A18.JPG,18
images/056A10.JPG,10
images/003A20.JPG,20
images/038A17.JPG,17
images/015A07.JPG,7
images/076A05.JPG,5
images/032A15.JPG,15
images/057A06.JPG,6
images/030A07.JPG,7
images/021A05.JPG,5
images/066A06b.JPG,6
images/031A06.JPG,6
images/062A16.JPG,16
images/037A19.JPG,19
images/009A11.JPG,11
images/038A03.JPG,3
images/030A04.JPG,4
images/068A14.JPG,14
images/069A09.JPG,9
images/038A00.JPG,0
images/056A03.JPG,3
images/017A05.JPG,5
images/053A00.JPG,0
images/062A03.JPG,3
images/006A61.JPG,61
images/029A20.JPG,20
images/033A02.JPG,2
images/036A17.JPG,17
images/040A16.JPG,16
images/082A03.JPG,3
images/058A17.JPG,17
images/002A21.JPG,21
images/009A22b.JPG,22
images/007A26.JPG,26
images/077A07.JPG,7
images/072A17.JPG,17
images/009A16b.JPG,16
images/057A00.JPG,0
images/046A10.JPG,10
images/066A02a.JPG,2
images/026A15.JPG,15
images/081A06.JPG,6
images/038A04.JPG,4
images/043A15.JPG,15
images/040A07.JPG,7
images/015A09.JPG,9
images/003A38.JPG,38
images/067A28.JPG,28
images/078A14.JPG,14
images/026A13.JPG,13
images/032A18.JPG,18
images/076A03.JPG,3
images/025A15.JPG,15
images/070A00.JPG,0
images/033A35.JPG,35
images/070A06.JPG,6
images/073A05.JPG,5
images/046A18.JPG,18
images/054A16.JPG,16
images/069A02.JPG,2
images/029A16.JPG,16
images/021A39.JPG,39
images/022A25.JPG,25
images/071A40.JPG,40
images/066A07.JPG,7
images/071A00.JPG,0
images/026A02.JPG,2
images/017A12.JPG,12
images/072A13.JPG,13
images/043A05.JPG,5
images/009A13.JPG,13
images/076A09.JPG,9
images/033A10.JPG,10
images/070A12.JPG,12
images/001A28.JPG,28
images/022A26.JPG,26
images/033A25.JPG,25
images/078A15.JPG,15
images/037A02.JPG,2
images/069A11.JPG,11
images/081A08.JPG,8
images/021A03.JPG,3
images/054A06.JPG,6
images/065A03a.JPG,3
images/025A22.JPG,22
images/006A55.JPG,55
images/061A30.JPG,30
images/021A30.JPG,30
images/071A43.JPG,43
images/052A20.JPG,20
images/068A11.JPG,11
images/072A14.JPG,14
images/022A27.JPG,27
images/037A00.JPG,0
images/002A20.JPG,20
images/058A02.JPG,2
images/030A05.JPG,5
images/006A24.JPG,24
images/076A15.JPG,15
images/078A13.JPG,13
images/049A06.JPG,6
images/054A19.JPG,19
images/015A17.JPG,17
images/025A03.JPG,3
images/044A25.JPG,25
images/076A07.JPG,7
images/077A10.JPG,10
images/043A17.JPG,17
images/042A28.JPG,28
images/015A10.JPG,10
images/073A14.JPG,14
images/046A17.JPG,17
images/082A25.JPG,25
images/081A07.JPG,7
images/021A18.JPG,18
images/007A01.JPG,1
images/081A11.JPG,11
images/073A11.JPG,11
images/042A14.JPG,14
images/002A05.JPG,5
images/070A08.JPG,8
images/073A02.JPG,2
images/036A11.JPG,11
images/029A31.JPG,31
images/031A00.JPG,0
images/019A18.JPG,18
images/006A42.JPG,42
images/003A47.JPG,47
images/017A26.JPG,26
images/052A19.JPG,19
images/019A07.JPG,7
images/022A18.JPG,18
images/077A02.JPG,2
images/021A20.JPG,20
images/026A04.JPG,4
images/009A05.JPG,5
images/065A13.JPG,13
images/015A03.JPG,3
images/077A03.JPG,3
images/049A12.JPG,12
images/078A04.JPG,4
images/058A03.JPG,3
images/072A25.JPG,25
images/058A01.JPG,1
images/061A06.JPG,6
images/073A12.JPG,12
images/049A10.JPG,10
images/056A12.JPG,12
images/053A15.JPG,15
images/043A27.JPG,27
images/061A17.JPG,17
images/052A07.JPG,7
images/067A14.JPG,14
images/040A21.JPG,21
images/007A38.JPG,38
images/072A21.JPG,21
images/057A25.JPG,25
images/026A07.JPG,7
images/056A02.JPG,2
images/065A11.JPG,11
images/049A08.JPG,8
images/057A16.JPG,16
images/017A07.JPG,7
images/053A04.JPG,4
images/058A05.JPG,5
images/077A01.JPG,1
images/065A12.JPG,12
images/017A17.JPG,17
images/002A07.JPG,7
images/032A06.JPG,6
images/032A24.JPG,24
images/036A03.JPG,3
images/002A15.JPG,15
images/007A37.JPG,37
images/081A04.JPG,4
images/015A19.JPG,19
images/065A09.JPG,9
images/076A06.JPG,6
images/078A05.JPG,5
images/073A08.JPG,8
images/073A07.JPG,7
images/002A36.JPG,36
images/052A16.JPG,16
images/026A17.JPG,17
images/067A30.JPG,30
images/019A03.JPG,3
images/082A20.JPG,20
images/071A18.JPG,18
images/066A10.JPG,10
images/021A16.JPG,16
images/044A18.JPG,18
images/025A18.JPG,18
images/072A11.JPG,11
images/051A17.JPG,17
images/017A15.JPG,15
images/040A06.JPG,6
images/038A14.JPG,14
images/050A16.JPG,16
images/081A02.JPG,2
images/078A02.JPG,2
images/050A06.JPG,6
images/032A33.JPG,33
images/070A03.JPG,3
images/038A13.JPG,13
images/025A39.JPG,39
images/044A13.JPG,13
images/081A10.JPG,10
images/017A42.JPG,42
images/001A08.JPG,8
images/071A27.JPG,27
images/061A25.JPG,25
images/050A03.JPG,3
images/071A10.JPG,10
images/022A23.JPG,23
images/072A19.JPG,19
images/062A35.JPG,35
images/043A10.JPG,10
images/053A02.JPG,2
images/032A08.JPG,8
images/033A21.JPG,21
images/040A02.JPG,2
images/040A19.JPG,19
images/045A17.JPG,17
images/051A12.JPG,12
images/043A04.JPG,4
images/030A20.JPG,20
images/051A02.JPG,2
images/076A11.JPG,11
images/073A09.JPG,9
images/061A26.JPG,26
images/082A00.JPG,0
images/063A18.JPG,18
images/042A05.JPG,5
images/076A12.JPG,12
images/009A03.JPG,3
images/076A04.JPG,4
images/067A39.JPG,39
images/046A02.JPG,2
images/030A26.JPG,26
images/033A14.JPG,14
images/052A13.JPG,13
images/071A22.JPG,22
images/056A04.JPG,4
images/001A18.JPG,18
images/078A09.JPG,9
images/043A23.JPG,23
images/045A43.JPG,43
images/051A00.JPG,0
images/065A02a.JPG,2
images/072A29.JPG,29
images/053A18.JPG,18
images/029A13.JPG,13
images/019A15.JPG,15
images/025A34.JPG,34
images/043A00.JPG,0
images/050A22.JPG,22
images/003A18.JPG,18
images/072A45.JPG,45
images/006A51.JPG,51
images/003A58.JPG,58
images/044A01.JPG,1
images/068A10a.JPG,10
images/066A08.JPG,8
images/022A30.JPG,30
images/057A23.JPG,23
images/073A01.JPG,1
images/051A24.JPG,24
images/081A03.JPG,3
images/046A06.JPG,6
images/077A15.JPG,15
images/068A04.JPG,4
images/066A11.JPG,11
images/054A10.JPG,10
images/071A23.JPG,23
images/038A34.JPG,34
images/078A01.JPG,1
images/069A04.JPG,4
images/002A18.JPG,18
images/032A28.JPG,28
images/001A40.JPG,40
images/006A36.JPG,36
images/046A08.JPG,8
images/065A07a.JPG,7
images/026A18.JPG,18
images/040A10.JPG,10
images/037A04.JPG,4
images/069A10.JPG,10
images/066A02b.JPG,2
images/006A31.JPG,31
images/067A21.JPG,21
images/015A00.JPG,0
images/057A12.JPG,12
images/015A15.JPG,15
images/036A08.JPG,8
images/054A17.JPG,17
images/030A23.JPG,23
images/038A21.JPG,21
images/026A00.JPG,0
images/019A30.JPG,30
images/036A19.JPG,19
images/067A23.JPG,23
images/006A67.JPG,67
images/061A32.JPG,32
images/038A08.JPG,8
images/058A15.JPG,15
images/001A43b.JPG,43
images/031A02.JPG,2
images/015A14.JPG,14
images/022A28.JPG,28
images/051A16.JPG,16
images/066A04.JPG,4
images/053A03.JPG,3
images/003A51.JPG,51
images/042A20.JPG,20
images/042A04.JPG,4
images/054A04.JPG,4
images/054A11.JPG,11
images/062A47.JPG,47
images/058A10.JPG,10
