images/067A33.JPG,33
images/009A03.JPG,3
images/074A12.JPG,12
images/020A04.JPG,4
images/053A15.JPG,15
images/002A03.JPG,3
images/082A03.JPG,3
images/012A27.JPG,27
images/064A03.JPG,3
images/042A12.JPG,12
images/033A05.JPG,5
images/073A01.JPG,1
images/080A06.JPG,6
images/009A18.JPG,18
images/038A11.JPG,11
images/010A07a.JPG,7
images/063A22.JPG,22
images/005A40.JPG,40
images/011A30.JPG,30
images/078A15.JPG,15
images/004A63.JPG,63
images/016A14.JPG,14
images/054A02.JPG,2
images/004A19.JPG,19
images/053A01.JPG,1
images/012A23.JPG,23
images/011A42.JPG,42
images/036A18.JPG,18
images/029A04.JPG,4
images/057A05.JPG,5
images/014A22.JPG,22
images/028A41.JPG,41
images/067A30.JPG,30
images/034A25.JPG,25
images/080A07.JPG,7
images/033A14.JPG,14
images/029A10.JPG,10
images/028A18.JPG,18
images/056A10.JPG,10
images/021A30.JPG,30
images/034A04.JPG,4
images/060A06.JPG,6
images/002A23.JPG,23
images/020A08.JPG,8
images/053A10.JPG,10
images/031A02.JPG,2
images/004A37.JPG,37
images/016A05.JPG,5
images/014A14.JPG,14
images/038A00.JPG,0
images/063A00.JPG,0
images/029A05.JPG,5
images/075A06.JPG,6
images/033A10.JPG,10
images/021A27.JPG,27
images/036A06.JPG,6
images/020A13.JPG,13
images/060A19.JPG,19
images/030A23.JPG,23
images/064A15.JPG,15
images/011A11.JPG,11
images/022A28.JPG,28
images/080A05.JPG,5
images/042A01.JPG,1
images/078A13.JPG,13
images/044A21.JPG,21
images/029A33.JPG,33
images/009A22b.JPG,22
images/018A25.JPG,25
images/067A23.JPG,23
images/051A15.JPG,15
images/022A20.JPG,20
images/018A11.JPG,11
images/049A17.JPG,17
images/049A15.JPG,15
images/009A14.JPG,14
images/028A37.JPG,37
images/069A02.JPG,2
images/011A15.JPG,15
images/038A13.JPG,13
images/071A24.JPG,24
images/073A15.JPG,15
images/078A01.JPG,1
images/022A11.JPG,11
images/037A13.JPG,13
images/054A10.JPG,10
images/033A02.JPG,2
images/002A38.JPG,38
images/069A09.JPG,9
images/020A24.JPG,24
images/011A13.JPG,13
images/053A13.JPG,13
images/031A07.JPG,7
images/012A25.JPG,25
images/050A06.JPG,6
images/012A26.JPG,26
images/010A16.JPG,16
images/038A17.JPG,17
images/054A19.JPG,19
images/082A20.JPG,20
images/078A12.JPG,12
images/056A04.JPG,4
images/009A00.JPG,0
images/056A15.JPG,15
images/042A10.JPG,10
images/049A05.JPG,5
images/078A07.JPG,7
images/046A01.JPG,1
images/077A11.JPG,11
images/059A02b.JPG,2
images/027A16.JPG,16
images/080A08.JPG,8
images/011A05.JPG,5
images/036A05.JPG,5
images/013A19.JPG,19
images/027A11.JPG,11
images/029A11.JPG,11
images/012A34.JPG,34
images/020A22.JPG,22
images/012A32.JPG,32
images/074A10.JPG,10
images/025A22.JPG,22
images/074A07.JPG,7
images/042A24.JPG,24
images/002A31.JPG,31
images/009A13.JPG,13
images/028A20.JPG,20
images/028A34.JPG,34
images/030A04.JPG,4
images/044A15.JPG,15
images/080A10.JPG,10
images/057A16.JPG,16
images/059A14.JPG,14
images/010A15.JPG,15
images/037A17.JPG,17
images/078A08.JPG,8
images/032A24.JPG,24
images/074A14.JPG,14
images/004A48.JPG,48
images/007A39.JPG,39
images/046A14.JPG,14
images/069A10.JPG,10
images/069A05.JPG,5
images/036A11.JPG,11
images/049A06.JPG,6
images/038A03.JPG,3
images/010A07b.JPG,7
images/036A17.JPG,17
images/004A40.JPG,40
images/032A35.JPG,35
images/005A48.JPG,48
images/021A06.JPG,6
images/014A12.JPG,12
images/034A15.JPG,15
images/060A20.JPG,20
images/005A24.JPG,24
images/053A03.JPG,3
images/024A25.JPG,25
images/082A16.JPG,16
images/077A02.JPG,2
images/013A21.JPG,21
images/016A10.JPG,10
images/077A07.JPG,7
images/038A21.JPG,21
images/011A02.JPG,2
images/018A29.JPG,29
images/021A16.JPG,16
images/060A10.JPG,10
images/010A12.JPG,12
images/080A14.JPG,14
images/054A12.JPG,12
images/022A30.JPG,30
images/025A34.JPG,34
images/054A00.JPG,0
images/009A22a.JPG,22
images/007A01.JPG,1
images/073A03.JPG,3
images/032A08.JPG,8
images/077A04.JPG,4
images/080A01.JPG,1
images/050A00.JPG,0
images/067A21.JPG,21
images/016A12.JPG,12
images/034A16.JPG,16
images/002A29.JPG,29
images/063A18.JPG,18
images/033A35.JPG,35
images/080A13.JPG,13
images/031A00.JPG,0
images/018A06.JPG,6
images/002A16.JPG,16
images/031A09.JPG,9
images/032A40.JPG,40
images/027A30.JPG,30
images/005A30.JPG,30
images/046A16.JPG,16
images/044A18.JPG,18
images/077A14.JPG,14
images/027A22.JPG,22
images/042A05.JPG,5
images/020A26.JPG,26
images/034A02.JPG,2
images/046A20.JPG,20
images/053A00.JPG,0
images/080A04.JPG,4
images/018A16.JPG,16
images/027A18.JPG,18
images/073A13.JPG,13
images/024A10.JPG,10
images/034A39.JPG,39
images/053A08.JPG,8
images/030A26.JPG,26
images/005A35.JPG,35
images/028A16.JPG,16
images/054A06.JPG,6
images/042A18.JPG,18
images/036A19.JPG,19
images/074A04.JPG,4
images/031A03.JPG,3
images/002A07.JPG,7
images/007A45.JPG,45
images/042A14.JPG,14
images/046A00.JPG,0
images/067A28.JPG,28
images/071A10.JPG,10
images/046A04.JPG,4
images/082A22.JPG,22
images/074A13.JPG,13
images/013A08.JPG,8
images/013A23.JPG,23
images/060A05.JPG,5
images/017A26.JPG,26
images/009A05.JPG,5
images/075A02.JPG,2
images/071A22.JPG,22
images/071A27.JPG,27
images/025A03.JPG,3
images/022A26.JPG,26
images/025A28.JPG,28
images/027A02.JPG,2
images/059A03.JPG,3
images/071A35.JPG,35
images/021A18.JPG,18
images/082A31.JPG,31
images/016A01.JPG,1
images/082A00.JPG,0
images/012A12.JPG,12
images/029A16.JPG,16
images/060A17.JPG,17
images/025A00.JPG,0
images/050A10.JPG,10
images/060A04.JPG,4
images/071A18.JPG,18
images/027A41.JPG,41
images/024A17.JPG,17
images/074A01.JPG,1
images/022A27.JPG,27
images/016A17.JPG,17
images/075A03.JPG,3
images/034A30.JPG,30
images/034A18.JPG,18
images/017A22.JPG,22
images/017A38.JPG,38
images/054A11.JPG,11
images/037A19.JPG,19
images/029A23.JPG,23
images/014A03.JPG,3
images/042A20.JPG,20
images/038A10.JPG,10
images/042A04.JPG,4
images/059A16.JPG,16
images/005A61.JPG,61
images/037A04.JPG,4
images/051A12.JPG,12
images/010A01.JPG,1
images/044A05.JPG,5
images/054A18.JPG,18
images/080A02.JPG,2
images/064A04.JPG,4
images/027A20.JPG,20
images/073A00.JPG,0
images/012A14.JPG,14
images/046A10.JPG,10
images/007A26.JPG,26
images/022A07.JPG,7
images/030A20.JPG,20
images/036A15.JPG,15
images/011A40.JPG,40
images/046A06.JPG,6
images/063A09.JPG,9
images/005A52.JPG,52
images/031A11.JPG,11
images/013A25.JPG,25
images/051A16.JPG,16
images/020A30.JPG,30
images/005A45.JPG,45
images/007A22.JPG,22
images/004A53.JPG,53
images/018A36.JPG,36
images/017A42.JPG,42
images/063A04.JPG,4
images/063A33.JPG,33
images/069A07.JPG,7
images/018A34.JPG,34
images/029A13.JPG,13
images/010A10.JPG,10
images/028A35.JPG,35
images/078A06.JPG,6
images/049A04.JPG,4
images/073A08.JPG,8
images/073A05.JPG,5
images/073A11.JPG,11
images/078A04.JPG,4
images/053A12.JPG,12
images/063A08.JPG,8
images/036A00.JPG,0
images/027A13.JPG,13
images/075A10.JPG,10
images/057A12.JPG,12
images/022A25.JPG,25
images/009A16a.JPG,16
images/011A14.JPG,14
images/042A06.JPG,6
images/025A23.JPG,23
images/059A07.JPG,7
images/014A18.JPG,18
images/022A23.JPG,23
images/002A15.JPG,15
images/060A07.JPG,7
images/074A09.JPG,9
images/010A05.JPG,5
images/073A02.JPG,2
images/074A02.JPG,2
images/012A04.JPG,4
images/080A00.JPG,0
images/051A02.JPG,2
images/038A01.JPG,1
images/077A03.JPG,3
images/057A07.JPG,7
images/021A11.JPG,11
images/057A18.JPG,18
images/074A06.JPG,6
images/017A15.JPG,15
images/027A36.JPG,36
images/033A21.JPG,21
images/033A25.JPG,25
images/082A27.JPG,27
images/034A44.JPG,44
images/020A18.JPG,18
images/031A15.JPG,15
images/007A38.JPG,38
images/080A12.JPG,12
images/069A03.JPG,3
images/020A16.JPG,16
images/036A01.JPG,1
images/018A22.JPG,22
images/080A09.JPG,9
images/016A18.JPG,18
images/024A28.JPG,28
images/016A03.JPG,3
images/046A08.JPG,8
images/017A17.JPG,17
images/005A49.JPG,49
images/075A05.JPG,5
images/034A35.JPG,35
images/033A30.JPG,30
images/049A12.JPG,12
images/049A07.JPG,7
images/044A17.JPG,17
images/071A00.JPG,0
images/028A14.JPG,14
images/046A18.JPG,18
images/057A25.JPG,25
images/074A11.JPG,11
images/077A13.JPG,13
images/017A36.JPG,36
images/067A17.JPG,17
images/009A01.JPG,1
images/078A02.JPG,2
images/020A11.JPG,11
images/028A28.JPG,28
images/071A40.JPG,40
images/031A12.JPG,12
images/071A43.JPG,43
images/032A06.JPG,6
images/012A24.JPG,24
images/033A39.JPG,39
images/014A16.JPG,16
images/038A23.JPG,23
images/057A06.JPG,6
images/030A17.JPG,17
images/078A11.JPG,11
images/049A08.JPG,8
images/011A17.JPG,17
images/073A14.JPG,14
images/012A21.JPG,21
images/082A18.JPG,18
images/002A18.JPG,18
images/054A09.JPG,9
images/013A44.JPG,44
images/002A12.JPG,12
images/051A08.JPG,8
images/013A16.JPG,16
images/057A00.JPG,0
images/077A00.JPG,0
images/021A20.JPG,20
images/044A01.JPG,1
images/030A05.JPG,5
images/002A20.JPG,20
images/042A08.JPG,8
images/016A16.JPG,16
images/038A05.JPG,5
images/077A10.JPG,10
images/078A05.JPG,5
images/021A05.JPG,5
images/024A19.JPG,19
images/059A06.JPG,6
images/025A12.JPG,12
images/013A00.JPG,0
images/031A06.JPG,6
images/011A27.JPG,27
images/038A08.JPG,8
images/018A28.JPG,28
images/028A46.JPG,46
images/031A14.JPG,14
images/030A18.JPG,18
images/046A02.JPG,2
images/038A34.JPG,34
images/053A04.JPG,4
images/057A23.JPG,23
images/013A30.JPG,30
images/032A13.JPG,13
images/027A25.JPG,25
images/002A36.JPG,36
images/078A09.JPG,9
images/013A18.JPG,18
images/056A03.JPG,3
images/053A06.JPG,6
images/036A03.JPG,3
images/042A28.JPG,28
images/017A07.JPG,7
images/012A36.JPG,36
images/044A13.JPG,13
images/051A05.JPG,5
images/029A01.JPG,1
images/029A22.JPG,22
images/016A19.JPG,19
images/007A18.JPG,18
images/007A23.JPG,23
images/022A16.JPG,16
images/074A15.JPG,15
images/056A12.JPG,12
images/032A18.JPG,18
images/060A11.JPG,11
images/056A06.JPG,6
images/036A13.JPG,13
images/011A07.JPG,7
images/077A08.JPG,8
images/050A16.JPG,16
images/067A04.JPG,4
images/057A17.JPG,17
images/073A06.JPG,6
images/018A33.JPG,33
images/051A24.JPG,24
images/017A29.JPG,29
images/063A25.JPG,25
images/071A45.JPG,45
images/013A34.JPG,34
images/067A26.JPG,26
images/021A03.JPG,3
images/059A12.JPG,12
images/082A25.JPG,25
images/077A01.JPG,1
images/029A20.JPG,20
images/007A37.JPG,37
images/078A10.JPG,10
images/022A14.JPG,14
images/014A40.JPG,40
images/010A18.JPG,18
images/063A20.JPG,20
images/073A09.JPG,9
images/011A34.JPG,34
images/073A12.JPG,12
images/053A18.JPG,18
images/067A39.JPG,39
images/002A05.JPG,5
images/064A19.JPG,19
images/005A18.JPG,18
images/080A03.JPG,3
images/046A17.JPG,17
images/004A30.JPG,30
images/074A08.JPG,8
images/069A00.JPG,0
images/014A30.JPG,30
images/073A07.JPG,7
images/069A06.JPG,6
images/034A11.JPG,11
images/017A32.JPG,32
images/033A18.JPG,18
images/077A12.JPG,12
images/012A18.JPG,18
images/073A04.JPG,4
images/032A15.JPG,15
images/029A29.JPG,29
images/051A17.JPG,17
images/024A07.JPG,7
images/050A22.JPG,22
images/017A12.JPG,12
images/020A36.JPG,36
images/017A19.JPG,19
images/077A06.JPG,6
images/031A16.JPG,16
images/046A12.JPG,12
images/032A20.JPG,20
images/071A23.JPG,23
images/053A02.JPG,2
images/054A17.JPG,17
images/009A09.JPG,9
images/032A10.JPG,10
images/037A02.JPG,2
images/025A15.JPG,15
images/067A14.JPG,14
images/030A10.JPG,10
images/034A13.JPG,13
images/004A28.JPG,28
images/056A01.JPG,1
images/054A13.JPG,13
images/063A02.JPG,2
images/012A30.JPG,30
images/036A20.JPG,20
images/024A30.JPG,30
images/075A01.JPG,1
images/082A21.JPG,21
images/016A07.JPG,7
images/059A02a.JPG,2
images/069A13.JPG,13
images/051A14.JPG,14
images/033A44.JPG,44
images/077A16.JPG,16
images/050A03.JPG,3
images/049A16.JPG,16
images/002A26.JPG,26
images/050A18.JPG,18
images/010A04.JPG,4
images/021A39.JPG,39
images/030A16.JPG,16
images/025A19.JPG,19
images/037A01.JPG,1
images/044A07.JPG,7
images/016A08.JPG,8
images/060A12.JPG,12
images/078A14.JPG,14
images/077A15.JPG,15
images/009A16b.JPG,16
images/020A20.JPG,20
images/017A05.JPG,5
images/037A09.JPG,9
images/037A00.JPG,0
images/012A07.JPG,7
images/064A10.JPG,10
images/005A31.JPG,31
images/069A11.JPG,11
images/028A26.JPG,26
images/075A08.JPG,8
images/038A14.JPG,14
images/078A03.JPG,3
images/077A09.JPG,9
images/024A00.JPG,0
images/002A04.JPG,4
images/021A35.JPG,35
images/016A04.JPG,4
images/010A09.JPG,9
images/074A00.JPG,0
images/037A08.JPG,8
images/073A16.JPG,16
images/056A02.JPG,2
images/021A23.JPG,23
images/075A07.JPG,7
images/037A11.JPG,11
images/032A33.JPG,33
images/074A03.JPG,3
images/053A11.JPG,11
images/075A11.JPG,11
images/004A26.JPG,26
images/024A05.JPG,5
images/038A04.JPG,4
images/010A06.JPG,6
images/059A04.JPG,4
images/029A31.JPG,31
images/069A04.JPG,4
images/082A23.JPG,23
images/011A20.JPG,20
images/032A28.JPG,28
images/031A04.JPG,4
images/022A18.JPG,18
images/044A25.JPG,25
images/064A01.JPG,1
images/025A39.JPG,39
images/051A00.JPG,0
images/060A08.JPG,8
images/054A04.JPG,4
images/031A19.JPG,19
images/004A51.JPG,51
images/042A00.JPG,0
images/034A21.JPG,21
images/013A41.JPG,41
images/025A07.JPG,7
images/004A21.JPG,21
images/009A11.JPG,11
images/054A16.JPG,16
images/025A18.JPG,18
images/014A42.JPG,42
images/030A00.JPG,0
images/002A21.JPG,21
images/036A08.JPG,8
images/018A18.JPG,18
images/014A36.JPG,36
images/051A18.JPG,18
images/024A18.JPG,18
images/037A18.JPG,18
images/049A10.JPG,10
images/020A02.JPG,2
images/022A00.JPG,0
images/050A14.JPG,14
images/074A05.JPG,5
images/071A44.JPG,44
images/071A42.JPG,42
images/030A07.JPG,7
images/075A00.JPG,0
images/004A62.JPG,62
images/037A06.JPG,6
images/044A03.JPG,3
images/060A02.JPG,2
images/078A00.JPG,0
images/024A23.JPG,23
