images/079A05.JPG,5
images/061A25.JPG,25
images/006A28.JPG,28
images/035A07.JPG,7
images/078A13.JPG,13
images/004A19.JPG,19
images/023A29.JPG,29
images/081A01.JPG,1
images/036A01.JPG,1
images/066A00.JPG,0
images/024A05.JPG,5
images/058A05.JPG,5
images/028A26.JPG,26
images/018A33.JPG,33
images/063A20.JPG,20
images/031A16.JPG,16
images/056A02.JPG,2
images/008A30.JPG,30
images/004A30.JPG,30
images/008A35.JPG,35
images/079A12.JPG,12
images/019A18.JPG,18
images/063A18.JPG,18
images/020A08.JPG,8
images/006A24.JPG,24
images/079A10.JPG,10
images/016A08.JPG,8
images/043A04.JPG,4
images/065A06b.JPG,6
images/039A52.JPG,52
images/061A30.JPG,30
images/022A18.JPG,18
images/043A03.JPG,3
images/026A15.JPG,15
images/064A01.JPG,1
images/073A05.JPG,5
images/014A12.JPG,12
images/024A19.JPG,19
images/008A08.JPG,8
images/038A00.JPG,0
images/062A16.JPG,16
images/078A08.JPG,8
images/009A22a.JPG,22
images/018A11.JPG,11
images/043A00.JPG,0
images/006A51.JPG,51
images/081A12.JPG,12
images/038A17.JPG,17
images/078A06.JPG,6
images/022A26.JPG,26
images/030A00.JPG,0
images/042A28.JPG,28
images/067A04.JPG,4
images/077A14.JPG,14
images/075A10.JPG,10
images/016A07.JPG,7
images/037A00.JPG,0
images/020A26.JPG,26
images/011A14.JPG,14
images/082A23.JPG,23
images/038A04.JPG,4
images/079A00.JPG,0
images/077A02.JPG,2
images/039A11.JPG,11
images/008A03.JPG,3
images/047A11.JPG,11
images/079A01.JPG,1
images/055A06.JPG,6
images/028A34.JPG,34
images/006A40.JPG,40
images/024A00.JPG,0
images/038A08.JPG,8
images/058A13.JPG,13
images/063A00.JPG,0
images/082A22.JPG,22
images/047A09.JPG,9
images/011A17.JPG,17
images/015A17.JPG,17
images/015A07.JPG,7
images/001A19.JPG,19
images/078A11.JPG,11
images/047A12.JPG,12
images/067A28.JPG,28
images/035A16.JPG,16
images/037A19.JPG,19
images/079A09.JPG,9
images/077A00.JPG,0
images/068A03.JPG,3
images/063A22.JPG,22
images/065A06a.JPG,6
images/062A18.JPG,18
images/026A02.JPG,2
images/067A26.JPG,26
images/029A05.JPG,5
images/058A03.JPG,3
images/038A05.JPG,5
images/066A09.JPG,9
images/041A02.JPG,2
images/062A53.JPG,53
images/065A03b.JPG,3
images/061A17.JPG,17
images/061A04.JPG,4
images/045A12.JPG,12
images/043A15.JPG,15
images/079A11.JPG,11
images/018A34.JPG,34
images/001A43b.JPG,43
images/059A06.JPG,6
images/072A14.JPG,14
images/075A11.JPG,11
images/047A06.JPG,6
images/001A29.JPG,29
images/062A38.JPG,38
images/082A27.JPG,27
images/018A29.JPG,29
images/047A20.JPG,20
images/052A10.JPG,10
images/073A07.JPG,7
images/079A07.JPG,7
images/028A20.JPG,20
images/022A28.JPG,28
images/066A08.JPG,8
images/015A12.JPG,12
images/055A08.JPG,8
images/017A32.JPG,32
images/018A36.JPG,36
images/077A10.JPG,10
images/068A10b.JPG,10
images/012A36.JPG,36
images/009A00.JPG,0
images/047A18.JPG,18
images/058A01.JPG,1
images/036A00.JPG,0
images/067A23.JPG,23
images/031A09.JPG,9
images/061A10.JPG,10
images/012A12.JPG,12
images/072A25.JPG,25
images/047A13.JPG,13
images/077A12.JPG,12
images/001A43a.JPG,43
images/072A21.JPG,21
images/006A69.JPG,69
images/077A09.JPG,9
images/066A02b.JPG,2
images/036A19.JPG,19
images/001A14.JPG,14
images/015A05.JPG,5
images/073A15.JPG,15
images/072A19.JPG,19
images/064A03.JPG,3
images/082A00.JPG,0
images/028A35.JPG,35
images/035A14.JPG,14
images/042A04.JPG,4
images/016A12.JPG,12
images/075A01.JPG,1
images/072A02.JPG,2
images/058A00.JPG,0
images/073A11.JPG,11
images/029A31.JPG,31
images/004A63.JPG,63
images/029A20.JPG,20
images/081A02.JPG,2
images/031A11.JPG,11
images/031A15.JPG,15
images/078A01.JPG,1
images/037A02.JPG,2
images/012A07.JPG,7
images/063A09.JPG,9
images/018A25.JPG,25
images/073A12.JPG,12
images/009A14.JPG,14
images/036A18.JPG,18
images/029A23.JPG,23
images/009A18.JPG,18
images/052A17.JPG,17
images/017A42.JPG,42
images/038A34.JPG,34
images/081A06.JPG,6
images/056A12.JPG,12
images/045A19.JPG,19
images/067A30.JPG,30
images/011A13.JPG,13
images/009A22b.JPG,22
images/031A03.JPG,3
images/019A03.JPG,3
images/020A18.JPG,18
images/041A24.JPG,24
images/028A28.JPG,28
images/026A06.JPG,6
images/059A04.JPG,4
images/006A31.JPG,31
images/011A11.JPG,11
images/011A20.JPG,20
images/066A02a.JPG,2
images/015A00.JPG,0
images/031A02.JPG,2
images/030A07.JPG,7
images/004A28.JPG,28
images/038A11.JPG,11
images/042A24.JPG,24
images/052A02.JPG,2
images/031A14.JPG,14
images/055A14.JPG,14
images/022A23.JPG,23
images/030A23.JPG,23
images/008A16.JPG,16
images/081A11.JPG,11
images/004A48.JPG,48
images/011A30.JPG,30
images/009A11.JPG,11
images/035A23a.JPG,23
images/059A03.JPG,3
images/031A06.JPG,6
images/055A12.JPG,12
images/024A07.JPG,7
images/052A20.JPG,20
images/016A19.JPG,19
images/041A19.JPG,19
images/026A17.JPG,17
images/078A12.JPG,12
images/041A04.JPG,4
images/029A11.JPG,11
images/065A12.JPG,12
images/056A10.JPG,10
images/065A11.JPG,11
images/068A11.JPG,11
images/012A21.JPG,21
images/039A13.JPG,13
images/035A12.JPG,12
images/038A14.JPG,14
images/055A04.JPG,4
images/011A15.JPG,15
images/061A06.JPG,6
images/075A03.JPG,3
images/062A35.JPG,35
images/082A20.JPG,20
images/077A01.JPG,1
images/036A15.JPG,15
images/047A55.JPG,55
images/078A15.JPG,15
images/020A04.JPG,4
images/067A21.JPG,21
images/014A18.JPG,18
images/052A19.JPG,19
images/082A16.JPG,16
images/023A07.JPG,7
images/065A07a.JPG,7
images/078A07.JPG,7
images/042A14.JPG,14
images/073A09.JPG,9
images/029A22.JPG,22
images/019A12.JPG,12
images/036A06.JPG,6
images/017A15.JPG,15
images/030A10.JPG,10
images/073A01.JPG,1
images/024A10.JPG,10
images/047A33.JPG,33
images/008A41.JPG,41
images/037A08.JPG,8
images/022A00.JPG,0
images/024A30.JPG,30
images/024A25.JPG,25
images/023A00.JPG,0
images/011A07.JPG,7
images/072A34.JPG,34
images/042A10.JPG,10
images/024A18.JPG,18
images/035A03.JPG,3
images/030A17.JPG,17
images/024A28.JPG,28
images/036A13.JPG,13
images/019A07.JPG,7
images/067A39.JPG,39
images/072A29.JPG,29
images/018A22.JPG,22
images/026A07.JPG,7
images/068A00.JPG,0
images/042A01.JPG,1
images/001A10.JPG,10
images/059A14.JPG,14
images/066A04.JPG,4
images/077A08.JPG,8
images/036A03.JPG,3
images/059A02a.JPG,2
images/026A13.JPG,13
images/065A13.JPG,13
images/038A01.JPG,1
images/012A34.JPG,34
images/068A10a.JPG,10
images/082A31.JPG,31
images/036A20.JPG,20
images/022A20.JPG,20
images/039A02.JPG,2
images/023A16.JPG,16
images/011A27.JPG,27
images/063A25.JPG,25
images/039A19.JPG,19
images/023A05.JPG,5
images/008A12.JPG,12
images/001A28.JPG,28
images/078A02.JPG,2
images/078A14.JPG,14
images/045A03.JPG,3
images/001A16.JPG,16
images/056A03.JPG,3
images/008A21.JPG,21
images/064A04.JPG,4
images/004A37.JPG,37
images/036A17.JPG,17
images/020A30.JPG,30
images/056A04.JPG,4
images/075A02.JPG,2
images/019A15.JPG,15
images/006A42.JPG,42
images/052A04.JPG,4
images/081A04.JPG,4
images/045A06.JPG,6
images/072A13.JPG,13
images/045A18.JPG,18
images/029A01.JPG,1
images/017A22.JPG,22
images/012A04.JPG,4
images/072A11.JPG,11
images/026A04.JPG,4
images/067A14.JPG,14
images/063A33.JPG,33
images/082A18.JPG,18
images/022A30.JPG,30
images/039A45.JPG,45
images/038A03.JPG,3
images/059A12.JPG,12
images/035A21.JPG,21
images/004A40.JPG,40
images/081A07.JPG,7
images/039A50.JPG,50
images/039A15.JPG,15
images/078A03.JPG,3
images/062A45.JPG,45
images/041A09.JPG,9
images/009A16b.JPG,16
images/026A18.JPG,18
images/038A23.JPG,23
images/077A13.JPG,13
images/006A36.JPG,36
images/041A13.JPG,13
images/023A21.JPG,21
images/043A17.JPG,17
images/047A15.JPG,15
images/068A09.JPG,9
images/047A05.JPG,5
images/058A02.JPG,2
images/062A03.JPG,3
images/014A16.JPG,16
images/004A51.JPG,51
images/029A13.JPG,13
images/055A22.JPG,22
images/055A05.JPG,5
images/035A05.JPG,5
images/047A27.JPG,27
images/019A27.JPG,27
images/037A09.JPG,9
images/059A02b.JPG,2
images/056A01.JPG,1
images/077A04.JPG,4
images/052A18.JPG,18
images/081A05.JPG,5
images/017A38.JPG,38
images/020A22.JPG,22
images/016A17.JPG,17
images/030A20.JPG,20
images/077A11.JPG,11
images/052A16.JPG,16
images/079A02.JPG,2
images/065A07b.JPG,7
images/062A15.JPG,15
images/047A45.JPG,45
images/028A37.JPG,37
images/037A01.JPG,1
images/004A53.JPG,53
images/001A18.JPG,18
images/066A07.JPG,7
images/011A42.JPG,42
images/064A10.JPG,10
images/079A03.JPG,3
images/031A19.JPG,19
images/041A00.JPG,0
images/067A17.JPG,17
images/029A10.JPG,10
images/075A06.JPG,6
images/039A35.JPG,35
images/073A04.JPG,4
images/020A11.JPG,11
images/024A23.JPG,23
images/028A46.JPG,46
images/008A31.JPG,31
images/061A18.JPG,18
images/022A25.JPG,25
images/066A06a.JPG,6
images/018A16.JPG,16
images/043A23.JPG,23
images/023A25.JPG,25
images/041A21.JPG,21
images/065A08.JPG,8
images/026A00.JPG,0
images/055A23.JPG,23
images/038A13.JPG,13
images/016A16.JPG,16
images/077A03.JPG,3
images/009A03.JPG,3
images/016A05.JPG,5
images/043A27.JPG,27
images/058A04.JPG,4
images/029A04.JPG,4
images/068A04.JPG,4
images/012A24.JPG,24
images/008A33.JPG,33
images/065A02a.JPG,2
images/077A06.JPG,6
images/016A18.JPG,18
images/042A18.JPG,18
images/061A32.JPG,32
images/001A08.JPG,8
images/023A09.JPG,9
images/042A20.JPG,20
images/056A06.JPG,6
images/029A33.JPG,33
images/052A07.JPG,7
images/043A13.JPG,13
images/012A30.JPG,30
images/037A04.JPG,4
images/077A15.JPG,15
images/068A12.JPG,12
images/008A29.JPG,29
images/059A07.JPG,7
images/017A17.JPG,17
images/078A00.JPG,0
images/018A06.JPG,6
images/030A18.JPG,18
images/075A05.JPG,5
images/014A36.JPG,36
images/041A06.JPG,6
images/001A05.JPG,5
images/018A28.JPG,28
images/079A04.JPG,4
images/016A01.JPG,1
images/029A16.JPG,16
images/030A26.JPG,26
images/017A26.JPG,26
images/008A06.JPG,6
images/014A30.JPG,30
images/062A54.JPG,54
images/020A20.JPG,20
images/073A03.JPG,3
images/019A05.JPG,5
images/056A15.JPG,15
images/017A29.JPG,29
images/016A03.JPG,3
images/078A04.JPG,4
images/075A00.JPG,0
images/031A04.JPG,4
images/066A10.JPG,10
images/079A08.JPG,8
images/020A16.JPG,16
images/073A06.JPG,6
images/028A14.JPG,14
images/065A04.JPG,4
images/062A41.JPG,41
images/068A14.JPG,14
images/064A19.JPG,19
images/058A06.JPG,6
images/015A19.JPG,19
images/073A00.JPG,0
images/006A55.JPG,55
images/024A17.JPG,17
images/015A10.JPG,10
images/063A02.JPG,2
images/037A18.JPG,18
images/045A08.JPG,8
images/020A02.JPG,2
images/023A14.JPG,14
images/012A18.JPG,18
images/015A14.JPG,14
images/067A33.JPG,33
images/072A41.JPG,41
images/035A08.JPG,8
images/058A10.JPG,10
images/063A04.JPG,4
images/065A09.JPG,9
images/030A05.JPG,5
images/004A26.JPG,26
images/066A11.JPG,11
images/004A21.JPG,21
images/008A17.JPG,17
images/065A10.JPG,10
images/001A40.JPG,40
images/022A14.JPG,14
images/035A09.JPG,9
images/014A42.JPG,42
images/020A24.JPG,24
images/028A41.JPG,41
images/026A11.JPG,11
images/073A02.JPG,2
images/047A23.JPG,23
images/059A16.JPG,16
images/045A43.JPG,43
images/016A04.JPG,4
images/062A47.JPG,47
images/064A15.JPG,15
images/073A14.JPG,14
images/078A09.JPG,9
images/061A29.JPG,29
images/017A05.JPG,5
images/043A05.JPG,5
images/022A16.JPG,16
images/077A07.JPG,7
images/019A30.JPG,30
images/077A16.JPG,16
images/014A22.JPG,22
images/017A19.JPG,19
images/038A21.JPG,21
images/072A17.JPG,17
images/011A40.JPG,40
images/031A12.JPG,12
images/068A13.JPG,13
images/073A08.JPG,8
images/073A13.JPG,13
images/022A11.JPG,11
images/017A36.JPG,36
images/036A08.JPG,8
images/039A17.JPG,17
images/065A02b.JPG,2
images/001A02.JPG,2
images/045A32.JPG,32
images/029A29.JPG,29
images/041A20.JPG,20
images/081A00.JPG,0
images/019A00.JPG,0
images/006A46.JPG,46
images/035A01.JPG,1
images/015A15.JPG,15
images/062A30.JPG,30
images/020A36.JPG,36
images/045A17.JPG,17
images/075A07.JPG,7
images/058A15.JPG,15
images/082A03.JPG,3
images/006A61.JPG,61
images/014A03.JPG,3
images/016A10.JPG,10
images/018A18.JPG,18
images/015A01.JPG,1
images/036A11.JPG,11
images/009A01.JPG,1
images/081A03.JPG,3
images/037A11.JPG,11
images/001A22.JPG,22
images/072A07.JPG,7
images/015A03.JPG,3
images/043A10.JPG,10
images/031A00.JPG,0
images/008A13.JPG,13
images/061A26.JPG,26
images/030A04.JPG,4
images/039A10.JPG,10
images/063A08.JPG,8
images/035A18.JPG,18
images/066A03.JPG,3
images/072A27.JPG,27
images/008A18.JPG,18
images/016A14.JPG,14
images/014A40.JPG,40
images/023A18.JPG,18
images/078A05.JPG,5
images/073A16.JPG,16
images/035A23b.JPG,23
images/082A21.JPG,21
images/012A32.JPG,32
images/042A06.JPG,6
images/012A25.JPG,25
images/012A23.JPG,23
images/072A45.JPG,45
images/017A12.JPG,12
images/009A16a.JPG,16
images/023A03.JPG,3
images/031A07.JPG,7
images/042A08.JPG,8
images/030A16.JPG,16
images/020A13.JPG,13
images/037A13.JPG,13
images/009A05.JPG,5
images/037A06.JPG,6
images/019A23.JPG,23
images/042A12.JPG,12
images/061A15.JPG,15
images/043A19.JPG,19
images/036A05.JPG,5
images/026A19.JPG,19
images/011A05.JPG,5
images/081A08.JPG,8
images/015A04.JPG,4
images/082A25.JPG,25
images/038A10.JPG,10
images/058A17.JPG,17
images/017A07.JPG,7
images/009A09.JPG,9
images/035A00.JPG,0
images/028A16.JPG,16
images/061A19.JPG,19
images/042A00.JPG,0
images/012A27.JPG,27
images/045A40.JPG,40
images/004A62.JPG,62
images/042A05.JPG,5
images/015A09.JPG,9
images/079A13.JPG,13
images/022A27.JPG,27
images/039A16.JPG,16
images/052A13.JPG,13
images/037A17.JPG,17
images/022A07.JPG,7
images/023A22.JPG,22
images/052A14.JPG,14
images/061A07.JPG,7
images/045A28.JPG,28
images/078A10.JPG,10
images/039A07.JPG,7
images/039A05.JPG,5
images/065A03a.JPG,3
images/081A10.JPG,10
images/006A67.JPG,67
images/012A26.JPG,26
images/028A18.JPG,18
images/045A25.JPG,25
images/066A06b.JPG,6
images/045A48.JPG,48
images/014A14.JPG,14
images/001A33.JPG,33
images/075A08.JPG,8
images/009A13.JPG,13
images/011A34.JPG,34
images/079A06.JPG,6
images/012A14.JPG,14
images/011A02.JPG,2
