images/076A08.JPG,8
images/016A14.JPG,14
images/026A06.JPG,6
images/037A11.JPG,11
images/022A11.JPG,11
images/059A07.JPG,7
images/059A04.JPG,4
images/063A00.JPG,0
images/081A04.JPG,4
images/078A00.JPG,0
images/027A02.JPG,2
images/067A28.JPG,28
images/042A01.JPG,1
images/067A17.JPG,17
images/082A16.JPG,16
images/024A25.JPG,25
images/051A14.JPG,14
images/061A17.JPG,17
images/061A29.JPG,29
images/063A08.JPG,8
images/047A13.JPG,13
images/076A10.JPG,10
images/014A18.JPG,18
images/001A16.JPG,16
images/055A23.JPG,23
images/034A04.JPG,4
images/001A28.JPG,28
images/023A00.JPG,0
images/010A04.JPG,4
images/079A12.JPG,12
images/008A35.JPG,35
images/022A27.JPG,27
images/001A08.JPG,8
images/018A06.JPG,6
images/002A26.JPG,26
images/038A23.JPG,23
images/076A01.JPG,1
images/074A15.JPG,15
images/032A15.JPG,15
images/010A07a.JPG,7
images/026A19.JPG,19
images/010A09.JPG,9
images/032A24.JPG,24
images/036A05.JPG,5
images/037A01.JPG,1
images/073A01.JPG,1
images/048A49.JPG,49
images/076A13.JPG,13
images/042A06.JPG,6
images/047A27.JPG,27
images/023A03.JPG,3
images/041A13.JPG,13
images/009A22b.JPG,22
images/013A00.JPG,0
images/065A09.JPG,9
images/024A00.JPG,0
images/028A41.JPG,41
images/079A03.JPG,3
images/065A08.JPG,8
images/051A12.JPG,12
images/070A01.JPG,1
images/034A02.JPG,2
images/030A18.JPG,18
images/070A03.JPG,3
images/030A07.JPG,7
images/036A15.JPG,15
images/027A16.JPG,16
images/032A33.JPG,33
images/016A05.JPG,5
images/029A31.JPG,31
images/001A33.JPG,33
images/035A03.JPG,3
images/001A43b.JPG,43
images/008A30.JPG,30
images/008A31.JPG,31
images/019A15.JPG,15
images/079A11.JPG,11
images/073A02.JPG,2
images/046A14.JPG,14
images/051A08.JPG,8
images/062A18.JPG,18
images/051A02.JPG,2
images/074A04.JPG,4
images/001A02.JPG,2
images/033A35.JPG,35
images/059A16.JPG,16
images/005A18.JPG,18
images/027A30.JPG,30
images/002A04.JPG,4
images/081A11.JPG,11
images/041A06.JPG,6
images/073A14.JPG,14
images/049A06.JPG,6
images/008A03.JPG,3
images/049A15.JPG,15
images/078A08.JPG,8
images/013A16.JPG,16
images/039A45.JPG,45
images/036A01.JPG,1
images/067A04.JPG,4
images/076A05.JPG,5
images/076A00.JPG,0
images/076A06.JPG,6
images/081A05.JPG,5
images/067A21.JPG,21
images/074A00.JPG,0
images/033A10.JPG,10
images/082A23.JPG,23
images/047A55.JPG,55
images/065A03b.JPG,3
images/035A16.JPG,16
images/042A20.JPG,20
images/060A07.JPG,7
images/001A40.JPG,40
images/009A16b.JPG,16
images/009A18.JPG,18
images/016A03.JPG,3
images/028A46.JPG,46
images/013A18.JPG,18
images/058A13.JPG,13
images/037A18.JPG,18
images/036A00.JPG,0
images/039A13.JPG,13
images/063A20.JPG,20
images/046A17.JPG,17
images/061A07.JPG,7
images/047A12.JPG,12
images/078A13.JPG,13
images/030A10.JPG,10
images/002A38.JPG,38
images/033A18.JPG,18
images/058A04.JPG,4
images/008A08.JPG,8
images/081A07.JPG,7
images/014A12.JPG,12
images/070A02.JPG,2
images/051A18.JPG,18
images/051A17.JPG,17
images/061A15.JPG,15
images/034A13.JPG,13
images/062A53.JPG,53
images/005A24.JPG,24
images/047A23.JPG,23
images/008A12.JPG,12
images/042A05.JPG,5
images/038A00.JPG,0
images/005A45.JPG,45
images/065A06a.JPG,6
images/058A00.JPG,0
images/039A02.JPG,2
images/051A24.JPG,24
images/062A15.JPG,15
images/073A12.JPG,12
images/028A35.JPG,35
images/063A02.JPG,2
images/032A10.JPG,10
images/047A18.JPG,18
images/079A13.JPG,13
images/026A15.JPG,15
images/016A12.JPG,12
images/029A16.JPG,16
images/002A20.JPG,20
images/010A16.JPG,16
images/010A06.JPG,6
images/065A06b.JPG,6
images/039A35.JPG,35
images/041A00.JPG,0
images/037A17.JPG,17
images/038A01.JPG,1
images/081A12.JPG,12
images/019A23.JPG,23
images/002A18.JPG,18
images/010A18.JPG,18
images/078A04.JPG,4
images/062A38.JPG,38
images/050A14.JPG,14
images/074A14.JPG,14
images/023A29.JPG,29
images/032A08.JPG,8
images/001A22.JPG,22
images/026A17.JPG,17
images/079A04.JPG,4
images/048A18.JPG,18
images/060A04.JPG,4
images/034A18.JPG,18
images/035A00.JPG,0
images/005A52.JPG,52
images/082A25.JPG,25
images/030A00.JPG,0
images/009A13.JPG,13
images/001A05.JPG,5
images/067A30.JPG,30
images/061A32.JPG,32
images/036A13.JPG,13
images/037A13.JPG,13
images/023A21.JPG,21
images/014A22.JPG,22
images/033A44.JPG,44
images/013A23.JPG,23
images/018A29.JPG,29
images/028A14.JPG,14
images/021A06.JPG,6
images/070A09.JPG,9
images/013A21.JPG,21
images/081A00.JPG,0
images/016A18.JPG,18
images/005A40.JPG,40
images/047A33.JPG,33
images/018A34.JPG,34
images/021A27.JPG,27
images/078A14.JPG,14
images/018A28.JPG,28
images/029A20.JPG,20
images/024A19.JPG,19
images/041A24.JPG,24
images/041A19.JPG,19
images/042A14.JPG,14
images/037A09.JPG,9
images/022A26.JPG,26
images/048A27.JPG,27
images/035A23a.JPG,23
images/018A33.JPG,33
images/062A54.JPG,54
images/022A00.JPG,0
images/022A18.JPG,18
images/062A16.JPG,16
images/036A19.JPG,19
images/009A16a.JPG,16
images/019A18.JPG,18
images/023A16.JPG,16
images/078A01.JPG,1
images/076A15.JPG,15
images/010A15.JPG,15
images/073A11.JPG,11
images/055A14.JPG,14
images/048A33.JPG,33
images/050A06.JPG,6
images/062A45.JPG,45
images/063A25.JPG,25
images/041A21.JPG,21
images/058A01.JPG,1
images/035A18.JPG,18
images/037A06.JPG,6
images/032A28.JPG,28
images/005A61.JPG,61
images/021A20.JPG,20
images/079A09.JPG,9
images/008A17.JPG,17
images/046A12.JPG,12
images/074A07.JPG,7
images/042A10.JPG,10
images/029A33.JPG,33
images/055A08.JPG,8
images/048A10.JPG,10
images/019A07.JPG,7
images/058A15.JPG,15
images/051A15.JPG,15
images/023A22.JPG,22
images/029A01.JPG,1
images/038A05.JPG,5
images/002A23.JPG,23
images/082A20.JPG,20
images/028A28.JPG,28
images/062A30.JPG,30
images/038A11.JPG,11
images/063A09.JPG,9
images/009A09.JPG,9
images/067A14.JPG,14
images/070A12.JPG,12
images/022A28.JPG,28
images/065A07b.JPG,7
images/014A42.JPG,42
images/059A02a.JPG,2
images/038A17.JPG,17
images/046A00.JPG,0
images/008A41.JPG,41
images/042A00.JPG,0
images/047A09.JPG,9
images/021A03.JPG,3
images/038A21.JPG,21
images/070A08.JPG,8
images/013A41.JPG,41
images/001A18.JPG,18
images/048A46.JPG,46
images/060A19.JPG,19
images/062A47.JPG,47
images/067A33.JPG,33
images/047A45.JPG,45
images/079A07.JPG,7
images/029A05.JPG,5
images/076A16.JPG,16
images/036A03.JPG,3
images/024A30.JPG,30
images/034A35.JPG,35
images/035A21.JPG,21
images/034A30.JPG,30
images/076A07.JPG,7
images/079A02.JPG,2
images/014A36.JPG,36
images/059A06.JPG,6
images/042A24.JPG,24
images/074A01.JPG,1
images/059A12.JPG,12
images/048A11.JPG,11
images/027A36.JPG,36
images/060A05.JPG,5
images/060A10.JPG,10
images/074A11.JPG,11
images/016A01.JPG,1
images/063A22.JPG,22
images/021A30.JPG,30
images/073A16.JPG,16
images/029A29.JPG,29
images/036A11.JPG,11
images/014A16.JPG,16
images/073A08.JPG,8
images/033A39.JPG,39
images/022A14.JPG,14
images/026A11.JPG,11
images/038A34.JPG,34
images/078A02.JPG,2
images/026A02.JPG,2
images/048A52.JPG,52
images/035A05.JPG,5
images/005A31.JPG,31
images/001A10.JPG,10
images/078A07.JPG,7
images/039A19.JPG,19
images/074A09.JPG,9
images/079A10.JPG,10
images/046A04.JPG,4
images/076A14.JPG,14
images/046A18.JPG,18
images/023A14.JPG,14
images/002A05.JPG,5
images/039A07.JPG,7
images/008A33.JPG,33
images/041A09.JPG,9
images/016A16.JPG,16
images/055A05.JPG,5
images/038A14.JPG,14
images/063A18.JPG,18
images/063A33.JPG,33
images/047A11.JPG,11
images/027A18.JPG,18
images/050A18.JPG,18
images/076A02.JPG,2
images/065A02a.JPG,2
images/070A05.JPG,5
images/018A25.JPG,25
images/008A06.JPG,6
images/078A03.JPG,3
images/042A28.JPG,28
images/027A41.JPG,41
images/058A02.JPG,2
images/022A30.JPG,30
images/050A00.JPG,0
images/078A15.JPG,15
images/065A13.JPG,13
images/030A04.JPG,4
images/081A02.JPG,2
images/079A05.JPG,5
images/037A04.JPG,4
images/058A17.JPG,17
images/026A00.JPG,0
images/073A13.JPG,13
images/073A04.JPG,4
images/048A50.JPG,50
images/002A31.JPG,31
images/010A01.JPG,1
images/081A06.JPG,6
images/032A35.JPG,35
images/001A29.JPG,29
images/034A15.JPG,15
images/062A41.JPG,41
images/078A11.JPG,11
images/032A13.JPG,13
images/023A09.JPG,9
images/002A15.JPG,15
images/018A16.JPG,16
images/002A21.JPG,21
images/082A00.JPG,0
images/016A19.JPG,19
images/038A13.JPG,13
images/074A06.JPG,6
images/050A16.JPG,16
images/010A12.JPG,12
images/067A23.JPG,23
images/010A05.JPG,5
images/023A07.JPG,7
images/014A14.JPG,14
images/013A44.JPG,44
images/046A16.JPG,16
images/016A17.JPG,17
images/029A22.JPG,22
images/078A06.JPG,6
images/001A14.JPG,14
images/082A27.JPG,27
images/028A34.JPG,34
images/074A05.JPG,5
images/035A14.JPG,14
images/009A00.JPG,0
images/009A22a.JPG,22
images/082A21.JPG,21
images/081A10.JPG,10
images/046A20.JPG,20
images/062A03.JPG,3
images/019A27.JPG,27
images/013A08.JPG,8
images/014A40.JPG,40
images/079A06.JPG,6
images/039A10.JPG,10
images/060A12.JPG,12
images/078A10.JPG,10
images/074A03.JPG,3
images/042A12.JPG,12
images/022A23.JPG,23
images/065A07a.JPG,7
images/061A26.JPG,26
images/039A52.JPG,52
images/070A07.JPG,7
images/024A23.JPG,23
images/024A10.JPG,10
images/061A04.JPG,4
images/032A40.JPG,40
images/036A17.JPG,17
images/018A22.JPG,22
images/021A18.JPG,18
images/037A02.JPG,2
images/026A18.JPG,18
images/034A39.JPG,39
images/038A08.JPG,8
images/019A03.JPG,3
images/027A13.JPG,13
images/073A07.JPG,7
images/021A05.JPG,5
images/046A10.JPG,10
images/030A20.JPG,20
images/082A31.JPG,31
images/014A03.JPG,3
images/013A19.JPG,19
images/035A12.JPG,12
images/049A05.JPG,5
images/035A09.JPG,9
images/014A30.JPG,30
images/073A05.JPG,5
images/001A19.JPG,19
images/009A03.JPG,3
images/036A06.JPG,6
images/018A18.JPG,18
images/061A06.JPG,6
images/046A06.JPG,6
images/021A23.JPG,23
images/019A30.JPG,30
images/065A04.JPG,4
images/024A05.JPG,5
images/018A11.JPG,11
images/035A08.JPG,8
images/027A11.JPG,11
images/023A25.JPG,25
images/033A30.JPG,30
images/047A20.JPG,20
images/060A11.JPG,11
images/038A04.JPG,4
images/036A18.JPG,18
images/009A05.JPG,5
images/042A04.JPG,4
images/049A07.JPG,7
images/022A16.JPG,16
images/029A23.JPG,23
images/009A01.JPG,1
images/051A05.JPG,5
images/002A07.JPG,7
images/005A30.JPG,30
images/022A07.JPG,7
images/046A01.JPG,1
images/063A04.JPG,4
images/051A16.JPG,16
images/035A07.JPG,7
images/018A36.JPG,36
images/022A20.JPG,20
images/081A03.JPG,3
images/055A12.JPG,12
images/013A25.JPG,25
images/047A15.JPG,15
images/032A06.JPG,6
images/078A05.JPG,5
images/059A02b.JPG,2
images/059A03.JPG,3
images/060A06.JPG,6
images/023A05.JPG,5
images/032A20.JPG,20
images/010A07b.JPG,7
images/035A23b.JPG,23
images/013A30.JPG,30
images/028A20.JPG,20
images/062A35.JPG,35
images/055A04.JPG,4
images/038A03.JPG,3
images/073A06.JPG,6
images/026A04.JPG,4
images/029A04.JPG,4
images/065A11.JPG,11
images/067A39.JPG,39
images/050A10.JPG,10
images/074A12.JPG,12
images/047A05.JPG,5
images/019A05.JPG,5
images/039A15.JPG,15
images/079A08.JPG,8
images/033A14.JPG,14
images/081A08.JPG,8
images/050A03.JPG,3
images/076A17.JPG,17
images/005A48.JPG,48
images/027A25.JPG,25
images/060A08.JPG,8
images/049A17.JPG,17
images/048A00.JPG,0
images/002A16.JPG,16
images/010A10.JPG,10
images/019A00.JPG,0
images/026A07.JPG,7
images/076A09.JPG,9
images/009A11.JPG,11
images/074A08.JPG,8
images/065A10.JPG,10
images/070A06.JPG,6
images/041A04.JPG,4
images/065A03a.JPG,3
images/067A26.JPG,26
images/029A10.JPG,10
images/029A11.JPG,11
images/008A21.JPG,21
images/033A25.JPG,25
images/039A05.JPG,5
images/016A07.JPG,7
images/074A13.JPG,13
images/049A04.JPG,4
images/049A10.JPG,10
images/046A08.JPG,8
images/024A28.JPG,28
images/073A03.JPG,3
images/016A10.JPG,10
images/027A22.JPG,22
images/048A54.JPG,54
images/005A49.JPG,49
images/070A00.JPG,0
images/048A09.JPG,9
images/060A02.JPG,2
images/026A13.JPG,13
images/065A02b.JPG,2
images/028A26.JPG,26
images/050A22.JPG,22
images/021A39.JPG,39
images/049A16.JPG,16
images/058A03.JPG,3
images/042A18.JPG,18
images/059A14.JPG,14
images/034A11.JPG,11
images/048A16.JPG,16
images/029A13.JPG,13
images/021A11.JPG,11
images/008A16.JPG,16
images/016A04.JPG,4
images/074A02.JPG,2
images/074A10.JPG,10
images/081A01.JPG,1
images/028A18.JPG,18
images/046A02.JPG,2
images/039A17.JPG,17
images/078A12.JPG,12
images/058A10.JPG,10
images/021A35.JPG,35
images/047A06.JPG,6
images/008A18.JPG,18
images/033A05.JPG,5
images/022A25.JPG,25
images/061A19.JPG,19
images/048A30.JPG,30
images/061A10.JPG,10
images/028A37.JPG,37
images/021A16.JPG,16
images/051A00.JPG,0
images/024A18.JPG,18
images/030A26.JPG,26
images/019A12.JPG,12
images/073A09.JPG,9
images/009A14.JPG,14
images/078A09.JPG,9
images/033A02.JPG,2
images/005A35.JPG,35
images/061A25.JPG,25
images/034A44.JPG,44
images/024A17.JPG,17
images/055A06.JPG,6
images/082A18.JPG,18
images/013A34.JPG,34
images/073A15.JPG,15
images/016A08.JPG,8
images/023A18.JPG,18
images/039A11.JPG,11
images/079A00.JPG,0
images/002A12.JPG,12
images/060A17.JPG,17
images/035A01.JPG,1
images/028A16.JPG,16
images/076A03.JPG,3
images/039A16.JPG,16
images/082A03.JPG,3
images/055A22.JPG,22
images/008A13.JPG,13
images/041A02.JPG,2
images/030A05.JPG,5
images/082A22.JPG,22
images/001A43a.JPG,43
images/061A18.JPG,18
images/030A17.JPG,17
images/027A20.JPG,20
images/034A16.JPG,16
images/076A04.JPG,4
images/049A08.JPG,8
images/032A18.JPG,18
images/002A03.JPG,3
images/073A00.JPG,0
images/037A08.JPG,8
images/065A12.JPG,12
images/036A08.JPG,8
images/037A19.JPG,19
images/076A11.JPG,11
images/048A17.JPG,17
images/002A29.JPG,29
images/024A07.JPG,7
images/061A30.JPG,30
images/030A16.JPG,16
images/034A21.JPG,21
images/033A21.JPG,21
images/042A08.JPG,8
images/049A12.JPG,12
images/070A14.JPG,14
images/079A01.JPG,1
images/036A20.JPG,20
images/038A10.JPG,10
images/008A29.JPG,29
images/076A12.JPG,12
images/030A23.JPG,23
images/058A05.JPG,5
images/058A06.JPG,6
images/060A20.JPG,20
images/039A50.JPG,50
images/037A00.JPG,0
images/041A20.JPG,20
images/034A25.JPG,25
images/002A36.JPG,36
images/048A15.JPG,15
