images/082A25.JPG,25
images/075A10.JPG,10
images/020A22.JPG,22
images/002A16.JPG,16
images/020A16.JPG,16
images/073A03.JPG,3
images/069A13.JPG,13
images/044A15.JPG,15
images/005A31.JPG,31
images/020A30.JPG,30
images/007A45.JPG,45
images/048A50.JPG,50
images/022A07.JPG,7
images/030A16.JPG,16
images/010A01.JPG,1
images/080A00.JPG,0
images/020A08.JPG,8
images/065A02a.JPG,2
images/010A12.JPG,12
images/042A24.JPG,24
images/015A01.JPG,1
images/012A26.JPG,26
images/073A16.JPG,16
images/044A03.JPG,3
images/078A01.JPG,1
images/041A19.JPG,19
images/073A00.JPG,0
images/035A23a.JPG,23
images/020A26.JPG,26
images/067A28.JPG,28
images/035A09.JPG,9
images/072A29.JPG,29
images/007A01.JPG,1
images/040A02.JPG,2
images/035A12.JPG,12
images/015A07.JPG,7
images/002A31.JPG,31
images/022A28.JPG,28
images/025A18.JPG,18
images/015A10.JPG,10
images/027A30.JPG,30
images/015A04.JPG,4
images/066A09.JPG,9
images/011A34.JPG,34
images/041A00.JPG,0
images/008A13.JPG,13
images/001A43a.JPG,43
images/036A17.JPG,17
images/010A09.JPG,9
images/048A52.JPG,52
images/022A30.JPG,30
images/067A21.JPG,21
images/069A02.JPG,2
images/013A41.JPG,41
images/010A06.JPG,6
images/073A11.JPG,11
images/002A21.JPG,21
images/044A21.JPG,21
images/035A05.JPG,5
images/050A18.JPG,18
images/037A13.JPG,13
images/037A19.JPG,19
images/001A28.JPG,28
images/075A00.JPG,0
images/041A24.JPG,24
images/056A15.JPG,15
images/038A08.JPG,8
images/040A09.JPG,9
images/040A00.JPG,0
images/054A19.JPG,19
images/012A12.JPG,12
images/036A19.JPG,19
images/079A00.JPG,0
images/040A07.JPG,7
images/078A07.JPG,7
images/052A16.JPG,16
images/036A01.JPG,1
images/038A01.JPG,1
images/043A05.JPG,5
images/011A17.JPG,17
images/072A02.JPG,2
images/030A05.JPG,5
images/070A06.JPG,6
images/001A08.JPG,8
images/078A05.JPG,5
images/014A36.JPG,36
images/025A23.JPG,23
images/066A06b.JPG,6
images/065A02b.JPG,2
images/011A14.JPG,14
images/008A17.JPG,17
images/070A00.JPG,0
images/035A08.JPG,8
images/060A20.JPG,20
images/038A23.JPG,23
images/041A09.JPG,9
images/070A02.JPG,2
images/036A03.JPG,3
images/043A27.JPG,27
images/038A00.JPG,0
images/002A38.JPG,38
images/065A03b.JPG,3
images/030A00.JPG,0
images/079A06.JPG,6
images/024A07.JPG,7
images/039A02.JPG,2
images/011A13.JPG,13
images/035A23b.JPG,23
images/079A07.JPG,7
images/048A46.JPG,46
images/008A41.JPG,41
images/073A08.JPG,8
images/036A11.JPG,11
images/065A06a.JPG,6
images/080A08.JPG,8
images/038A04.JPG,4
images/035A21.JPG,21
images/032A33.JPG,33
images/036A20.JPG,20
images/015A09.JPG,9
images/036A18.JPG,18
images/005A30.JPG,30
images/077A00.JPG,0
images/065A04.JPG,4
images/012A32.JPG,32
images/077A07.JPG,7
images/075A02.JPG,2
images/060A04.JPG,4
images/018A34.JPG,34
images/002A23.JPG,23
images/077A04.JPG,4
images/002A04.JPG,4
images/065A07a.JPG,7
images/070A09.JPG,9
images/022A20.JPG,20
images/018A22.JPG,22
images/066A04.JPG,4
images/005A40.JPG,40
images/080A12.JPG,12
images/018A18.JPG,18
images/011A15.JPG,15
images/070A01.JPG,1
images/054A12.JPG,12
images/025A34.JPG,34
images/074A13.JPG,13
images/044A05.JPG,5
images/040A21.JPG,21
images/025A19.JPG,19
images/010A10.JPG,10
images/011A11.JPG,11
images/043A19.JPG,19
images/056A01.JPG,1
images/022A00.JPG,0
images/039A10.JPG,10
images/051A18.JPG,18
images/002A03.JPG,3
images/039A52.JPG,52
images/066A03.JPG,3
images/078A12.JPG,12
images/020A18.JPG,18
images/030A04.JPG,4
images/078A13.JPG,13
images/023A00.JPG,0
images/012A07.JPG,7
images/072A17.JPG,17
images/037A11.JPG,11
images/074A14.JPG,14
images/012A25.JPG,25
images/041A21.JPG,21
images/075A03.JPG,3
images/067A04.JPG,4
images/001A16.JPG,16
images/066A08.JPG,8
images/082A00.JPG,0
images/036A06.JPG,6
images/031A04.JPG,4
images/077A13.JPG,13
images/038A03.JPG,3
images/060A05.JPG,5
images/056A02.JPG,2
images/008A30.JPG,30
images/079A04.JPG,4
images/038A11.JPG,11
images/082A20.JPG,20
images/080A07.JPG,7
images/074A00.JPG,0
images/043A00.JPG,0
images/007A39.JPG,39
images/002A20.JPG,20
images/024A17.JPG,17
images/015A00.JPG,0
images/079A02.JPG,2
images/014A18.JPG,18
images/060A19.JPG,19
images/012A04.JPG,4
images/027A11.JPG,11
images/023A03.JPG,3
images/044A17.JPG,17
images/032A28.JPG,28
images/037A02.JPG,2
images/073A09.JPG,9
images/074A10.JPG,10
images/072A41.JPG,41
images/031A12.JPG,12
images/051A16.JPG,16
images/054A16.JPG,16
images/031A06.JPG,6
images/005A61.JPG,61
images/082A31.JPG,31
images/048A54.JPG,54
images/072A34.JPG,34
images/024A05.JPG,5
images/042A12.JPG,12
images/069A10.JPG,10
images/082A27.JPG,27
images/007A38.JPG,38
images/069A06.JPG,6
images/012A14.JPG,14
images/009A03.JPG,3
images/015A03.JPG,3
images/010A07a.JPG,7
images/032A35.JPG,35
images/043A03.JPG,3
images/077A02.JPG,2
images/079A12.JPG,12
images/079A08.JPG,8
images/008A31.JPG,31
images/080A01.JPG,1
images/031A14.JPG,14
images/041A13.JPG,13
images/036A15.JPG,15
images/067A30.JPG,30
images/048A10.JPG,10
images/020A04.JPG,4
images/077A14.JPG,14
images/031A09.JPG,9
images/042A00.JPG,0
images/074A12.JPG,12
images/078A15.JPG,15
images/042A20.JPG,20
images/042A05.JPG,5
images/048A16.JPG,16
images/077A06.JPG,6
images/009A11.JPG,11
images/040A03a.JPG,3
images/077A16.JPG,16
images/070A05.JPG,5
images/011A20.JPG,20
images/048A33.JPG,33
images/080A10.JPG,10
images/013A30.JPG,30
images/007A18.JPG,18
images/078A06.JPG,6
images/008A21.JPG,21
images/038A17.JPG,17
images/054A13.JPG,13
images/050A06.JPG,6
images/024A10.JPG,10
images/042A14.JPG,14
images/008A33.JPG,33
images/027A13.JPG,13
images/080A05.JPG,5
images/043A10.JPG,10
images/013A25.JPG,25
images/027A02.JPG,2
images/009A22a.JPG,22
images/009A14.JPG,14
images/073A02.JPG,2
images/072A27.JPG,27
images/010A07b.JPG,7
images/012A27.JPG,27
images/037A04.JPG,4
images/002A26.JPG,26
images/074A15.JPG,15
images/008A06.JPG,6
images/080A14.JPG,14
images/031A16.JPG,16
images/070A08.JPG,8
images/022A11.JPG,11
images/052A13.JPG,13
images/078A10.JPG,10
images/037A17.JPG,17
images/073A15.JPG,15
images/052A04.JPG,4
images/043A04.JPG,4
images/072A14.JPG,14
images/077A10.JPG,10
images/009A13.JPG,13
images/074A09.JPG,9
images/022A25.JPG,25
images/035A16.JPG,16
images/014A30.JPG,30
images/039A15.JPG,15
images/073A07.JPG,7
images/038A05.JPG,5
images/001A14.JPG,14
images/013A08.JPG,8
images/069A07.JPG,7
images/020A13.JPG,13
images/082A22.JPG,22
images/052A20.JPG,20
images/075A08.JPG,8
images/054A10.JPG,10
images/023A25.JPG,25
images/022A23.JPG,23
images/066A02b.JPG,2
images/036A05.JPG,5
images/054A18.JPG,18
images/031A02.JPG,2
images/002A36.JPG,36
images/074A08.JPG,8
images/067A33.JPG,33
images/032A20.JPG,20
images/013A00.JPG,0
images/074A06.JPG,6
images/038A13.JPG,13
images/041A02.JPG,2
images/030A10.JPG,10
images/039A11.JPG,11
images/065A08.JPG,8
images/072A07.JPG,7
images/035A18.JPG,18
images/023A14.JPG,14
images/040A12.JPG,12
images/043A15.JPG,15
images/048A11.JPG,11
images/043A17.JPG,17
images/005A24.JPG,24
images/077A09.JPG,9
images/030A26.JPG,26
images/067A39.JPG,39
images/048A49.JPG,49
images/015A17.JPG,17
images/065A09.JPG,9
images/078A04.JPG,4
images/030A07.JPG,7
images/032A13.JPG,13
images/001A43b.JPG,43
images/014A42.JPG,42
images/080A13.JPG,13
images/056A12.JPG,12
images/039A50.JPG,50
images/072A19.JPG,19
images/023A09.JPG,9
images/077A11.JPG,11
images/027A18.JPG,18
images/054A00.JPG,0
images/002A12.JPG,12
images/024A25.JPG,25
images/070A03.JPG,3
images/008A35.JPG,35
images/020A20.JPG,20
images/013A16.JPG,16
images/080A02.JPG,2
images/023A21.JPG,21
images/073A13.JPG,13
images/052A10.JPG,10
images/042A18.JPG,18
images/042A04.JPG,4
images/012A21.JPG,21
images/072A21.JPG,21
images/035A14.JPG,14
images/065A13.JPG,13
images/048A09.JPG,9
images/005A48.JPG,48
images/018A28.JPG,28
images/009A18.JPG,18
images/027A36.JPG,36
images/048A30.JPG,30
images/044A13.JPG,13
images/005A49.JPG,49
images/018A11.JPG,11
images/066A10.JPG,10
images/060A17.JPG,17
images/050A03.JPG,3
images/005A18.JPG,18
images/042A08.JPG,8
images/001A10.JPG,10
images/039A05.JPG,5
images/015A14.JPG,14
images/069A00.JPG,0
images/002A29.JPG,29
images/018A25.JPG,25
images/001A22.JPG,22
images/025A12.JPG,12
images/001A02.JPG,2
images/052A19.JPG,19
images/042A28.JPG,28
images/015A19.JPG,19
images/070A12.JPG,12
images/051A08.JPG,8
images/078A02.JPG,2
images/079A10.JPG,10
images/031A15.JPG,15
images/073A14.JPG,14
images/052A14.JPG,14
images/072A11.JPG,11
images/023A18.JPG,18
images/014A40.JPG,40
images/056A10.JPG,10
images/032A06.JPG,6
images/077A01.JPG,1
images/024A00.JPG,0
images/018A29.JPG,29
images/050A16.JPG,16
images/030A18.JPG,18
images/051A12.JPG,12
images/008A29.JPG,29
images/041A20.JPG,20
images/072A45.JPG,45
images/075A07.JPG,7
images/032A10.JPG,10
images/040A14.JPG,14
images/012A18.JPG,18
images/020A11.JPG,11
images/037A06.JPG,6
images/022A18.JPG,18
images/040A19.JPG,19
images/010A15.JPG,15
images/007A26.JPG,26
images/082A03.JPG,3
images/025A03.JPG,3
images/054A09.JPG,9
images/014A03.JPG,3
images/005A52.JPG,52
images/075A01.JPG,1
images/073A01.JPG,1
images/074A02.JPG,2
images/067A26.JPG,26
images/060A11.JPG,11
images/024A23.JPG,23
images/077A03.JPG,3
images/015A12.JPG,12
images/067A14.JPG,14
images/067A23.JPG,23
images/038A34.JPG,34
images/044A07.JPG,7
images/027A22.JPG,22
images/078A14.JPG,14
images/023A16.JPG,16
images/031A07.JPG,7
images/078A00.JPG,0
images/012A23.JPG,23
images/042A10.JPG,10
images/056A03.JPG,3
images/011A40.JPG,40
images/032A24.JPG,24
images/040A03b.JPG,3
images/074A11.JPG,11
images/051A24.JPG,24
images/067A17.JPG,17
images/037A00.JPG,0
images/054A04.JPG,4
images/008A03.JPG,3
images/079A13.JPG,13
images/032A40.JPG,40
images/032A08.JPG,8
images/048A18.JPG,18
images/022A14.JPG,14
images/065A11.JPG,11
images/069A04.JPG,4
images/036A08.JPG,8
images/060A08.JPG,8
images/052A02.JPG,2
images/039A16.JPG,16
images/040A16.JPG,16
images/072A13.JPG,13
images/011A27.JPG,27
images/051A14.JPG,14
images/008A08.JPG,8
images/010A18.JPG,18
images/015A05.JPG,5
images/069A03.JPG,3
images/013A19.JPG,19
images/025A00.JPG,0
images/031A00.JPG,0
images/056A04.JPG,4
images/079A05.JPG,5
images/052A18.JPG,18
images/013A18.JPG,18
images/069A11.JPG,11
images/011A02.JPG,2
images/020A36.JPG,36
images/012A34.JPG,34
images/013A34.JPG,34
images/065A03a.JPG,3
images/065A10.JPG,10
images/051A02.JPG,2
images/036A13.JPG,13
images/013A23.JPG,23
images/031A03.JPG,3
images/065A12.JPG,12
images/024A30.JPG,30
images/080A04.JPG,4
images/066A11.JPG,11
images/075A05.JPG,5
images/054A17.JPG,17
images/052A17.JPG,17
images/073A04.JPG,4
images/032A18.JPG,18
images/080A06.JPG,6
images/069A09.JPG,9
images/023A22.JPG,22
images/042A01.JPG,1
images/038A21.JPG,21
images/066A02a.JPG,2
images/041A04.JPG,4
images/042A06.JPG,6
images/037A08.JPG,8
images/043A23.JPG,23
images/079A11.JPG,11
images/014A16.JPG,16
images/032A15.JPG,15
images/030A17.JPG,17
images/027A25.JPG,25
images/050A00.JPG,0
images/082A16.JPG,16
images/009A09.JPG,9
images/009A16b.JPG,16
images/018A06.JPG,6
images/048A00.JPG,0
images/025A15.JPG,15
images/031A11.JPG,11
images/008A18.JPG,18
images/023A29.JPG,29
images/005A35.JPG,35
images/054A11.JPG,11
images/011A05.JPG,5
images/060A06.JPG,6
images/020A24.JPG,24
images/069A05.JPG,5
images/038A14.JPG,14
images/025A22.JPG,22
images/074A03.JPG,3
images/015A15.JPG,15
images/008A16.JPG,16
images/009A01.JPG,1
images/048A15.JPG,15
images/070A14.JPG,14
images/078A03.JPG,3
images/040A06.JPG,6
images/050A10.JPG,10
images/066A00.JPG,0
images/075A06.JPG,6
images/054A02.JPG,2
images/043A13.JPG,13
images/039A19.JPG,19
images/040A05.JPG,5
images/066A06a.JPG,6
images/008A12.JPG,12
images/074A04.JPG,4
images/023A05.JPG,5
images/009A00.JPG,0
images/040A10.JPG,10
images/037A01.JPG,1
images/082A23.JPG,23
images/039A17.JPG,17
images/010A04.JPG,4
images/073A05.JPG,5
images/013A44.JPG,44
images/001A18.JPG,18
images/044A01.JPG,1
images/025A07.JPG,7
images/051A17.JPG,17
images/037A09.JPG,9
images/001A19.JPG,19
images/012A30.JPG,30
images/051A15.JPG,15
images/051A00.JPG,0
images/073A06.JPG,6
images/056A06.JPG,6
images/035A07.JPG,7
images/001A40.JPG,40
images/009A05.JPG,5
images/025A39.JPG,39
images/073A12.JPG,12
images/060A02.JPG,2
images/051A05.JPG,5
images/022A27.JPG,27
images/078A11.JPG,11
images/002A05.JPG,5
images/002A07.JPG,7
images/060A07.JPG,7
images/001A29.JPG,29
images/018A16.JPG,16
images/002A15.JPG,15
images/009A16a.JPG,16
images/001A33.JPG,33
images/078A08.JPG,8
images/048A17.JPG,17
images/079A01.JPG,1
images/024A28.JPG,28
images/075A11.JPG,11
images/050A22.JPG,22
images/012A36.JPG,36
images/054A06.JPG,6
images/030A20.JPG,20
images/039A13.JPG,13
images/007A23.JPG,23
images/077A08.JPG,8
images/082A21.JPG,21
images/010A16.JPG,16
images/011A42.JPG,42
images/035A01.JPG,1
images/072A25.JPG,25
images/022A26.JPG,26
images/078A09.JPG,9
images/079A03.JPG,3
images/036A00.JPG,0
images/074A05.JPG,5
images/077A15.JPG,15
images/013A21.JPG,21
images/007A22.JPG,22
images/023A07.JPG,7
images/074A07.JPG,7
images/009A22b.JPG,22
images/070A07.JPG,7
images/039A35.JPG,35
images/077A12.JPG,12
images/011A07.JPG,7
images/027A41.JPG,41
images/060A10.JPG,10
images/079A09.JPG,9
images/038A10.JPG,10
images/005A45.JPG,45
images/052A07.JPG,7
images/014A22.JPG,22
images/044A18.JPG,18
images/074A01.JPG,1
images/018A33.JPG,33
images/031A19.JPG,19
images/039A07.JPG,7
images/014A14.JPG,14
images/024A19.JPG,19
images/012A24.JPG,24
images/002A18.JPG,18
images/027A20.JPG,20
images/065A06b.JPG,6
images/037A18.JPG,18
images/014A12.JPG,12
images/035A03.JPG,3
images/025A28.JPG,28
images/030A23.JPG,23
images/020A02.JPG,2
images/018A36.JPG,36
images/007A37.JPG,37
images/065A07b.JPG,7
images/022A16.JPG,16
images/080A09.JPG,9
images/066A07.JPG,7
images/011A30.JPG,30
images/024A18.JPG,18
images/060A12.JPG,12
images/080A03.JPG,3
images/041A06.JPG,6
images/044A25.JPG,25
images/082A18.JPG,18
images/039A45.JPG,45
images/027A16.JPG,16
images/048A27.JPG,27
images/001A05.JPG,5
images/035A00.JPG,0
images/010A05.JPG,5
images/050A14.JPG,14
