images/079A06.JPG,6
images/073A11.JPG,11
images/073A14.JPG,14
images/060A20.JPG,20
images/069A06.JPG,6
images/073A08.JPG,8
images/073A16.JPG,16
images/048A33.JPG,33
images/039A15.JPG,15
images/071A24.JPG,24
images/066A09.JPG,9
images/036A17.JPG,17
images/022A25.JPG,25
images/003A60.JPG,60
images/010A07b.JPG,7
images/074A03.JPG,3
images/045A18.JPG,18
images/046A16.JPG,16
images/046A08.JPG,8
images/066A04.JPG,4
images/032A18.JPG,18
images/080A09.JPG,9
images/073A09.JPG,9
images/032A20.JPG,20
images/028A14.JPG,14
images/040A12.JPG,12
images/003A35.JPG,35
images/043A19.JPG,19
images/019A23.JPG,23
images/040A05.JPG,5
images/079A01.JPG,1
images/050A10.JPG,10
images/026A19.JPG,19
images/074A05.JPG,5
images/001A18.JPG,18
images/053A18.JPG,18
images/064A15.JPG,15
images/078A01.JPG,1
images/018A28.JPG,28
images/034A39.JPG,39
images/023A14.JPG,14
images/003A38.JPG,38
images/035A01.JPG,1
images/056A15.JPG,15
images/013A21.JPG,21
images/054A13.JPG,13
images/078A04.JPG,4
images/039A50.JPG,50
images/046A02.JPG,2
images/054A11.JPG,11
images/026A06.JPG,6
images/054A16.JPG,16
images/053A15.JPG,15
images/045A28.JPG,28
images/074A10.JPG,10
images/023A21.JPG,21
images/039A10.JPG,10
images/029A10.JPG,10
images/060A05.JPG,5
images/034A35.JPG,35
images/043A23.JPG,23
images/071A18.JPG,18
images/040A16.JPG,16
images/023A03.JPG,3
images/014A12.JPG,12
images/056A02.JPG,2
images/036A11.JPG,11
images/026A04.JPG,4
images/067A33.JPG,33
images/043A00.JPG,0
images/059A03.JPG,3
images/034A15.JPG,15
images/010A05.JPG,5
images/003A23.JPG,23
images/069A10.JPG,10
images/013A18.JPG,18
images/040A09.JPG,9
images/073A07.JPG,7
images/010A16.JPG,16
images/046A17.JPG,17
images/071A22.JPG,22
images/039A11.JPG,11
images/032A08.JPG,8
images/034A44.JPG,44
images/046A12.JPG,12
images/027A11.JPG,11
images/053A04.JPG,4
images/016A01.JPG,1
images/016A03.JPG,3
images/034A16.JPG,16
images/033A21.JPG,21
images/060A19.JPG,19
images/080A00.JPG,0
images/039A17.JPG,17
images/074A04.JPG,4
images/028A16.JPG,16
images/043A10.JPG,10
images/082A23.JPG,23
images/074A09.JPG,9
images/001A05.JPG,5
images/050A18.JPG,18
images/018A33.JPG,33
images/057A16.JPG,16
images/064A04.JPG,4
images/054A19.JPG,19
images/034A21.JPG,21
images/062A16.JPG,16
images/073A02.JPG,2
images/073A04.JPG,4
images/056A06.JPG,6
images/018A29.JPG,29
images/019A03.JPG,3
images/029A22.JPG,22
images/022A00.JPG,0
images/066A03.JPG,3
images/016A04.JPG,4
images/056A01.JPG,1
images/074A00.JPG,0
images/032A13.JPG,13
images/033A30.JPG,30
images/055A06.JPG,6
images/050A00.JPG,0
images/038A21.JPG,21
images/035A14.JPG,14
images/048A11.JPG,11
images/080A13.JPG,13
images/043A15.JPG,15
images/066A10.JPG,10
images/074A06.JPG,6
images/009A14.JPG,14
images/014A42.JPG,42
images/032A28.JPG,28
images/064A19.JPG,19
images/066A00.JPG,0
images/046A01.JPG,1
images/025A00.JPG,0
images/038A11.JPG,11
images/055A14.JPG,14
images/048A46.JPG,46
images/056A03.JPG,3
images/079A11.JPG,11
images/010A18.JPG,18
images/046A00.JPG,0
images/033A14.JPG,14
images/054A06.JPG,6
images/071A35.JPG,35
images/029A04.JPG,4
images/060A06.JPG,6
images/071A40.JPG,40
images/016A08.JPG,8
images/052A13.JPG,13
images/062A18.JPG,18
images/027A36.JPG,36
images/053A00.JPG,0
images/045A03.JPG,3
images/049A12.JPG,12
images/078A12.JPG,12
images/040A19.JPG,19
images/020A36.JPG,36
images/080A06.JPG,6
images/026A13.JPG,13
images/016A05.JPG,5
images/078A10.JPG,10
images/064A03.JPG,3
images/048A49.JPG,49
images/053A03.JPG,3
images/036A20.JPG,20
images/026A02.JPG,2
images/013A30.JPG,30
images/069A00.JPG,0
images/060A10.JPG,10
images/026A00.JPG,0
images/059A06.JPG,6
images/071A43.JPG,43
images/013A23.JPG,23
images/059A07.JPG,7
images/080A08.JPG,8
images/054A09.JPG,9
images/045A08.JPG,8
images/020A11.JPG,11
images/067A17.JPG,17
images/045A25.JPG,25
images/019A00.JPG,0
images/001A02.JPG,2
images/039A19.JPG,19
images/057A07.JPG,7
images/066A02b.JPG,2
images/062A45.JPG,45
images/082A20.JPG,20
images/053A12.JPG,12
images/048A54.JPG,54
images/001A14.JPG,14
images/034A18.JPG,18
images/003A25.JPG,25
images/049A16.JPG,16
images/082A22.JPG,22
images/019A07.JPG,7
images/001A28.JPG,28
images/082A03.JPG,3
images/052A04.JPG,4
images/013A41.JPG,41
images/079A09.JPG,9
images/035A21.JPG,21
images/034A11.JPG,11
images/020A04.JPG,4
images/022A16.JPG,16
images/036A00.JPG,0
images/071A44.JPG,44
images/027A25.JPG,25
images/059A04.JPG,4
images/029A11.JPG,11
images/026A17.JPG,17
images/016A14.JPG,14
images/069A09.JPG,9
images/038A14.JPG,14
images/053A08.JPG,8
images/067A30.JPG,30
images/009A00.JPG,0
images/082A00.JPG,0
images/074A02.JPG,2
images/071A42.JPG,42
images/020A16.JPG,16
images/052A16.JPG,16
images/003A58.JPG,58
images/045A17.JPG,17
images/053A10.JPG,10
images/054A00.JPG,0
images/014A03.JPG,3
images/079A03.JPG,3
images/027A30.JPG,30
images/036A06.JPG,6
images/001A19.JPG,19
images/045A12.JPG,12
images/033A05.JPG,5
images/045A19.JPG,19
images/038A04.JPG,4
images/022A11.JPG,11
images/074A15.JPG,15
images/062A41.JPG,41
images/049A10.JPG,10
images/020A13.JPG,13
images/027A13.JPG,13
images/079A13.JPG,13
images/073A12.JPG,12
images/001A43b.JPG,43
images/027A22.JPG,22
images/039A52.JPG,52
images/003A20.JPG,20
images/013A00.JPG,0
images/052A18.JPG,18
images/023A00.JPG,0
images/013A08.JPG,8
images/064A10.JPG,10
images/026A07.JPG,7
images/080A01.JPG,1
images/045A43.JPG,43
images/055A05.JPG,5
images/007A37.JPG,37
images/007A18.JPG,18
images/039A13.JPG,13
images/025A18.JPG,18
images/009A22a.JPG,22
images/062A15.JPG,15
images/052A10.JPG,10
images/033A02.JPG,2
images/039A35.JPG,35
images/029A16.JPG,16
images/029A23.JPG,23
images/074A14.JPG,14
images/038A01.JPG,1
images/038A00.JPG,0
images/082A18.JPG,18
images/073A05.JPG,5
images/040A10.JPG,10
images/052A07.JPG,7
images/052A19.JPG,19
images/040A02.JPG,2
images/066A06b.JPG,6
images/033A18.JPG,18
images/027A16.JPG,16
images/059A12.JPG,12
images/007A38.JPG,38
images/040A07.JPG,7
images/016A18.JPG,18
images/023A16.JPG,16
images/067A21.JPG,21
images/035A07.JPG,7
images/053A02.JPG,2
images/082A25.JPG,25
images/036A01.JPG,1
images/039A05.JPG,5
images/082A21.JPG,21
images/062A53.JPG,53
images/025A22.JPG,22
images/070A14.JPG,14
images/062A54.JPG,54
images/010A07a.JPG,7
images/053A06.JPG,6
images/016A16.JPG,16
images/049A15.JPG,15
images/071A45.JPG,45
images/053A11.JPG,11
images/070A02.JPG,2
images/057A23.JPG,23
images/073A13.JPG,13
images/062A47.JPG,47
images/070A12.JPG,12
images/078A14.JPG,14
images/016A19.JPG,19
images/001A33.JPG,33
images/039A16.JPG,16
images/079A08.JPG,8
images/007A45.JPG,45
images/014A14.JPG,14
images/039A02.JPG,2
images/019A05.JPG,5
images/035A12.JPG,12
images/009A16b.JPG,16
images/054A17.JPG,17
images/036A19.JPG,19
images/060A02.JPG,2
images/034A04.JPG,4
images/033A25.JPG,25
images/045A48.JPG,48
images/079A02.JPG,2
images/066A06a.JPG,6
images/018A18.JPG,18
images/038A13.JPG,13
images/062A38.JPG,38
images/038A23.JPG,23
images/071A27.JPG,27
images/014A36.JPG,36
images/079A12.JPG,12
images/067A26.JPG,26
images/050A14.JPG,14
images/018A06.JPG,6
images/025A12.JPG,12
images/018A16.JPG,16
images/023A07.JPG,7
images/035A23a.JPG,23
images/022A26.JPG,26
images/029A31.JPG,31
images/001A43a.JPG,43
images/019A27.JPG,27
images/033A35.JPG,35
images/055A23.JPG,23
images/048A18.JPG,18
images/067A23.JPG,23
images/066A07.JPG,7
images/074A07.JPG,7
images/022A07.JPG,7
images/074A01.JPG,1
images/010A04.JPG,4
images/049A08.JPG,8
images/014A16.JPG,16
images/079A07.JPG,7
images/080A07.JPG,7
images/052A17.JPG,17
images/035A23b.JPG,23
images/027A20.JPG,20
images/039A45.JPG,45
images/059A14.JPG,14
images/028A26.JPG,26
images/062A03.JPG,3
images/069A03.JPG,3
images/009A03.JPG,3
images/009A18.JPG,18
images/070A09.JPG,9
images/010A12.JPG,12
images/079A04.JPG,4
images/046A14.JPG,14
images/059A16.JPG,16
images/082A16.JPG,16
images/018A36.JPG,36
images/027A18.JPG,18
images/069A04.JPG,4
images/009A01.JPG,1
images/025A07.JPG,7
images/035A16.JPG,16
images/069A13.JPG,13
images/023A22.JPG,22
images/082A27.JPG,27
images/050A22.JPG,22
images/013A25.JPG,25
images/049A06.JPG,6
images/067A04.JPG,4
images/010A15.JPG,15
images/060A07.JPG,7
images/009A13.JPG,13
images/070A05.JPG,5
images/027A41.JPG,41
images/034A02.JPG,2
images/013A34.JPG,34
images/014A22.JPG,22
images/073A06.JPG,6
images/071A23.JPG,23
images/029A01.JPG,1
images/022A27.JPG,27
images/020A22.JPG,22
images/019A30.JPG,30
images/078A05.JPG,5
images/009A05.JPG,5
images/025A03.JPG,3
images/056A04.JPG,4
images/048A17.JPG,17
images/035A05.JPG,5
images/043A04.JPG,4
images/062A30.JPG,30
images/026A15.JPG,15
images/078A07.JPG,7
images/038A34.JPG,34
images/048A50.JPG,50
images/020A18.JPG,18
images/001A29.JPG,29
images/060A08.JPG,8
images/069A02.JPG,2
images/007A01.JPG,1
images/073A01.JPG,1
images/025A23.JPG,23
images/079A00.JPG,0
images/025A19.JPG,19
images/020A24.JPG,24
images/013A44.JPG,44
images/048A15.JPG,15
images/029A33.JPG,33
images/023A05.JPG,5
images/033A10.JPG,10
images/032A33.JPG,33
images/054A12.JPG,12
images/080A05.JPG,5
images/014A30.JPG,30
images/016A07.JPG,7
images/029A29.JPG,29
images/013A16.JPG,16
images/028A41.JPG,41
images/033A44.JPG,44
images/036A08.JPG,8
images/060A17.JPG,17
images/040A03a.JPG,3
images/020A30.JPG,30
images/040A00.JPG,0
images/054A04.JPG,4
images/034A13.JPG,13
images/001A40.JPG,40
images/018A25.JPG,25
images/040A06.JPG,6
images/055A04.JPG,4
images/054A02.JPG,2
images/048A10.JPG,10
images/038A08.JPG,8
images/064A01.JPG,1
images/010A06.JPG,6
images/079A05.JPG,5
images/057A00.JPG,0
images/055A22.JPG,22
images/032A40.JPG,40
images/070A08.JPG,8
images/029A05.JPG,5
images/078A13.JPG,13
images/038A05.JPG,5
images/003A47.JPG,47
images/009A16a.JPG,16
images/066A08.JPG,8
images/025A15.JPG,15
images/007A26.JPG,26
images/019A12.JPG,12
images/050A16.JPG,16
images/060A11.JPG,11
images/055A12.JPG,12
images/045A06.JPG,6
images/074A13.JPG,13
images/036A13.JPG,13
images/046A06.JPG,6
images/080A12.JPG,12
images/016A17.JPG,17
images/057A05.JPG,5
images/043A03.JPG,3
images/074A08.JPG,8
images/028A37.JPG,37
images/023A18.JPG,18
images/066A11.JPG,11
images/025A34.JPG,34
images/078A08.JPG,8
images/057A17.JPG,17
images/062A35.JPG,35
images/054A10.JPG,10
images/023A25.JPG,25
images/032A35.JPG,35
images/028A34.JPG,34
images/022A30.JPG,30
images/007A23.JPG,23
images/029A20.JPG,20
images/069A05.JPG,5
images/074A11.JPG,11
images/020A08.JPG,8
images/078A09.JPG,9
images/032A06.JPG,6
images/014A18.JPG,18
images/032A10.JPG,10
images/043A27.JPG,27
images/073A00.JPG,0
images/070A00.JPG,0
images/035A08.JPG,8
images/001A16.JPG,16
images/009A09.JPG,9
images/019A15.JPG,15
images/078A03.JPG,3
images/016A12.JPG,12
images/013A19.JPG,19
images/080A04.JPG,4
images/048A16.JPG,16
images/053A13.JPG,13
images/059A02a.JPG,2
images/028A18.JPG,18
images/003A61.JPG,61
images/035A03.JPG,3
images/028A28.JPG,28
images/038A10.JPG,10
images/057A06.JPG,6
images/027A02.JPG,2
images/048A30.JPG,30
images/039A07.JPG,7
images/043A05.JPG,5
images/040A14.JPG,14
images/034A30.JPG,30
images/010A09.JPG,9
images/038A17.JPG,17
images/022A20.JPG,20
images/049A17.JPG,17
images/040A03b.JPG,3
images/067A28.JPG,28
images/009A22b.JPG,22
images/023A29.JPG,29
images/060A04.JPG,4
images/078A00.JPG,0
images/014A40.JPG,40
images/043A13.JPG,13
images/048A27.JPG,27
images/016A10.JPG,10
images/007A39.JPG,39
images/066A02a.JPG,2
images/020A02.JPG,2
images/060A12.JPG,12
images/026A18.JPG,18
images/078A02.JPG,2
images/052A02.JPG,2
images/054A18.JPG,18
images/069A11.JPG,11
images/052A14.JPG,14
images/022A14.JPG,14
images/070A03.JPG,3
images/046A04.JPG,4
images/048A00.JPG,0
images/003A18.JPG,18
images/080A02.JPG,2
images/022A18.JPG,18
images/019A18.JPG,18
images/043A17.JPG,17
images/070A01.JPG,1
images/028A20.JPG,20
images/018A22.JPG,22
images/036A15.JPG,15
images/032A24.JPG,24
images/023A09.JPG,9
images/057A25.JPG,25
images/082A31.JPG,31
images/022A23.JPG,23
images/001A08.JPG,8
images/049A07.JPG,7
images/073A03.JPG,3
images/010A01.JPG,1
images/010A10.JPG,10
images/049A05.JPG,5
images/018A34.JPG,34
images/025A28.JPG,28
images/078A06.JPG,6
images/009A11.JPG,11
images/003A49.JPG,49
images/028A35.JPG,35
images/036A18.JPG,18
images/038A03.JPG,3
images/080A14.JPG,14
images/001A22.JPG,22
images/003A51.JPG,51
images/045A32.JPG,32
images/056A10.JPG,10
images/052A20.JPG,20
images/050A03.JPG,3
images/033A39.JPG,39
images/059A02b.JPG,2
images/045A40.JPG,40
images/067A14.JPG,14
images/046A10.JPG,10
images/055A08.JPG,8
images/022A28.JPG,28
images/026A11.JPG,11
images/049A04.JPG,4
images/034A25.JPG,25
images/070A06.JPG,6
images/007A22.JPG,22
images/056A12.JPG,12
images/046A18.JPG,18
images/050A06.JPG,6
images/025A39.JPG,39
images/079A10.JPG,10
images/073A15.JPG,15
images/040A21.JPG,21
images/046A20.JPG,20
images/048A52.JPG,52
images/070A07.JPG,7
images/018A11.JPG,11
images/071A00.JPG,0
images/036A03.JPG,3
images/035A09.JPG,9
images/028A46.JPG,46
images/080A03.JPG,3
images/071A10.JPG,10
images/080A10.JPG,10
images/069A07.JPG,7
images/067A39.JPG,39
images/048A09.JPG,9
images/020A20.JPG,20
images/001A10.JPG,10
images/053A01.JPG,1
images/036A05.JPG,5
images/029A13.JPG,13
images/020A26.JPG,26
images/032A15.JPG,15
images/078A11.JPG,11
images/074A12.JPG,12
images/078A15.JPG,15
images/057A12.JPG,12
images/035A00.JPG,0
images/057A18.JPG,18
images/035A18.JPG,18
