images/001A40.JPG,40
images/015A14.JPG,14
images/073A07.JPG,7
images/042A28.JPG,28
images/012A23.JPG,23
images/053A01.JPG,1
images/064A10.JPG,10
images/050A06.JPG,6
images/018A18.JPG,18
images/040A07.JPG,7
images/027A11.JPG,11
images/039A52.JPG,52
images/071A10.JPG,10
images/058A00.JPG,0
images/003A47.JPG,47
images/053A15.JPG,15
images/040A03b.JPG,3
images/074A07.JPG,7
images/031A02.JPG,2
images/066A06a.JPG,6
images/068A09.JPG,9
images/009A22b.JPG,22
images/062A03.JPG,3
images/003A35.JPG,35
images/074A11.JPG,11
images/004A53.JPG,53
images/040A02.JPG,2
images/012A18.JPG,18
images/063A09.JPG,9
images/024A17.JPG,17
images/037A19.JPG,19
images/021A16.JPG,16
images/062A30.JPG,30
images/031A09.JPG,9
images/059A16.JPG,16
images/001A43b.JPG,43
images/012A07.JPG,7
images/035A21.JPG,21
images/080A14.JPG,14
images/008A18.JPG,18
images/051A05.JPG,5
images/066A08.JPG,8
images/050A14.JPG,14
images/072A07.JPG,7
images/045A18.JPG,18
images/009A09.JPG,9
images/024A00.JPG,0
images/015A17.JPG,17
images/076A15.JPG,15
images/012A24.JPG,24
images/008A29.JPG,29
images/082A20.JPG,20
images/071A24.JPG,24
images/043A03.JPG,3
images/002A23.JPG,23
images/004A51.JPG,51
images/076A02.JPG,2
images/031A04.JPG,4
images/044A21.JPG,21
images/027A36.JPG,36
images/062A18.JPG,18
images/020A20.JPG,20
images/039A45.JPG,45
images/051A14.JPG,14
images/020A02.JPG,2
images/070A02.JPG,2
images/001A02.JPG,2
images/037A08.JPG,8
images/027A13.JPG,13
images/044A18.JPG,18
images/006A40.JPG,40
images/063A18.JPG,18
images/053A02.JPG,2
images/075A06.JPG,6
images/006A31.JPG,31
images/069A10.JPG,10
images/031A00.JPG,0
images/080A09.JPG,9
images/053A18.JPG,18
images/081A00.JPG,0
images/043A17.JPG,17
images/008A31.JPG,31
images/030A18.JPG,18
images/081A12.JPG,12
images/018A06.JPG,6
images/004A40.JPG,40
images/036A20.JPG,20
images/050A03.JPG,3
images/069A13.JPG,13
images/031A06.JPG,6
images/015A12.JPG,12
images/075A00.JPG,0
images/073A08.JPG,8
images/024A23.JPG,23
images/062A47.JPG,47
images/009A14.JPG,14
images/003A49.JPG,49
images/055A05.JPG,5
images/016A08.JPG,8
images/076A11.JPG,11
images/074A10.JPG,10
images/073A15.JPG,15
images/024A25.JPG,25
images/081A06.JPG,6
images/012A14.JPG,14
images/039A50.JPG,50
images/041A21.JPG,21
images/069A07.JPG,7
images/082A00.JPG,0
images/056A15.JPG,15
images/017A17.JPG,17
images/037A17.JPG,17
images/017A29.JPG,29
images/004A28.JPG,28
images/015A15.JPG,15
images/043A10.JPG,10
images/035A03.JPG,3
images/072A41.JPG,41
images/073A06.JPG,6
images/071A42.JPG,42
images/011A40.JPG,40
images/070A08.JPG,8
images/050A22.JPG,22
images/071A45.JPG,45
images/041A02.JPG,2
images/063A02.JPG,2
images/011A17.JPG,17
images/021A20.JPG,20
images/069A06.JPG,6
images/069A11.JPG,11
images/068A13.JPG,13
images/074A06.JPG,6
images/072A29.JPG,29
images/012A12.JPG,12
images/018A29.JPG,29
images/020A26.JPG,26
images/062A45.JPG,45
images/017A32.JPG,32
images/041A00.JPG,0
images/008A33.JPG,33
images/018A34.JPG,34
images/081A01.JPG,1
images/036A06.JPG,6
images/052A10.JPG,10
images/004A30.JPG,30
images/016A01.JPG,1
images/018A16.JPG,16
images/059A03.JPG,3
images/008A08.JPG,8
images/075A02.JPG,2
images/064A03.JPG,3
images/056A03.JPG,3
images/012A34.JPG,34
images/021A05.JPG,5
images/044A17.JPG,17
images/020A11.JPG,11
images/039A17.JPG,17
images/063A08.JPG,8
images/042A04.JPG,4
images/011A11.JPG,11
images/042A14.JPG,14
images/053A13.JPG,13
images/011A07.JPG,7
images/058A06.JPG,6
images/016A14.JPG,14
images/076A16.JPG,16
images/068A12.JPG,12
images/071A22.JPG,22
images/081A07.JPG,7
images/081A03.JPG,3
images/039A11.JPG,11
images/043A15.JPG,15
images/030A17.JPG,17
images/003A58.JPG,58
images/030A16.JPG,16
images/016A12.JPG,12
images/021A06.JPG,6
images/066A11.JPG,11
images/069A09.JPG,9
images/072A14.JPG,14
images/040A06.JPG,6
images/040A10.JPG,10
images/042A06.JPG,6
images/066A09.JPG,9
images/052A13.JPG,13
images/006A61.JPG,61
images/016A19.JPG,19
images/068A00.JPG,0
images/018A22.JPG,22
images/043A04.JPG,4
images/040A14.JPG,14
images/080A05.JPG,5
images/082A31.JPG,31
images/080A10.JPG,10
images/073A04.JPG,4
images/024A19.JPG,19
images/009A00.JPG,0
images/037A06.JPG,6
images/021A03.JPG,3
images/070A05.JPG,5
images/002A03.JPG,3
images/068A10b.JPG,10
images/068A03.JPG,3
images/044A07.JPG,7
images/002A21.JPG,21
images/053A10.JPG,10
images/041A20.JPG,20
images/001A43a.JPG,43
images/009A11.JPG,11
images/051A18.JPG,18
images/058A17.JPG,17
images/015A04.JPG,4
images/080A12.JPG,12
images/018A36.JPG,36
images/002A20.JPG,20
images/072A27.JPG,27
images/062A41.JPG,41
images/068A04.JPG,4
images/017A38.JPG,38
images/044A13.JPG,13
images/008A16.JPG,16
images/059A02a.JPG,2
images/020A13.JPG,13
images/021A11.JPG,11
images/076A03.JPG,3
images/035A05.JPG,5
images/076A13.JPG,13
images/075A01.JPG,1
images/081A08.JPG,8
images/073A03.JPG,3
images/012A25.JPG,25
images/042A08.JPG,8
images/053A00.JPG,0
images/052A18.JPG,18
images/037A13.JPG,13
images/035A07.JPG,7
images/016A07.JPG,7
images/002A31.JPG,31
images/059A14.JPG,14
images/076A14.JPG,14
images/043A05.JPG,5
images/009A16a.JPG,16
images/009A18.JPG,18
images/045A12.JPG,12
images/074A03.JPG,3
images/055A08.JPG,8
images/018A28.JPG,28
images/036A18.JPG,18
images/070A01.JPG,1
images/024A07.JPG,7
images/011A42.JPG,42
images/040A00.JPG,0
images/011A13.JPG,13
images/070A00.JPG,0
images/058A05.JPG,5
images/053A06.JPG,6
images/031A15.JPG,15
images/015A01.JPG,1
images/001A33.JPG,33
images/076A00.JPG,0
images/076A09.JPG,9
images/030A23.JPG,23
images/058A01.JPG,1
images/070A07.JPG,7
images/076A04.JPG,4
images/044A25.JPG,25
images/030A05.JPG,5
images/059A07.JPG,7
images/021A18.JPG,18
images/055A23.JPG,23
images/076A05.JPG,5
images/020A22.JPG,22
images/070A14.JPG,14
images/080A02.JPG,2
images/015A19.JPG,19
images/062A16.JPG,16
images/001A28.JPG,28
images/017A36.JPG,36
images/064A15.JPG,15
images/075A03.JPG,3
images/020A30.JPG,30
images/012A26.JPG,26
images/003A23.JPG,23
images/045A25.JPG,25
images/072A45.JPG,45
images/045A17.JPG,17
images/045A43.JPG,43
images/073A05.JPG,5
images/074A08.JPG,8
images/011A34.JPG,34
images/073A01.JPG,1
images/068A11.JPG,11
images/039A02.JPG,2
images/011A14.JPG,14
images/082A27.JPG,27
images/063A25.JPG,25
images/002A07.JPG,7
images/042A10.JPG,10
images/062A53.JPG,53
images/042A24.JPG,24
images/050A10.JPG,10
images/051A08.JPG,8
images/069A03.JPG,3
images/020A24.JPG,24
images/074A01.JPG,1
images/037A18.JPG,18
images/031A12.JPG,12
images/041A19.JPG,19
images/062A54.JPG,54
images/009A05.JPG,5
images/017A19.JPG,19
images/056A02.JPG,2
images/040A03a.JPG,3
images/006A69.JPG,69
images/043A19.JPG,19
images/031A11.JPG,11
images/021A23.JPG,23
images/040A05.JPG,5
images/027A20.JPG,20
images/027A22.JPG,22
images/039A15.JPG,15
images/020A04.JPG,4
images/035A08.JPG,8
images/011A27.JPG,27
images/070A06.JPG,6
images/055A06.JPG,6
images/052A02.JPG,2
images/008A35.JPG,35
images/072A13.JPG,13
images/058A02.JPG,2
images/020A08.JPG,8
images/074A14.JPG,14
images/027A25.JPG,25
images/043A23.JPG,23
images/040A12.JPG,12
images/004A19.JPG,19
images/011A02.JPG,2
images/002A05.JPG,5
images/045A48.JPG,48
images/072A19.JPG,19
images/024A28.JPG,28
images/027A16.JPG,16
images/006A55.JPG,55
images/071A40.JPG,40
images/056A10.JPG,10
images/075A08.JPG,8
images/003A18.JPG,18
images/072A34.JPG,34
images/074A13.JPG,13
images/001A22.JPG,22
images/015A09.JPG,9
images/070A12.JPG,12
images/073A12.JPG,12
images/059A02b.JPG,2
images/053A12.JPG,12
images/066A04.JPG,4
images/081A04.JPG,4
images/001A14.JPG,14
images/006A42.JPG,42
images/040A09.JPG,9
images/056A12.JPG,12
images/064A04.JPG,4
images/036A00.JPG,0
images/027A30.JPG,30
images/082A23.JPG,23
images/072A11.JPG,11
images/031A19.JPG,19
images/003A61.JPG,61
images/058A03.JPG,3
images/074A15.JPG,15
images/030A26.JPG,26
images/042A12.JPG,12
images/001A10.JPG,10
images/027A41.JPG,41
images/015A00.JPG,0
images/062A35.JPG,35
images/012A36.JPG,36
images/051A00.JPG,0
images/040A19.JPG,19
images/045A03.JPG,3
images/002A38.JPG,38
images/017A26.JPG,26
images/055A12.JPG,12
images/064A19.JPG,19
images/051A12.JPG,12
images/066A02a.JPG,2
images/006A36.JPG,36
images/082A22.JPG,22
images/030A10.JPG,10
images/080A13.JPG,13
images/030A07.JPG,7
images/008A17.JPG,17
images/015A10.JPG,10
images/066A00.JPG,0
images/071A18.JPG,18
images/024A30.JPG,30
images/071A23.JPG,23
images/018A25.JPG,25
images/066A07.JPG,7
images/074A12.JPG,12
images/011A05.JPG,5
images/004A26.JPG,26
images/068A10a.JPG,10
images/031A03.JPG,3
images/082A21.JPG,21
images/081A10.JPG,10
images/030A04.JPG,4
images/043A00.JPG,0
images/009A16b.JPG,16
images/073A13.JPG,13
images/052A20.JPG,20
images/066A06b.JPG,6
images/015A07.JPG,7
images/003A25.JPG,25
images/012A27.JPG,27
images/055A22.JPG,22
images/035A00.JPG,0
images/080A00.JPG,0
images/072A02.JPG,2
images/069A00.JPG,0
images/080A03.JPG,3
images/052A17.JPG,17
images/039A13.JPG,13
images/016A16.JPG,16
images/024A05.JPG,5
images/008A30.JPG,30
images/040A21.JPG,21
images/016A17.JPG,17
images/015A03.JPG,3
images/016A04.JPG,4
images/006A67.JPG,67
images/027A02.JPG,2
images/074A02.JPG,2
images/063A20.JPG,20
images/050A00.JPG,0
images/062A15.JPG,15
images/031A16.JPG,16
images/044A15.JPG,15
images/021A30.JPG,30
images/002A16.JPG,16
images/072A25.JPG,25
images/012A30.JPG,30
images/080A06.JPG,6
images/055A14.JPG,14
images/011A30.JPG,30
images/003A60.JPG,60
images/035A23a.JPG,23
images/045A32.JPG,32
images/051A17.JPG,17
images/016A10.JPG,10
images/031A07.JPG,7
images/018A11.JPG,11
images/039A35.JPG,35
images/012A32.JPG,32
images/037A09.JPG,9
images/004A63.JPG,63
images/039A07.JPG,7
images/073A16.JPG,16
images/073A00.JPG,0
images/058A10.JPG,10
images/036A19.JPG,19
images/076A12.JPG,12
images/035A01.JPG,1
images/037A04.JPG,4
images/020A36.JPG,36
images/059A04.JPG,4
images/024A10.JPG,10
images/073A14.JPG,14
images/070A09.JPG,9
images/016A03.JPG,3
images/044A05.JPG,5
images/020A18.JPG,18
images/009A01.JPG,1
images/001A18.JPG,18
images/045A28.JPG,28
images/017A42.JPG,42
images/002A26.JPG,26
images/074A04.JPG,4
images/071A00.JPG,0
images/003A38.JPG,38
images/066A03.JPG,3
images/063A04.JPG,4
images/030A20.JPG,20
images/066A10.JPG,10
images/039A05.JPG,5
images/001A05.JPG,5
images/021A35.JPG,35
images/035A18.JPG,18
images/008A12.JPG,12
images/055A04.JPG,4
images/042A00.JPG,0
images/035A23b.JPG,23
images/075A05.JPG,5
images/053A04.JPG,4
images/036A08.JPG,8
images/051A24.JPG,24
images/069A04.JPG,4
images/037A01.JPG,1
images/045A40.JPG,40
images/071A27.JPG,27
images/076A01.JPG,1
images/058A13.JPG,13
images/075A07.JPG,7
images/045A19.JPG,19
images/051A15.JPG,15
images/037A02.JPG,2
images/006A51.JPG,51
images/004A48.JPG,48
images/045A06.JPG,6
images/031A14.JPG,14
images/021A39.JPG,39
images/045A08.JPG,8
images/052A14.JPG,14
images/017A15.JPG,15
images/041A24.JPG,24
images/011A20.JPG,20
images/042A05.JPG,5
images/042A18.JPG,18
images/008A06.JPG,6
images/017A22.JPG,22
images/081A02.JPG,2
images/069A05.JPG,5
images/037A11.JPG,11
images/080A04.JPG,4
images/041A13.JPG,13
images/002A12.JPG,12
images/039A16.JPG,16
images/021A27.JPG,27
images/030A00.JPG,0
images/076A17.JPG,17
images/050A16.JPG,16
images/063A00.JPG,0
images/080A01.JPG,1
images/003A20.JPG,20
images/018A33.JPG,33
images/002A15.JPG,15
images/074A05.JPG,5
images/042A20.JPG,20
images/056A06.JPG,6
images/082A16.JPG,16
images/071A35.JPG,35
images/039A10.JPG,10
images/041A04.JPG,4
images/059A12.JPG,12
images/008A41.JPG,41
images/080A07.JPG,7
images/001A08.JPG,8
images/020A16.JPG,16
images/009A13.JPG,13
images/036A15.JPG,15
images/006A28.JPG,28
images/043A27.JPG,27
images/004A37.JPG,37
images/012A04.JPG,4
images/070A03.JPG,3
images/041A06.JPG,6
images/043A13.JPG,13
images/052A04.JPG,4
images/069A02.JPG,2
images/009A03.JPG,3
images/064A01.JPG,1
images/075A10.JPG,10
images/074A00.JPG,0
images/002A18.JPG,18
images/076A07.JPG,7
images/076A06.JPG,6
images/009A22a.JPG,22
images/004A62.JPG,62
images/035A16.JPG,16
images/017A05.JPG,5
images/056A04.JPG,4
images/016A05.JPG,5
images/042A01.JPG,1
images/073A11.JPG,11
images/036A17.JPG,17
images/002A29.JPG,29
images/036A01.JPG,1
images/052A19.JPG,19
images/008A21.JPG,21
images/027A18.JPG,18
images/074A09.JPG,9
images/082A25.JPG,25
images/012A21.JPG,21
images/082A18.JPG,18
images/063A33.JPG,33
images/076A08.JPG,8
images/002A04.JPG,4
images/017A12.JPG,12
images/039A19.JPG,19
images/004A21.JPG,21
images/011A15.JPG,15
images/080A08.JPG,8
images/058A15.JPG,15
images/008A03.JPG,3
images/024A18.JPG,18
images/062A38.JPG,38
images/035A09.JPG,9
images/037A00.JPG,0
images/072A21.JPG,21
images/071A44.JPG,44
images/003A51.JPG,51
images/081A11.JPG,11
images/053A08.JPG,8
images/073A09.JPG,9
images/052A07.JPG,7
images/053A11.JPG,11
images/052A16.JPG,16
images/072A17.JPG,17
images/058A04.JPG,4
images/056A01.JPG,1
images/041A09.JPG,9
images/036A13.JPG,13
images/071A43.JPG,43
images/001A16.JPG,16
images/016A18.JPG,18
images/006A24.JPG,24
images/053A03.JPG,3
images/040A16.JPG,16
images/036A05.JPG,5
images/035A14.JPG,14
images/066A02b.JPG,2
images/059A06.JPG,6
images/044A01.JPG,1
images/008A13.JPG,13
images/044A03.JPG,3
images/036A03.JPG,3
images/015A05.JPG,5
images/081A05.JPG,5
images/002A36.JPG,36
images/035A12.JPG,12
images/073A02.JPG,2
images/063A22.JPG,22
images/017A07.JPG,7
images/050A18.JPG,18
images/001A19.JPG,19
images/075A11.JPG,11
images/006A46.JPG,46
images/068A14.JPG,14
images/051A02.JPG,2
images/036A11.JPG,11
images/001A29.JPG,29
images/082A03.JPG,3
images/051A16.JPG,16
images/076A10.JPG,10
