images/045A12.JPG,12
images/016A05.JPG,5
images/067A23.JPG,23
images/030A05.JPG,5
images/011A15.JPG,15
images/075A07.JPG,7
images/038A17.JPG,17
images/056A15.JPG,15
images/034A21.JPG,21
images/037A01.JPG,1
images/064A15.JPG,15
images/047A45.JPG,45
images/033A30.JPG,30
images/045A03.JPG,3
images/074A11.JPG,11
images/061A06.JPG,6
images/008A18.JPG,18
images/021A39.JPG,39
images/073A08.JPG,8
images/010A01.JPG,1
images/040A19.JPG,19
images/022A16.JPG,16
images/078A13.JPG,13
images/080A04.JPG,4
images/075A10.JPG,10
images/040A03b.JPG,3
images/048A46.JPG,46
images/072A19.JPG,19
images/047A13.JPG,13
images/067A28.JPG,28
images/035A12.JPG,12
images/080A06.JPG,6
images/072A29.JPG,29
images/072A27.JPG,27
images/065A07a.JPG,7
images/072A13.JPG,13
images/075A00.JPG,0
images/014A22.JPG,22
images/073A06.JPG,6
images/080A02.JPG,2
images/035A09.JPG,9
images/033A18.JPG,18
images/040A14.JPG,14
images/042A01.JPG,1
images/061A30.JPG,30
images/015A01.JPG,1
images/003A38.JPG,38
images/010A06.JPG,6
images/043A00.JPG,0
images/074A02.JPG,2
images/073A05.JPG,5
images/015A15.JPG,15
images/040A16.JPG,16
images/042A04.JPG,4
images/018A28.JPG,28
images/040A06.JPG,6
images/074A13.JPG,13
images/040A21.JPG,21
images/003A61.JPG,61
images/067A30.JPG,30
images/042A24.JPG,24
images/055A12.JPG,12
images/078A09.JPG,9
images/008A41.JPG,41
images/065A04.JPG,4
images/046A10.JPG,10
images/034A16.JPG,16
images/006A51.JPG,51
images/040A02.JPG,2
images/018A25.JPG,25
images/026A00.JPG,0
images/006A55.JPG,55
images/080A07.JPG,7
images/056A01.JPG,1
images/039A10.JPG,10
images/009A03.JPG,3
images/009A22b.JPG,22
images/050A06.JPG,6
images/029A01.JPG,1
images/021A16.JPG,16
images/043A15.JPG,15
images/065A03b.JPG,3
images/015A17.JPG,17
images/048A54.JPG,54
images/045A17.JPG,17
images/038A10.JPG,10
images/048A10.JPG,10
images/045A48.JPG,48
images/023A16.JPG,16
images/078A11.JPG,11
images/021A27.JPG,27
images/028A46.JPG,46
images/003A20.JPG,20
images/009A09.JPG,9
images/016A14.JPG,14
images/016A01.JPG,1
images/037A08.JPG,8
images/026A18.JPG,18
images/011A17.JPG,17
images/039A35.JPG,35
images/007A45.JPG,45
images/040A05.JPG,5
images/042A06.JPG,6
images/021A18.JPG,18
images/067A04.JPG,4
images/015A05.JPG,5
images/010A07a.JPG,7
images/073A07.JPG,7
images/006A42.JPG,42
images/033A44.JPG,44
images/034A11.JPG,11
images/073A13.JPG,13
images/018A34.JPG,34
images/035A16.JPG,16
images/050A03.JPG,3
images/012A32.JPG,32
images/032A10.JPG,10
images/035A23a.JPG,23
images/007A22.JPG,22
images/046A18.JPG,18
images/078A05.JPG,5
images/070A03.JPG,3
images/022A23.JPG,23
images/023A21.JPG,21
images/073A02.JPG,2
images/040A07.JPG,7
images/038A11.JPG,11
images/048A11.JPG,11
images/042A20.JPG,20
images/006A24.JPG,24
images/024A23.JPG,23
images/032A28.JPG,28
images/009A18.JPG,18
images/022A26.JPG,26
images/043A13.JPG,13
images/023A18.JPG,18
images/010A15.JPG,15
images/038A08.JPG,8
images/029A20.JPG,20
images/011A02.JPG,2
images/080A09.JPG,9
images/054A18.JPG,18
images/024A19.JPG,19
images/010A05.JPG,5
images/040A00.JPG,0
images/035A03.JPG,3
images/074A12.JPG,12
images/009A00.JPG,0
images/078A12.JPG,12
images/003A60.JPG,60
images/045A25.JPG,25
images/073A15.JPG,15
images/024A28.JPG,28
images/078A01.JPG,1
images/018A16.JPG,16
images/034A18.JPG,18
images/042A18.JPG,18
images/038A21.JPG,21
images/015A14.JPG,14
images/006A40.JPG,40
images/029A31.JPG,31
images/074A07.JPG,7
images/065A02b.JPG,2
images/052A13.JPG,13
images/011A30.JPG,30
images/023A00.JPG,0
images/033A21.JPG,21
images/074A05.JPG,5
images/043A03.JPG,3
images/067A17.JPG,17
images/029A22.JPG,22
images/035A21.JPG,21
images/003A49.JPG,49
images/078A10.JPG,10
images/012A04.JPG,4
images/052A07.JPG,7
images/032A06.JPG,6
images/033A02.JPG,2
images/024A10.JPG,10
images/055A14.JPG,14
images/022A00.JPG,0
images/016A16.JPG,16
images/029A13.JPG,13
images/020A16.JPG,16
images/009A11.JPG,11
images/006A31.JPG,31
images/029A04.JPG,4
images/046A01.JPG,1
images/054A06.JPG,6
images/021A35.JPG,35
images/033A10.JPG,10
images/054A12.JPG,12
images/008A06.JPG,6
images/033A35.JPG,35
images/028A14.JPG,14
images/039A50.JPG,50
images/056A02.JPG,2
images/056A06.JPG,6
images/030A16.JPG,16
images/020A02.JPG,2
images/024A00.JPG,0
images/050A22.JPG,22
images/040A03a.JPG,3
images/005A61.JPG,61
images/007A26.JPG,26
images/065A12.JPG,12
images/028A26.JPG,26
images/028A34.JPG,34
images/008A16.JPG,16
images/038A03.JPG,3
images/012A12.JPG,12
images/005A31.JPG,31
images/043A19.JPG,19
images/077A06.JPG,6
images/032A20.JPG,20
images/029A05.JPG,5
images/038A23.JPG,23
images/005A18.JPG,18
images/039A17.JPG,17
images/042A00.JPG,0
images/064A19.JPG,19
images/020A30.JPG,30
images/030A20.JPG,20
images/005A24.JPG,24
images/065A13.JPG,13
images/012A25.JPG,25
images/015A12.JPG,12
images/026A02.JPG,2
images/080A01.JPG,1
images/077A07.JPG,7
images/077A08.JPG,8
images/048A00.JPG,0
images/028A16.JPG,16
images/050A00.JPG,0
images/039A15.JPG,15
images/023A22.JPG,22
images/016A19.JPG,19
images/052A18.JPG,18
images/054A02.JPG,2
images/023A09.JPG,9
images/078A14.JPG,14
images/073A11.JPG,11
images/039A13.JPG,13
images/026A06.JPG,6
images/028A35.JPG,35
images/048A52.JPG,52
images/072A45.JPG,45
images/048A16.JPG,16
images/011A13.JPG,13
images/010A07b.JPG,7
images/047A15.JPG,15
images/055A08.JPG,8
images/054A11.JPG,11
images/012A26.JPG,26
images/020A04.JPG,4
images/012A21.JPG,21
images/054A13.JPG,13
images/006A67.JPG,67
images/080A14.JPG,14
images/045A32.JPG,32
images/043A04.JPG,4
images/034A13.JPG,13
images/046A02.JPG,2
images/006A69.JPG,69
images/018A36.JPG,36
images/075A08.JPG,8
images/014A40.JPG,40
images/046A06.JPG,6
images/072A07.JPG,7
images/055A06.JPG,6
images/077A14.JPG,14
images/048A17.JPG,17
images/046A00.JPG,0
images/030A04.JPG,4
images/010A10.JPG,10
images/015A10.JPG,10
images/064A10.JPG,10
images/042A10.JPG,10
images/045A19.JPG,19
images/015A07.JPG,7
images/016A12.JPG,12
images/020A22.JPG,22
images/055A04.JPG,4
images/074A03.JPG,3
images/012A18.JPG,18
images/054A19.JPG,19
images/020A26.JPG,26
images/037A00.JPG,0
images/038A00.JPG,0
images/078A02.JPG,2
images/007A01.JPG,1
images/003A51.JPG,51
images/022A20.JPG,20
images/003A58.JPG,58
images/055A23.JPG,23
images/028A37.JPG,37
images/073A09.JPG,9
images/005A35.JPG,35
images/003A47.JPG,47
images/035A23b.JPG,23
images/054A16.JPG,16
images/042A12.JPG,12
images/047A12.JPG,12
images/012A14.JPG,14
images/018A06.JPG,6
images/078A08.JPG,8
images/029A16.JPG,16
images/022A07.JPG,7
images/006A36.JPG,36
images/030A00.JPG,0
images/024A25.JPG,25
images/008A08.JPG,8
images/029A10.JPG,10
images/010A18.JPG,18
images/011A34.JPG,34
images/074A14.JPG,14
images/022A27.JPG,27
images/045A40.JPG,40
images/042A05.JPG,5
images/072A34.JPG,34
images/070A01.JPG,1
images/032A18.JPG,18
images/075A02.JPG,2
images/038A04.JPG,4
images/014A16.JPG,16
images/009A16b.JPG,16
images/078A00.JPG,0
images/045A06.JPG,6
images/061A17.JPG,17
images/033A05.JPG,5
images/026A17.JPG,17
images/029A29.JPG,29
images/037A04.JPG,4
images/077A12.JPG,12
images/026A11.JPG,11
images/047A06.JPG,6
images/030A23.JPG,23
images/061A26.JPG,26
images/074A04.JPG,4
images/054A17.JPG,17
images/072A02.JPG,2
images/047A18.JPG,18
images/028A18.JPG,18
images/018A22.JPG,22
images/035A14.JPG,14
images/026A19.JPG,19
images/021A05.JPG,5
images/039A11.JPG,11
images/067A14.JPG,14
images/073A03.JPG,3
images/009A13.JPG,13
images/054A04.JPG,4
images/073A14.JPG,14
images/012A36.JPG,36
images/003A23.JPG,23
images/080A12.JPG,12
images/020A24.JPG,24
images/029A23.JPG,23
images/065A09.JPG,9
images/077A01.JPG,1
images/020A20.JPG,20
images/048A27.JPG,27
images/024A17.JPG,17
images/008A21.JPG,21
images/030A18.JPG,18
images/072A11.JPG,11
images/012A07.JPG,7
images/005A48.JPG,48
images/021A11.JPG,11
images/047A20.JPG,20
images/011A05.JPG,5
images/048A18.JPG,18
images/072A21.JPG,21
images/046A16.JPG,16
images/007A38.JPG,38
images/022A11.JPG,11
images/080A03.JPG,3
images/042A14.JPG,14
images/023A29.JPG,29
images/038A01.JPG,1
images/039A07.JPG,7
images/010A12.JPG,12
images/023A05.JPG,5
images/018A18.JPG,18
images/032A40.JPG,40
images/074A09.JPG,9
images/065A06a.JPG,6
images/029A11.JPG,11
images/016A08.JPG,8
images/052A20.JPG,20
images/077A11.JPG,11
images/014A36.JPG,36
images/010A04.JPG,4
images/011A42.JPG,42
images/030A10.JPG,10
images/065A10.JPG,10
images/040A10.JPG,10
images/034A25.JPG,25
images/005A49.JPG,49
images/070A08.JPG,8
images/024A05.JPG,5
images/043A10.JPG,10
images/005A30.JPG,30
images/042A28.JPG,28
images/007A18.JPG,18
images/009A14.JPG,14
images/061A25.JPG,25
images/073A00.JPG,0
images/034A39.JPG,39
images/047A09.JPG,9
images/038A05.JPG,5
images/056A03.JPG,3
images/048A30.JPG,30
images/074A08.JPG,8
images/048A09.JPG,9
images/070A07.JPG,7
images/032A08.JPG,8
images/052A14.JPG,14
images/073A16.JPG,16
images/043A05.JPG,5
images/037A02.JPG,2
images/074A01.JPG,1
images/026A15.JPG,15
images/012A34.JPG,34
images/024A18.JPG,18
images/011A11.JPG,11
images/075A03.JPG,3
images/007A23.JPG,23
images/064A01.JPG,1
images/003A35.JPG,35
images/045A43.JPG,43
images/047A55.JPG,55
images/008A29.JPG,29
images/046A20.JPG,20
images/015A04.JPG,4
images/054A09.JPG,9
images/052A17.JPG,17
images/072A17.JPG,17
images/061A29.JPG,29
images/011A40.JPG,40
images/047A11.JPG,11
images/075A11.JPG,11
images/070A00.JPG,0
images/011A27.JPG,27
images/077A00.JPG,0
images/032A35.JPG,35
images/045A28.JPG,28
images/078A04.JPG,4
images/022A30.JPG,30
images/008A12.JPG,12
images/046A12.JPG,12
images/048A49.JPG,49
images/034A30.JPG,30
images/014A18.JPG,18
images/014A42.JPG,42
images/020A13.JPG,13
images/047A05.JPG,5
images/030A17.JPG,17
images/015A09.JPG,9
images/012A27.JPG,27
images/029A33.JPG,33
images/061A19.JPG,19
images/064A03.JPG,3
images/022A28.JPG,28
images/080A10.JPG,10
images/065A02a.JPG,2
images/070A05.JPG,5
images/039A45.JPG,45
images/016A18.JPG,18
images/073A12.JPG,12
images/047A27.JPG,27
images/007A37.JPG,37
images/022A14.JPG,14
images/070A09.JPG,9
images/040A12.JPG,12
images/070A14.JPG,14
images/018A33.JPG,33
images/018A11.JPG,11
images/028A41.JPG,41
images/040A09.JPG,9
images/043A17.JPG,17
images/003A25.JPG,25
images/073A01.JPG,1
images/037A18.JPG,18
images/016A07.JPG,7
images/026A07.JPG,7
images/073A04.JPG,4
images/039A02.JPG,2
images/078A07.JPG,7
images/032A33.JPG,33
images/077A04.JPG,4
images/072A41.JPG,41
images/005A45.JPG,45
images/026A13.JPG,13
images/072A25.JPG,25
images/006A61.JPG,61
images/022A18.JPG,18
images/015A03.JPG,3
images/007A39.JPG,39
images/009A05.JPG,5
images/005A52.JPG,52
images/016A10.JPG,10
images/046A14.JPG,14
images/032A15.JPG,15
images/048A15.JPG,15
images/061A18.JPG,18
images/008A17.JPG,17
images/032A13.JPG,13
images/021A06.JPG,6
images/077A02.JPG,2
images/034A15.JPG,15
images/034A35.JPG,35
images/046A08.JPG,8
images/077A16.JPG,16
images/074A00.JPG,0
images/070A02.JPG,2
images/072A14.JPG,14
images/014A12.JPG,12
images/034A04.JPG,4
images/035A18.JPG,18
images/028A28.JPG,28
images/054A00.JPG,0
images/026A04.JPG,4
images/035A01.JPG,1
images/008A31.JPG,31
images/067A39.JPG,39
images/038A34.JPG,34
images/033A39.JPG,39
images/078A06.JPG,6
images/035A05.JPG,5
images/043A27.JPG,27
images/046A04.JPG,4
images/074A15.JPG,15
images/039A05.JPG,5
images/028A20.JPG,20
images/070A06.JPG,6
images/010A16.JPG,16
images/021A30.JPG,30
images/047A23.JPG,23
images/048A50.JPG,50
images/009A01.JPG,1
images/021A23.JPG,23
images/038A13.JPG,13
images/015A00.JPG,0
images/052A16.JPG,16
images/046A17.JPG,17
images/037A06.JPG,6
images/008A13.JPG,13
images/056A12.JPG,12
images/061A32.JPG,32
images/061A04.JPG,4
images/065A06b.JPG,6
images/008A30.JPG,30
images/080A00.JPG,0
images/030A07.JPG,7
images/077A10.JPG,10
images/015A19.JPG,19
images/039A19.JPG,19
images/061A15.JPG,15
images/037A11.JPG,11
images/055A05.JPG,5
images/034A44.JPG,44
images/014A30.JPG,30
images/021A03.JPG,3
images/005A40.JPG,40
images/012A24.JPG,24
images/070A12.JPG,12
images/012A30.JPG,30
images/037A19.JPG,19
images/052A19.JPG,19
images/052A04.JPG,4
images/075A01.JPG,1
images/050A16.JPG,16
images/065A11.JPG,11
images/030A26.JPG,26
images/055A22.JPG,22
images/077A03.JPG,3
images/065A03a.JPG,3
images/067A33.JPG,33
images/043A23.JPG,23
images/077A13.JPG,13
images/003A18.JPG,18
images/035A00.JPG,0
images/006A46.JPG,46
images/056A10.JPG,10
images/080A05.JPG,5
images/033A14.JPG,14
images/014A14.JPG,14
images/074A06.JPG,6
images/056A04.JPG,4
images/014A03.JPG,3
images/020A18.JPG,18
images/039A16.JPG,16
images/061A07.JPG,7
images/077A09.JPG,9
images/010A09.JPG,9
images/067A21.JPG,21
images/045A08.JPG,8
images/035A07.JPG,7
images/080A13.JPG,13
images/016A03.JPG,3
images/064A04.JPG,4
images/078A03.JPG,3
images/024A30.JPG,30
images/023A07.JPG,7
images/020A11.JPG,11
images/022A25.JPG,25
images/048A33.JPG,33
images/020A36.JPG,36
images/008A33.JPG,33
images/078A15.JPG,15
images/011A14.JPG,14
images/024A07.JPG,7
images/023A14.JPG,14
images/023A25.JPG,25
images/050A14.JPG,14
images/018A29.JPG,29
images/067A26.JPG,26
images/080A08.JPG,8
images/008A03.JPG,3
images/061A10.JPG,10
images/037A17.JPG,17
images/075A05.JPG,5
images/065A08.JPG,8
images/016A17.JPG,17
images/075A06.JPG,6
images/052A10.JPG,10
images/012A23.JPG,23
images/008A35.JPG,35
images/034A02.JPG,2
images/035A08.JPG,8
images/009A22a.JPG,22
images/023A03.JPG,3
images/045A18.JPG,18
images/050A18.JPG,18
images/047A33.JPG,33
images/039A52.JPG,52
images/033A25.JPG,25
images/011A20.JPG,20
images/021A20.JPG,20
images/037A13.JPG,13
images/077A15.JPG,15
images/038A14.JPG,14
images/042A08.JPG,8
images/074A10.JPG,10
images/050A10.JPG,10
images/032A24.JPG,24
images/020A08.JPG,8
images/052A02.JPG,2
images/065A07b.JPG,7
images/054A10.JPG,10
images/016A04.JPG,4
images/011A07.JPG,7
images/037A09.JPG,9
images/009A16a.JPG,16
images/006A28.JPG,28
