images/028A46.JPG,46
images/074A10.JPG,10
images/079A07.JPG,7
images/040A03b.JPG,3
images/040A14.JPG,14
images/021A05.JPG,5
images/048A50.JPG,50
images/042A08.JPG,8
images/080A04.JPG,4
images/031A15.JPG,15
images/030A05.JPG,5
images/043A10.JPG,10
images/081A03.JPG,3
images/022A28.JPG,28
images/051A24.JPG,24
images/005A61.JPG,61
images/069A09.JPG,9
images/012A14.JPG,14
images/040A19.JPG,19
images/032A35.JPG,35
images/032A15.JPG,15
images/047A05.JPG,5
images/034A21.JPG,21
images/081A02.JPG,2
images/029A13.JPG,13
images/044A21.JPG,21
images/076A00.JPG,0
images/081A06.JPG,6
images/014A30.JPG,30
images/034A11.JPG,11
images/022A18.JPG,18
images/016A04.JPG,4
images/034A35.JPG,35
images/050A10.JPG,10
images/034A15.JPG,15
images/034A44.JPG,44
images/012A24.JPG,24
images/031A06.JPG,6
images/051A08.JPG,8
images/064A04.JPG,4
images/035A05.JPG,5
images/022A30.JPG,30
images/048A30.JPG,30
images/041A04.JPG,4
images/081A11.JPG,11
images/038A04.JPG,4
images/012A36.JPG,36
images/060A08.JPG,8
images/040A10.JPG,10
images/075A08.JPG,8
images/014A14.JPG,14
images/018A18.JPG,18
images/049A17.JPG,17
images/051A17.JPG,17
images/037A00.JPG,0
images/034A04.JPG,4
images/030A16.JPG,16
images/009A22a.JPG,22
images/064A01.JPG,1
images/036A05.JPG,5
images/059A06.JPG,6
images/071A42.JPG,42
images/069A07.JPG,7
images/018A11.JPG,11
images/005A49.JPG,49
images/042A18.JPG,18
images/060A04.JPG,4
images/069A13.JPG,13
images/026A18.JPG,18
images/041A24.JPG,24
images/077A03.JPG,3
images/071A43.JPG,43
images/036A15.JPG,15
images/016A05.JPG,5
images/016A18.JPG,18
images/063A18.JPG,18
images/018A29.JPG,29
images/037A19.JPG,19
images/026A13.JPG,13
images/081A07.JPG,7
images/048A11.JPG,11
images/051A12.JPG,12
images/047A27.JPG,27
images/009A01.JPG,1
images/040A02.JPG,2
images/063A04.JPG,4
images/079A09.JPG,9
images/079A13.JPG,13
images/053A18.JPG,18
images/080A14.JPG,14
images/029A20.JPG,20
images/031A03.JPG,3
images/047A23.JPG,23
images/049A15.JPG,15
images/076A03.JPG,3
images/043A03.JPG,3
images/038A17.JPG,17
images/042A20.JPG,20
images/015A01.JPG,1
images/047A55.JPG,55
images/079A02.JPG,2
images/079A06.JPG,6
images/059A16.JPG,16
images/039A13.JPG,13
images/051A00.JPG,0
images/073A06.JPG,6
images/031A07.JPG,7
images/070A06.JPG,6
images/061A18.JPG,18
images/079A11.JPG,11
images/074A13.JPG,13
images/076A14.JPG,14
images/031A00.JPG,0
images/026A06.JPG,6
images/043A05.JPG,5
images/012A25.JPG,25
images/041A00.JPG,0
images/080A12.JPG,12
images/044A03.JPG,3
images/015A19.JPG,19
images/022A20.JPG,20
images/079A05.JPG,5
images/052A19.JPG,19
images/008A12.JPG,12
images/035A12.JPG,12
images/031A11.JPG,11
images/016A03.JPG,3
images/061A19.JPG,19
images/008A29.JPG,29
images/048A46.JPG,46
images/012A26.JPG,26
images/064A19.JPG,19
images/061A07.JPG,7
images/040A03a.JPG,3
images/080A03.JPG,3
images/053A03.JPG,3
images/071A23.JPG,23
images/030A00.JPG,0
images/059A14.JPG,14
images/039A05.JPG,5
images/036A20.JPG,20
images/079A10.JPG,10
images/028A18.JPG,18
images/048A33.JPG,33
images/077A04.JPG,4
images/035A23b.JPG,23
images/080A02.JPG,2
images/048A16.JPG,16
images/037A01.JPG,1
images/029A29.JPG,29
images/079A12.JPG,12
images/074A07.JPG,7
images/069A10.JPG,10
images/033A05.JPG,5
images/068A03.JPG,3
images/075A10.JPG,10
images/061A32.JPG,32
images/068A11.JPG,11
images/016A12.JPG,12
images/081A01.JPG,1
images/073A11.JPG,11
images/031A16.JPG,16
images/074A08.JPG,8
images/073A15.JPG,15
images/044A05.JPG,5
images/032A28.JPG,28
images/005A24.JPG,24
images/009A09.JPG,9
images/070A07.JPG,7
images/042A04.JPG,4
images/029A33.JPG,33
images/037A06.JPG,6
images/073A02.JPG,2
images/008A13.JPG,13
images/068A13.JPG,13
images/076A05.JPG,5
images/009A00.JPG,0
images/070A14.JPG,14
images/067A14.JPG,14
images/047A15.JPG,15
images/038A00.JPG,0
images/034A16.JPG,16
images/069A05.JPG,5
images/073A08.JPG,8
images/021A23.JPG,23
images/071A27.JPG,27
images/071A44.JPG,44
images/022A23.JPG,23
images/076A01.JPG,1
images/012A27.JPG,27
images/075A02.JPG,2
images/075A00.JPG,0
images/061A15.JPG,15
images/071A40.JPG,40
images/018A28.JPG,28
images/021A16.JPG,16
images/008A21.JPG,21
images/059A07.JPG,7
images/070A01.JPG,1
images/008A17.JPG,17
images/016A01.JPG,1
images/048A54.JPG,54
images/033A44.JPG,44
images/029A01.JPG,1
images/028A26.JPG,26
images/034A30.JPG,30
images/043A04.JPG,4
images/012A07.JPG,7
images/060A20.JPG,20
images/053A02.JPG,2
images/037A09.JPG,9
images/080A08.JPG,8
images/026A15.JPG,15
images/031A14.JPG,14
images/069A06.JPG,6
images/009A11.JPG,11
images/071A10.JPG,10
images/081A05.JPG,5
images/049A08.JPG,8
images/050A03.JPG,3
images/068A10b.JPG,10
images/016A14.JPG,14
images/063A09.JPG,9
images/038A01.JPG,1
images/064A10.JPG,10
images/029A22.JPG,22
images/047A11.JPG,11
images/076A06.JPG,6
images/029A05.JPG,5
images/039A45.JPG,45
images/033A02.JPG,2
images/028A16.JPG,16
images/047A06.JPG,6
images/050A16.JPG,16
images/053A01.JPG,1
images/049A10.JPG,10
images/080A01.JPG,1
images/014A03.JPG,3
images/038A08.JPG,8
images/068A09.JPG,9
images/033A25.JPG,25
images/081A04.JPG,4
images/032A18.JPG,18
images/036A11.JPG,11
images/008A06.JPG,6
images/061A30.JPG,30
images/061A29.JPG,29
images/022A00.JPG,0
images/021A27.JPG,27
images/043A13.JPG,13
images/074A14.JPG,14
images/008A31.JPG,31
images/040A05.JPG,5
images/070A02.JPG,2
images/009A14.JPG,14
images/014A40.JPG,40
images/053A15.JPG,15
images/081A12.JPG,12
images/021A35.JPG,35
images/075A07.JPG,7
images/029A04.JPG,4
images/021A06.JPG,6
images/073A07.JPG,7
images/077A07.JPG,7
images/049A06.JPG,6
images/076A04.JPG,4
images/038A13.JPG,13
images/074A01.JPG,1
images/014A18.JPG,18
images/033A39.JPG,39
images/053A10.JPG,10
images/014A12.JPG,12
images/052A14.JPG,14
images/076A17.JPG,17
images/005A35.JPG,35
images/031A09.JPG,9
images/043A23.JPG,23
images/008A33.JPG,33
images/052A13.JPG,13
images/074A03.JPG,3
images/035A08.JPG,8
images/034A02.JPG,2
images/035A16.JPG,16
images/051A16.JPG,16
images/068A04.JPG,4
images/015A10.JPG,10
images/059A12.JPG,12
images/009A16b.JPG,16
images/070A08.JPG,8
images/074A02.JPG,2
images/036A17.JPG,17
images/015A03.JPG,3
images/026A02.JPG,2
images/031A19.JPG,19
images/063A20.JPG,20
images/069A02.JPG,2
images/077A10.JPG,10
images/071A18.JPG,18
images/042A12.JPG,12
images/071A24.JPG,24
images/070A05.JPG,5
images/035A01.JPG,1
images/070A12.JPG,12
images/076A12.JPG,12
images/032A06.JPG,6
images/016A10.JPG,10
images/067A39.JPG,39
images/038A05.JPG,5
images/051A14.JPG,14
images/035A23a.JPG,23
images/043A27.JPG,27
images/009A18.JPG,18
images/077A06.JPG,6
images/068A10a.JPG,10
images/012A12.JPG,12
images/069A03.JPG,3
images/052A04.JPG,4
images/076A02.JPG,2
images/044A17.JPG,17
images/053A00.JPG,0
images/074A00.JPG,0
images/041A02.JPG,2
images/050A06.JPG,6
images/047A13.JPG,13
images/018A25.JPG,25
images/060A07.JPG,7
images/015A15.JPG,15
images/018A33.JPG,33
images/080A00.JPG,0
images/070A03.JPG,3
images/069A00.JPG,0
images/047A09.JPG,9
images/041A21.JPG,21
images/079A03.JPG,3
images/076A09.JPG,9
images/018A16.JPG,16
images/022A11.JPG,11
images/063A22.JPG,22
images/012A30.JPG,30
images/014A36.JPG,36
images/021A18.JPG,18
images/076A16.JPG,16
images/034A25.JPG,25
images/047A33.JPG,33
images/030A26.JPG,26
images/012A32.JPG,32
images/026A19.JPG,19
images/069A11.JPG,11
images/018A22.JPG,22
images/053A08.JPG,8
images/032A24.JPG,24
images/042A10.JPG,10
images/008A08.JPG,8
images/039A02.JPG,2
images/080A07.JPG,7
images/060A02.JPG,2
images/063A00.JPG,0
images/049A05.JPG,5
images/044A13.JPG,13
images/059A02a.JPG,2
images/014A42.JPG,42
images/048A00.JPG,0
images/031A02.JPG,2
images/073A01.JPG,1
images/052A20.JPG,20
images/071A22.JPG,22
images/060A12.JPG,12
images/077A02.JPG,2
images/042A00.JPG,0
images/012A04.JPG,4
images/005A18.JPG,18
images/039A07.JPG,7
images/079A00.JPG,0
images/032A13.JPG,13
images/073A03.JPG,3
images/031A12.JPG,12
images/039A50.JPG,50
images/037A04.JPG,4
images/032A10.JPG,10
images/074A12.JPG,12
images/028A35.JPG,35
images/038A23.JPG,23
images/032A20.JPG,20
images/016A19.JPG,19
images/068A12.JPG,12
images/039A17.JPG,17
images/077A16.JPG,16
images/035A21.JPG,21
images/015A04.JPG,4
images/061A26.JPG,26
images/048A17.JPG,17
images/041A20.JPG,20
images/035A00.JPG,0
images/047A12.JPG,12
images/028A28.JPG,28
images/022A26.JPG,26
images/061A10.JPG,10
images/068A00.JPG,0
images/038A10.JPG,10
images/021A20.JPG,20
images/051A02.JPG,2
images/008A30.JPG,30
images/036A00.JPG,0
images/015A17.JPG,17
images/041A06.JPG,6
images/008A35.JPG,35
images/015A00.JPG,0
images/022A16.JPG,16
images/022A14.JPG,14
images/079A08.JPG,8
images/068A14.JPG,14
images/059A04.JPG,4
images/073A16.JPG,16
images/043A19.JPG,19
images/033A10.JPG,10
images/035A14.JPG,14
images/077A11.JPG,11
images/077A13.JPG,13
images/048A52.JPG,52
images/050A00.JPG,0
images/060A19.JPG,19
images/030A18.JPG,18
images/061A04.JPG,4
images/042A28.JPG,28
images/077A08.JPG,8
images/071A35.JPG,35
images/040A21.JPG,21
images/074A05.JPG,5
images/080A06.JPG,6
images/048A18.JPG,18
images/079A04.JPG,4
images/073A05.JPG,5
images/008A18.JPG,18
images/077A00.JPG,0
images/043A17.JPG,17
images/015A07.JPG,7
images/037A17.JPG,17
images/067A04.JPG,4
images/033A30.JPG,30
images/067A30.JPG,30
images/060A05.JPG,5
images/040A00.JPG,0
images/073A13.JPG,13
images/026A11.JPG,11
images/060A06.JPG,6
images/048A49.JPG,49
images/037A02.JPG,2
images/048A15.JPG,15
images/049A12.JPG,12
images/040A07.JPG,7
images/032A33.JPG,33
images/052A02.JPG,2
images/009A05.JPG,5
images/067A28.JPG,28
images/052A17.JPG,17
images/015A14.JPG,14
images/008A16.JPG,16
images/028A20.JPG,20
images/070A09.JPG,9
images/038A03.JPG,3
images/075A03.JPG,3
images/076A07.JPG,7
images/012A18.JPG,18
images/036A13.JPG,13
images/029A11.JPG,11
images/076A11.JPG,11
images/030A20.JPG,20
images/036A18.JPG,18
images/043A15.JPG,15
images/030A04.JPG,4
images/044A07.JPG,7
images/035A03.JPG,3
images/009A13.JPG,13
images/073A00.JPG,0
images/036A03.JPG,3
images/033A21.JPG,21
images/051A18.JPG,18
images/077A01.JPG,1
images/063A25.JPG,25
images/035A09.JPG,9
images/049A07.JPG,7
images/041A19.JPG,19
images/076A08.JPG,8
images/030A10.JPG,10
images/028A34.JPG,34
images/076A15.JPG,15
images/053A06.JPG,6
images/040A09.JPG,9
images/014A16.JPG,16
images/081A00.JPG,0
images/030A23.JPG,23
images/067A23.JPG,23
images/018A36.JPG,36
images/063A02.JPG,2
images/080A10.JPG,10
images/028A41.JPG,41
images/009A16a.JPG,16
images/026A07.JPG,7
images/053A11.JPG,11
images/033A35.JPG,35
images/074A11.JPG,11
images/075A11.JPG,11
images/063A33.JPG,33
images/005A31.JPG,31
images/074A04.JPG,4
images/028A37.JPG,37
images/060A17.JPG,17
images/067A17.JPG,17
images/029A23.JPG,23
images/021A11.JPG,11
images/053A13.JPG,13
images/074A15.JPG,15
images/052A10.JPG,10
images/076A10.JPG,10
images/067A33.JPG,33
images/052A18.JPG,18
images/038A34.JPG,34
images/059A02b.JPG,2
images/074A09.JPG,9
images/035A18.JPG,18
images/075A01.JPG,1
images/044A18.JPG,18
images/021A03.JPG,3
images/018A06.JPG,6
images/026A17.JPG,17
images/038A14.JPG,14
images/060A11.JPG,11
images/042A06.JPG,6
images/005A30.JPG,30
images/075A06.JPG,6
images/037A13.JPG,13
images/080A13.JPG,13
images/044A25.JPG,25
images/040A16.JPG,16
images/021A39.JPG,39
images/005A40.JPG,40
images/042A05.JPG,5
images/044A15.JPG,15
images/037A18.JPG,18
images/069A04.JPG,4
images/009A03.JPG,3
images/061A25.JPG,25
images/059A03.JPG,3
images/039A10.JPG,10
images/015A12.JPG,12
images/022A27.JPG,27
images/032A08.JPG,8
images/041A09.JPG,9
images/039A11.JPG,11
images/071A45.JPG,45
images/037A11.JPG,11
images/074A06.JPG,6
images/073A12.JPG,12
images/005A48.JPG,48
images/035A07.JPG,7
images/032A40.JPG,40
images/049A16.JPG,16
images/042A14.JPG,14
images/048A10.JPG,10
images/005A45.JPG,45
images/008A41.JPG,41
images/073A04.JPG,4
images/052A16.JPG,16
images/047A18.JPG,18
images/052A07.JPG,7
images/009A22b.JPG,22
images/048A27.JPG,27
images/061A17.JPG,17
images/040A12.JPG,12
images/053A12.JPG,12
images/064A03.JPG,3
images/053A04.JPG,4
images/070A00.JPG,0
images/039A15.JPG,15
images/029A16.JPG,16
images/029A10.JPG,10
images/039A35.JPG,35
images/049A04.JPG,4
images/031A04.JPG,4
images/016A07.JPG,7
images/063A08.JPG,8
images/071A00.JPG,0
images/050A14.JPG,14
images/022A07.JPG,7
images/067A21.JPG,21
images/038A11.JPG,11
images/044A01.JPG,1
images/077A09.JPG,9
images/081A08.JPG,8
images/037A08.JPG,8
images/018A34.JPG,34
images/042A01.JPG,1
images/076A13.JPG,13
images/043A00.JPG,0
images/080A05.JPG,5
images/036A06.JPG,6
images/050A18.JPG,18
images/034A13.JPG,13
images/021A30.JPG,30
images/077A15.JPG,15
images/016A08.JPG,8
images/061A06.JPG,6
images/030A17.JPG,17
images/064A15.JPG,15
images/073A14.JPG,14
images/048A09.JPG,9
images/028A14.JPG,14
images/040A06.JPG,6
images/047A20.JPG,20
images/060A10.JPG,10
images/075A05.JPG,5
images/036A19.JPG,19
images/039A19.JPG,19
images/041A13.JPG,13
images/015A09.JPG,9
images/030A07.JPG,7
images/016A17.JPG,17
images/012A21.JPG,21
images/012A23.JPG,23
images/008A03.JPG,3
images/034A39.JPG,39
images/036A08.JPG,8
images/077A14.JPG,14
images/051A05.JPG,5
images/067A26.JPG,26
images/033A18.JPG,18
images/005A52.JPG,52
images/073A09.JPG,9
images/036A01.JPG,1
images/015A05.JPG,5
images/042A24.JPG,24
images/047A45.JPG,45
images/034A18.JPG,18
images/079A01.JPG,1
images/014A22.JPG,22
images/012A34.JPG,34
images/080A09.JPG,9
images/022A25.JPG,25
images/039A16.JPG,16
images/050A22.JPG,22
images/016A16.JPG,16
images/033A14.JPG,14
images/077A12.JPG,12
images/026A00.JPG,0
images/038A21.JPG,21
images/026A04.JPG,4
images/051A15.JPG,15
images/029A31.JPG,31
images/039A52.JPG,52
images/081A10.JPG,10
