images/027A30.JPG,30
images/075A08.JPG,8
images/080A06.JPG,6
images/035A23b.JPG,23
images/016A14.JPG,14
images/051A02.JPG,2
images/060A10.JPG,10
images/023A00.JPG,0
images/054A10.JPG,10
images/049A08.JPG,8
images/018A34.JPG,34
images/002A38.JPG,38
images/019A05.JPG,5
images/052A19.JPG,19
images/062A47.JPG,47
images/053A10.JPG,10
images/051A12.JPG,12
images/033A14.JPG,14
images/080A09.JPG,9
images/028A41.JPG,41
images/006A28.JPG,28
images/034A13.JPG,13
images/053A15.JPG,15
images/019A07.JPG,7
images/010A07b.JPG,7
images/037A13.JPG,13
images/023A21.JPG,21
images/037A08.JPG,8
images/054A16.JPG,16
images/016A17.JPG,17
images/054A18.JPG,18
images/027A18.JPG,18
images/036A18.JPG,18
images/021A20.JPG,20
images/081A00.JPG,0
images/037A01.JPG,1
images/062A38.JPG,38
images/066A02b.JPG,2
images/081A11.JPG,11
images/038A01.JPG,1
images/017A12.JPG,12
images/070A07.JPG,7
images/070A02.JPG,2
images/016A04.JPG,4
images/004A51.JPG,51
images/063A02.JPG,2
images/031A11.JPG,11
images/068A12.JPG,12
images/008A17.JPG,17
images/070A14.JPG,14
images/040A10.JPG,10
images/031A07.JPG,7
images/066A08.JPG,8
images/045A28.JPG,28
images/076A05.JPG,5
images/027A16.JPG,16
images/036A06.JPG,6
images/082A25.JPG,25
images/035A03.JPG,3
images/033A35.JPG,35
images/018A36.JPG,36
images/008A13.JPG,13
images/042A14.JPG,14
images/008A21.JPG,21
images/005A49.JPG,49
images/005A61.JPG,61
images/042A20.JPG,20
images/035A14.JPG,14
images/021A03.JPG,3
images/035A00.JPG,0
images/082A20.JPG,20
images/053A13.JPG,13
images/042A05.JPG,5
images/021A06.JPG,6
images/028A37.JPG,37
images/076A11.JPG,11
images/010A18.JPG,18
images/008A41.JPG,41
images/068A10a.JPG,10
images/050A10.JPG,10
images/076A01.JPG,1
images/036A08.JPG,8
images/068A13.JPG,13
images/014A36.JPG,36
images/018A06.JPG,6
images/052A14.JPG,14
images/028A34.JPG,34
images/057A16.JPG,16
images/053A04.JPG,4
images/054A11.JPG,11
images/046A12.JPG,12
images/034A18.JPG,18
images/002A23.JPG,23
images/054A00.JPG,0
images/071A23.JPG,23
images/060A04.JPG,4
images/021A30.JPG,30
images/054A02.JPG,2
images/057A07.JPG,7
images/033A05.JPG,5
images/019A27.JPG,27
images/071A22.JPG,22
images/082A03.JPG,3
images/037A02.JPG,2
images/067A39.JPG,39
images/060A17.JPG,17
images/057A12.JPG,12
images/060A12.JPG,12
images/041A09.JPG,9
images/028A35.JPG,35
images/008A31.JPG,31
images/030A04.JPG,4
images/068A03.JPG,3
images/035A21.JPG,21
images/008A35.JPG,35
images/023A03.JPG,3
images/041A02.JPG,2
images/008A18.JPG,18
images/006A69.JPG,69
images/076A16.JPG,16
images/034A44.JPG,44
images/038A04.JPG,4
images/055A06.JPG,6
images/030A20.JPG,20
images/037A04.JPG,4
images/037A19.JPG,19
images/080A00.JPG,0
images/026A06.JPG,6
images/049A12.JPG,12
images/028A46.JPG,46
images/020A13.JPG,13
images/055A14.JPG,14
images/030A17.JPG,17
images/017A36.JPG,36
images/020A24.JPG,24
images/040A16.JPG,16
images/051A18.JPG,18
images/060A20.JPG,20
images/057A00.JPG,0
images/071A40.JPG,40
images/052A10.JPG,10
images/002A04.JPG,4
images/034A35.JPG,35
images/062A03.JPG,3
images/020A20.JPG,20
images/046A20.JPG,20
images/081A01.JPG,1
images/063A08.JPG,8
images/017A15.JPG,15
images/030A10.JPG,10
images/053A18.JPG,18
images/018A25.JPG,25
images/081A04.JPG,4
images/058A04.JPG,4
images/041A04.JPG,4
images/080A08.JPG,8
images/054A09.JPG,9
images/070A08.JPG,8
images/040A03b.JPG,3
images/070A00.JPG,0
images/006A31.JPG,31
images/066A06a.JPG,6
images/036A05.JPG,5
images/027A22.JPG,22
images/038A13.JPG,13
images/080A01.JPG,1
images/040A06.JPG,6
images/067A33.JPG,33
images/018A22.JPG,22
images/031A09.JPG,9
images/067A04.JPG,4
images/006A40.JPG,40
images/049A06.JPG,6
images/023A22.JPG,22
images/071A10.JPG,10
images/067A14.JPG,14
images/009A16b.JPG,16
images/016A07.JPG,7
images/041A20.JPG,20
images/008A16.JPG,16
images/023A29.JPG,29
images/076A07.JPG,7
images/051A17.JPG,17
images/076A02.JPG,2
images/009A18.JPG,18
images/034A30.JPG,30
images/026A02.JPG,2
images/041A13.JPG,13
images/081A12.JPG,12
images/004A37.JPG,37
images/028A20.JPG,20
images/046A04.JPG,4
images/071A43.JPG,43
images/051A24.JPG,24
images/023A18.JPG,18
images/038A14.JPG,14
images/034A39.JPG,39
images/053A08.JPG,8
images/054A04.JPG,4
images/041A06.JPG,6
images/009A22b.JPG,22
images/037A11.JPG,11
images/045A12.JPG,12
images/071A45.JPG,45
images/058A17.JPG,17
images/037A06.JPG,6
images/005A40.JPG,40
images/070A09.JPG,9
images/016A03.JPG,3
images/051A14.JPG,14
images/075A05.JPG,5
images/040A05.JPG,5
images/009A22a.JPG,22
images/027A25.JPG,25
images/034A16.JPG,16
images/049A10.JPG,10
images/026A11.JPG,11
images/002A29.JPG,29
images/051A05.JPG,5
images/027A13.JPG,13
images/006A36.JPG,36
images/034A25.JPG,25
images/031A14.JPG,14
images/040A14.JPG,14
images/017A07.JPG,7
images/076A03.JPG,3
images/004A48.JPG,48
images/030A26.JPG,26
images/009A11.JPG,11
images/045A08.JPG,8
images/038A17.JPG,17
images/082A21.JPG,21
images/005A52.JPG,52
images/068A14.JPG,14
images/006A55.JPG,55
images/052A13.JPG,13
images/063A18.JPG,18
images/049A05.JPG,5
images/030A05.JPG,5
images/034A02.JPG,2
images/050A00.JPG,0
images/036A00.JPG,0
images/070A01.JPG,1
images/052A17.JPG,17
images/062A30.JPG,30
images/075A03.JPG,3
images/010A10.JPG,10
images/023A05.JPG,5
images/020A16.JPG,16
images/006A61.JPG,61
images/060A07.JPG,7
images/038A05.JPG,5
images/008A29.JPG,29
images/026A04.JPG,4
images/076A00.JPG,0
images/002A05.JPG,5
images/040A09.JPG,9
images/045A18.JPG,18
images/033A18.JPG,18
images/067A23.JPG,23
images/014A42.JPG,42
images/027A11.JPG,11
images/081A02.JPG,2
images/062A45.JPG,45
images/005A35.JPG,35
images/062A15.JPG,15
images/076A09.JPG,9
images/019A03.JPG,3
images/042A10.JPG,10
images/062A53.JPG,53
images/035A05.JPG,5
images/021A05.JPG,5
images/036A19.JPG,19
images/030A00.JPG,0
images/052A20.JPG,20
images/081A06.JPG,6
images/040A03a.JPG,3
images/062A35.JPG,35
images/060A11.JPG,11
images/016A10.JPG,10
images/057A23.JPG,23
images/017A42.JPG,42
images/075A02.JPG,2
images/021A16.JPG,16
images/020A04.JPG,4
images/051A08.JPG,8
images/068A10b.JPG,10
images/005A18.JPG,18
images/028A14.JPG,14
images/014A22.JPG,22
images/066A11.JPG,11
images/018A18.JPG,18
images/063A33.JPG,33
images/081A10.JPG,10
images/046A10.JPG,10
images/058A06.JPG,6
images/057A06.JPG,6
images/035A18.JPG,18
images/080A04.JPG,4
images/036A01.JPG,1
images/035A08.JPG,8
images/055A05.JPG,5
images/014A30.JPG,30
images/004A19.JPG,19
images/018A29.JPG,29
images/034A11.JPG,11
images/005A24.JPG,24
images/045A40.JPG,40
images/017A22.JPG,22
images/005A30.JPG,30
images/049A17.JPG,17
images/042A18.JPG,18
images/037A18.JPG,18
images/009A05.JPG,5
images/057A17.JPG,17
images/051A00.JPG,0
images/081A07.JPG,7
images/002A18.JPG,18
images/004A62.JPG,62
images/049A16.JPG,16
images/066A10.JPG,10
images/027A02.JPG,2
images/038A03.JPG,3
images/060A19.JPG,19
images/081A03.JPG,3
images/017A17.JPG,17
images/080A14.JPG,14
images/017A26.JPG,26
images/016A12.JPG,12
images/058A02.JPG,2
images/054A13.JPG,13
images/066A04.JPG,4
images/008A12.JPG,12
images/005A45.JPG,45
images/020A30.JPG,30
images/080A02.JPG,2
images/002A26.JPG,26
images/052A16.JPG,16
images/006A24.JPG,24
images/016A08.JPG,8
images/031A15.JPG,15
images/031A19.JPG,19
images/042A01.JPG,1
images/076A10.JPG,10
images/014A40.JPG,40
images/004A28.JPG,28
images/033A02.JPG,2
images/071A42.JPG,42
images/036A03.JPG,3
images/050A22.JPG,22
images/063A25.JPG,25
images/027A36.JPG,36
images/052A02.JPG,2
images/031A06.JPG,6
images/016A01.JPG,1
images/054A12.JPG,12
images/046A16.JPG,16
images/066A06b.JPG,6
images/010A16.JPG,16
images/009A14.JPG,14
images/019A00.JPG,0
images/004A53.JPG,53
images/046A17.JPG,17
images/028A28.JPG,28
images/045A03.JPG,3
images/076A12.JPG,12
images/019A12.JPG,12
images/014A18.JPG,18
images/036A13.JPG,13
images/045A25.JPG,25
images/057A25.JPG,25
images/031A02.JPG,2
images/038A00.JPG,0
images/053A02.JPG,2
images/021A35.JPG,35
images/038A34.JPG,34
images/023A14.JPG,14
images/070A05.JPG,5
images/063A20.JPG,20
images/045A19.JPG,19
images/026A18.JPG,18
images/071A00.JPG,0
images/040A00.JPG,0
images/046A01.JPG,1
images/040A21.JPG,21
images/008A08.JPG,8
images/016A16.JPG,16
images/016A05.JPG,5
images/021A39.JPG,39
images/014A14.JPG,14
images/067A30.JPG,30
images/017A38.JPG,38
images/067A21.JPG,21
images/049A15.JPG,15
images/071A24.JPG,24
images/030A23.JPG,23
images/019A23.JPG,23
images/038A11.JPG,11
images/050A03.JPG,3
images/054A17.JPG,17
images/053A12.JPG,12
images/017A19.JPG,19
images/020A22.JPG,22
images/066A00.JPG,0
images/075A01.JPG,1
images/040A02.JPG,2
images/046A14.JPG,14
images/033A25.JPG,25
images/046A06.JPG,6
images/036A11.JPG,11
images/006A67.JPG,67
images/020A11.JPG,11
images/021A11.JPG,11
images/036A15.JPG,15
images/027A20.JPG,20
images/035A16.JPG,16
images/002A03.JPG,3
images/040A12.JPG,12
images/004A30.JPG,30
images/014A03.JPG,3
images/009A09.JPG,9
images/082A18.JPG,18
images/030A07.JPG,7
images/019A18.JPG,18
images/080A10.JPG,10
images/037A17.JPG,17
images/050A14.JPG,14
images/055A22.JPG,22
images/082A00.JPG,0
images/063A09.JPG,9
images/045A06.JPG,6
images/002A21.JPG,21
images/075A10.JPG,10
images/017A32.JPG,32
images/049A07.JPG,7
images/062A54.JPG,54
images/035A01.JPG,1
images/033A21.JPG,21
images/050A06.JPG,6
images/006A51.JPG,51
images/070A12.JPG,12
images/049A04.JPG,4
images/058A01.JPG,1
images/042A08.JPG,8
images/075A06.JPG,6
images/023A16.JPG,16
images/070A03.JPG,3
images/054A19.JPG,19
images/005A31.JPG,31
images/008A30.JPG,30
images/080A05.JPG,5
images/062A41.JPG,41
images/010A09.JPG,9
images/066A07.JPG,7
images/060A05.JPG,5
images/060A06.JPG,6
images/019A30.JPG,30
images/068A11.JPG,11
images/034A21.JPG,21
images/042A00.JPG,0
images/035A09.JPG,9
images/010A07a.JPG,7
images/009A03.JPG,3
images/053A03.JPG,3
images/030A18.JPG,18
images/028A26.JPG,26
images/010A12.JPG,12
images/067A26.JPG,26
images/021A27.JPG,27
images/062A18.JPG,18
images/063A04.JPG,4
images/026A19.JPG,19
images/002A31.JPG,31
images/036A17.JPG,17
images/052A18.JPG,18
images/033A39.JPG,39
images/004A21.JPG,21
images/068A04.JPG,4
images/026A00.JPG,0
images/076A15.JPG,15
images/009A13.JPG,13
images/026A15.JPG,15
images/020A36.JPG,36
images/067A28.JPG,28
images/046A02.JPG,2
images/041A00.JPG,0
images/080A03.JPG,3
images/014A12.JPG,12
images/008A06.JPG,6
images/010A04.JPG,4
images/034A04.JPG,4
images/045A43.JPG,43
images/058A15.JPG,15
images/026A07.JPG,7
images/041A24.JPG,24
images/021A18.JPG,18
images/020A18.JPG,18
images/066A09.JPG,9
images/018A28.JPG,28
images/066A02a.JPG,2
images/031A04.JPG,4
images/055A23.JPG,23
images/035A23a.JPG,23
images/058A13.JPG,13
images/026A13.JPG,13
images/045A17.JPG,17
images/016A18.JPG,18
images/070A06.JPG,6
images/014A16.JPG,16
images/055A08.JPG,8
images/002A07.JPG,7
images/050A18.JPG,18
images/082A27.JPG,27
images/071A27.JPG,27
images/053A11.JPG,11
images/075A00.JPG,0
images/071A44.JPG,44
images/076A08.JPG,8
images/060A02.JPG,2
images/053A06.JPG,6
images/010A06.JPG,6
images/076A17.JPG,17
images/082A16.JPG,16
images/055A12.JPG,12
images/010A01.JPG,1
images/054A06.JPG,6
images/026A17.JPG,17
images/068A09.JPG,9
images/046A08.JPG,8
images/002A36.JPG,36
images/004A63.JPG,63
images/008A03.JPG,3
images/002A12.JPG,12
images/060A08.JPG,8
images/042A24.JPG,24
images/075A11.JPG,11
images/082A22.JPG,22
images/058A00.JPG,0
images/002A15.JPG,15
images/071A35.JPG,35
images/002A20.JPG,20
images/081A08.JPG,8
images/023A09.JPG,9
images/023A07.JPG,7
images/020A02.JPG,2
images/006A46.JPG,46
images/053A00.JPG,0
images/018A33.JPG,33
images/053A01.JPG,1
images/019A15.JPG,15
images/062A16.JPG,16
images/046A00.JPG,0
images/002A16.JPG,16
images/010A15.JPG,15
images/076A04.JPG,4
images/045A32.JPG,32
images/020A26.JPG,26
images/006A42.JPG,42
images/052A07.JPG,7
images/057A18.JPG,18
images/082A23.JPG,23
images/009A00.JPG,0
images/018A11.JPG,11
images/040A07.JPG,7
images/021A23.JPG,23
images/050A16.JPG,16
images/080A07.JPG,7
images/063A00.JPG,0
images/031A16.JPG,16
images/036A20.JPG,20
images/075A07.JPG,7
images/035A07.JPG,7
images/005A48.JPG,48
images/037A09.JPG,9
images/076A13.JPG,13
images/033A30.JPG,30
images/004A26.JPG,26
images/052A04.JPG,4
images/055A04.JPG,4
images/080A12.JPG,12
images/030A16.JPG,16
images/038A08.JPG,8
images/042A04.JPG,4
images/038A21.JPG,21
images/041A21.JPG,21
images/031A12.JPG,12
images/033A10.JPG,10
images/018A16.JPG,16
images/027A41.JPG,41
images/017A05.JPG,5
images/041A19.JPG,19
images/028A16.JPG,16
images/042A12.JPG,12
images/058A05.JPG,5
images/067A17.JPG,17
images/009A01.JPG,1
images/040A19.JPG,19
images/028A18.JPG,18
images/082A31.JPG,31
images/058A03.JPG,3
images/045A48.JPG,48
images/017A29.JPG,29
images/042A06.JPG,6
images/063A22.JPG,22
images/023A25.JPG,25
images/080A13.JPG,13
images/058A10.JPG,10
images/034A15.JPG,15
images/008A33.JPG,33
images/033A44.JPG,44
images/004A40.JPG,40
images/051A16.JPG,16
images/010A05.JPG,5
images/068A00.JPG,0
images/020A08.JPG,8
images/071A18.JPG,18
images/057A05.JPG,5
images/038A23.JPG,23
images/076A06.JPG,6
images/081A05.JPG,5
images/042A28.JPG,28
images/076A14.JPG,14
images/046A18.JPG,18
images/009A16a.JPG,16
images/037A00.JPG,0
images/031A03.JPG,3
images/035A12.JPG,12
images/016A19.JPG,19
images/038A10.JPG,10
images/051A15.JPG,15
images/066A03.JPG,3
images/031A00.JPG,0
