images/022A25.JPG,25
images/020A20.JPG,20
images/063A25.JPG,25
images/022A18.JPG,18
images/010A06.JPG,6
images/017A42.JPG,42
images/040A00.JPG,0
images/080A04.JPG,4
images/026A00.JPG,0
images/046A12.JPG,12
images/082A16.JPG,16
images/060A12.JPG,12
images/043A05.JPG,5
images/035A16.JPG,16
images/082A25.JPG,25
images/043A15.JPG,15
images/018A34.JPG,34
images/024A30.JPG,30
images/069A11.JPG,11
images/013A19.JPG,19
images/043A10.JPG,10
images/069A07.JPG,7
images/027A11.JPG,11
images/026A04.JPG,4
images/078A09.JPG,9
images/073A04.JPG,4
images/029A20.JPG,20
images/048A18.JPG,18
images/031A00.JPG,0
images/029A33.JPG,33
images/039A05.JPG,5
images/061A25.JPG,25
images/033A39.JPG,39
images/049A07.JPG,7
images/023A05.JPG,5
images/075A11.JPG,11
images/068A00.JPG,0
images/060A11.JPG,11
images/068A12.JPG,12
images/048A30.JPG,30
images/078A07.JPG,7
images/078A04.JPG,4
images/001A43a.JPG,43
images/006A46.JPG,46
images/060A05.JPG,5
images/023A03.JPG,3
images/073A06.JPG,6
images/075A02.JPG,2
images/082A20.JPG,20
images/060A10.JPG,10
images/043A27.JPG,27
images/073A05.JPG,5
images/010A18.JPG,18
images/001A14.JPG,14
images/043A23.JPG,23
images/017A05.JPG,5
images/049A15.JPG,15
images/009A16b.JPG,16
images/048A09.JPG,9
images/026A15.JPG,15
images/018A22.JPG,22
images/067A17.JPG,17
images/060A20.JPG,20
images/055A23.JPG,23
images/035A03.JPG,3
images/028A20.JPG,20
images/017A29.JPG,29
images/082A23.JPG,23
images/008A16.JPG,16
images/010A05.JPG,5
images/026A07.JPG,7
images/061A30.JPG,30
images/044A13.JPG,13
images/013A30.JPG,30
images/018A25.JPG,25
images/069A09.JPG,9
images/048A46.JPG,46
images/059A16.JPG,16
images/048A16.JPG,16
images/075A08.JPG,8
images/010A04.JPG,4
images/049A05.JPG,5
images/022A20.JPG,20
images/041A09.JPG,9
images/018A11.JPG,11
images/057A12.JPG,12
images/028A28.JPG,28
images/015A09.JPG,9
images/026A02.JPG,2
images/029A29.JPG,29
images/018A29.JPG,29
images/059A06.JPG,6
images/073A07.JPG,7
images/037A13.JPG,13
images/033A30.JPG,30
images/040A16.JPG,16
images/059A02b.JPG,2
images/037A11.JPG,11
images/015A04.JPG,4
images/017A17.JPG,17
images/048A27.JPG,27
images/006A40.JPG,40
images/033A05.JPG,5
images/048A11.JPG,11
images/078A12.JPG,12
images/029A23.JPG,23
images/052A17.JPG,17
images/048A49.JPG,49
images/075A06.JPG,6
images/047A06.JPG,6
images/034A02.JPG,2
images/038A05.JPG,5
images/061A19.JPG,19
images/078A03.JPG,3
images/061A07.JPG,7
images/043A13.JPG,13
images/041A02.JPG,2
images/047A20.JPG,20
images/023A22.JPG,22
images/055A08.JPG,8
images/068A09.JPG,9
images/007A23.JPG,23
images/046A01.JPG,1
images/027A36.JPG,36
images/006A55.JPG,55
images/009A22b.JPG,22
images/038A21.JPG,21
images/013A21.JPG,21
images/048A33.JPG,33
images/037A19.JPG,19
images/073A09.JPG,9
images/033A02.JPG,2
images/039A17.JPG,17
images/009A11.JPG,11
images/039A07.JPG,7
images/015A17.JPG,17
images/031A15.JPG,15
images/039A50.JPG,50
images/080A14.JPG,14
images/069A02.JPG,2
images/009A13.JPG,13
images/047A11.JPG,11
images/008A13.JPG,13
images/067A39.JPG,39
images/062A47.JPG,47
images/069A04.JPG,4
images/020A13.JPG,13
images/075A00.JPG,0
images/020A24.JPG,24
images/027A18.JPG,18
images/033A10.JPG,10
images/069A05.JPG,5
images/008A30.JPG,30
images/069A00.JPG,0
images/039A35.JPG,35
images/080A08.JPG,8
images/001A28.JPG,28
images/040A07.JPG,7
images/035A23b.JPG,23
images/048A15.JPG,15
images/061A32.JPG,32
images/029A05.JPG,5
images/023A29.JPG,29
images/034A39.JPG,39
images/057A18.JPG,18
images/013A44.JPG,44
images/073A14.JPG,14
images/024A28.JPG,28
images/022A27.JPG,27
images/024A07.JPG,7
images/052A10.JPG,10
images/070A12.JPG,12
images/078A05.JPG,5
images/057A07.JPG,7
images/020A11.JPG,11
images/031A19.JPG,19
images/023A14.JPG,14
images/008A21.JPG,21
images/027A16.JPG,16
images/082A31.JPG,31
images/007A18.JPG,18
images/080A13.JPG,13
images/031A09.JPG,9
images/040A21.JPG,21
images/026A06.JPG,6
images/041A04.JPG,4
images/049A16.JPG,16
images/048A54.JPG,54
images/070A01.JPG,1
images/049A17.JPG,17
images/034A30.JPG,30
images/062A53.JPG,53
images/068A10a.JPG,10
images/062A18.JPG,18
images/062A45.JPG,45
images/055A22.JPG,22
images/010A01.JPG,1
images/011A15.JPG,15
images/015A15.JPG,15
images/024A05.JPG,5
images/061A06.JPG,6
images/040A03b.JPG,3
images/047A05.JPG,5
images/034A15.JPG,15
images/009A16a.JPG,16
images/017A38.JPG,38
images/006A31.JPG,31
images/078A06.JPG,6
images/035A00.JPG,0
images/009A00.JPG,0
images/063A00.JPG,0
images/009A03.JPG,3
images/033A21.JPG,21
images/063A22.JPG,22
images/020A18.JPG,18
images/037A18.JPG,18
images/051A17.JPG,17
images/044A25.JPG,25
images/052A16.JPG,16
images/028A26.JPG,26
images/062A35.JPG,35
images/051A12.JPG,12
images/052A14.JPG,14
images/015A01.JPG,1
images/069A06.JPG,6
images/006A42.JPG,42
images/022A07.JPG,7
images/043A03.JPG,3
images/031A11.JPG,11
images/013A00.JPG,0
images/028A14.JPG,14
images/078A11.JPG,11
images/035A23a.JPG,23
images/013A18.JPG,18
images/038A17.JPG,17
images/051A16.JPG,16
images/061A17.JPG,17
images/014A40.JPG,40
images/023A16.JPG,16
images/011A02.JPG,2
images/027A30.JPG,30
images/027A25.JPG,25
images/034A18.JPG,18
images/023A09.JPG,9
images/047A18.JPG,18
images/020A04.JPG,4
images/073A01.JPG,1
images/052A07.JPG,7
images/035A21.JPG,21
images/014A42.JPG,42
images/022A14.JPG,14
images/008A03.JPG,3
images/044A21.JPG,21
images/051A02.JPG,2
images/070A09.JPG,9
images/073A16.JPG,16
images/007A22.JPG,22
images/043A00.JPG,0
images/060A06.JPG,6
images/008A29.JPG,29
images/029A01.JPG,1
images/035A07.JPG,7
images/051A18.JPG,18
images/047A12.JPG,12
images/044A18.JPG,18
images/044A17.JPG,17
images/047A27.JPG,27
images/051A08.JPG,8
images/026A13.JPG,13
images/029A31.JPG,31
images/038A00.JPG,0
images/034A04.JPG,4
images/067A28.JPG,28
images/017A32.JPG,32
images/063A08.JPG,8
images/068A14.JPG,14
images/047A09.JPG,9
images/073A12.JPG,12
images/029A22.JPG,22
images/052A18.JPG,18
images/007A45.JPG,45
images/018A28.JPG,28
images/001A29.JPG,29
images/038A04.JPG,4
images/075A01.JPG,1
images/031A16.JPG,16
images/068A03.JPG,3
images/027A20.JPG,20
images/011A30.JPG,30
images/052A19.JPG,19
images/080A01.JPG,1
images/061A04.JPG,4
images/051A00.JPG,0
images/011A20.JPG,20
images/068A13.JPG,13
images/026A18.JPG,18
images/059A02a.JPG,2
images/039A45.JPG,45
images/001A16.JPG,16
images/015A12.JPG,12
images/014A18.JPG,18
images/049A08.JPG,8
images/034A44.JPG,44
images/080A10.JPG,10
images/015A05.JPG,5
images/082A27.JPG,27
images/008A18.JPG,18
images/043A17.JPG,17
images/057A06.JPG,6
images/022A11.JPG,11
images/061A26.JPG,26
images/038A01.JPG,1
images/035A09.JPG,9
images/031A06.JPG,6
images/011A07.JPG,7
images/024A19.JPG,19
images/010A07a.JPG,7
images/039A02.JPG,2
images/001A05.JPG,5
images/001A08.JPG,8
images/040A12.JPG,12
images/073A08.JPG,8
images/024A18.JPG,18
images/062A16.JPG,16
images/046A08.JPG,8
images/059A14.JPG,14
images/001A43b.JPG,43
images/038A13.JPG,13
images/082A22.JPG,22
images/006A28.JPG,28
images/029A11.JPG,11
images/022A26.JPG,26
images/020A22.JPG,22
images/017A19.JPG,19
images/078A02.JPG,2
images/022A23.JPG,23
images/046A14.JPG,14
images/069A13.JPG,13
images/034A25.JPG,25
images/060A17.JPG,17
images/039A19.JPG,19
images/073A13.JPG,13
images/040A09.JPG,9
images/060A04.JPG,4
images/033A44.JPG,44
images/063A02.JPG,2
images/038A14.JPG,14
images/073A03.JPG,3
images/035A01.JPG,1
images/011A34.JPG,34
images/047A33.JPG,33
images/014A22.JPG,22
images/033A35.JPG,35
images/055A06.JPG,6
images/023A00.JPG,0
images/001A19.JPG,19
images/047A45.JPG,45
images/041A13.JPG,13
images/011A40.JPG,40
images/061A29.JPG,29
images/037A01.JPG,1
images/047A13.JPG,13
images/017A26.JPG,26
images/044A01.JPG,1
images/007A01.JPG,1
images/008A31.JPG,31
images/006A24.JPG,24
images/009A05.JPG,5
images/006A36.JPG,36
images/001A33.JPG,33
images/031A03.JPG,3
images/051A24.JPG,24
images/078A15.JPG,15
images/057A25.JPG,25
images/055A04.JPG,4
images/082A21.JPG,21
images/039A16.JPG,16
images/047A55.JPG,55
images/067A33.JPG,33
images/009A14.JPG,14
images/073A15.JPG,15
images/011A05.JPG,5
images/027A22.JPG,22
images/015A03.JPG,3
images/022A30.JPG,30
images/024A23.JPG,23
images/070A00.JPG,0
images/027A13.JPG,13
images/009A18.JPG,18
images/080A12.JPG,12
images/052A02.JPG,2
images/048A50.JPG,50
images/044A05.JPG,5
images/078A14.JPG,14
images/044A15.JPG,15
images/023A25.JPG,25
images/006A67.JPG,67
images/006A69.JPG,69
images/024A00.JPG,0
images/013A08.JPG,8
images/040A06.JPG,6
images/040A02.JPG,2
images/011A27.JPG,27
images/035A08.JPG,8
images/011A17.JPG,17
images/040A14.JPG,14
images/049A12.JPG,12
images/039A11.JPG,11
images/010A16.JPG,16
images/041A06.JPG,6
images/078A01.JPG,1
images/062A54.JPG,54
images/038A08.JPG,8
images/078A10.JPG,10
images/055A12.JPG,12
images/014A16.JPG,16
images/060A08.JPG,8
images/010A07b.JPG,7
images/075A05.JPG,5
images/059A12.JPG,12
images/055A05.JPG,5
images/028A18.JPG,18
images/018A36.JPG,36
images/063A04.JPG,4
images/070A07.JPG,7
images/014A36.JPG,36
images/041A24.JPG,24
images/028A34.JPG,34
images/057A05.JPG,5
images/044A03.JPG,3
images/078A00.JPG,0
images/010A15.JPG,15
images/007A37.JPG,37
images/052A04.JPG,4
images/029A04.JPG,4
images/068A11.JPG,11
images/009A01.JPG,1
images/038A03.JPG,3
images/015A10.JPG,10
images/037A02.JPG,2
images/070A02.JPG,2
images/041A20.JPG,20
images/073A11.JPG,11
images/015A00.JPG,0
images/046A10.JPG,10
images/028A46.JPG,46
images/011A11.JPG,11
images/057A00.JPG,0
images/008A33.JPG,33
images/035A05.JPG,5
images/043A19.JPG,19
images/060A19.JPG,19
images/015A19.JPG,19
images/068A04.JPG,4
images/031A02.JPG,2
images/027A41.JPG,41
images/051A15.JPG,15
images/041A21.JPG,21
images/067A21.JPG,21
images/020A26.JPG,26
images/011A42.JPG,42
images/062A15.JPG,15
images/073A00.JPG,0
images/035A14.JPG,14
images/075A07.JPG,7
images/040A10.JPG,10
images/013A16.JPG,16
images/070A06.JPG,6
images/046A04.JPG,4
images/020A08.JPG,8
images/034A11.JPG,11
images/040A05.JPG,5
images/063A18.JPG,18
images/007A26.JPG,26
images/001A02.JPG,2
images/063A33.JPG,33
images/010A09.JPG,9
images/055A14.JPG,14
images/034A35.JPG,35
images/080A05.JPG,5
images/070A14.JPG,14
images/026A17.JPG,17
images/067A23.JPG,23
images/080A06.JPG,6
images/052A20.JPG,20
images/001A22.JPG,22
images/037A06.JPG,6
images/059A04.JPG,4
images/017A15.JPG,15
images/044A07.JPG,7
images/022A16.JPG,16
images/047A15.JPG,15
images/067A26.JPG,26
images/051A14.JPG,14
images/039A52.JPG,52
images/048A52.JPG,52
images/063A20.JPG,20
images/049A06.JPG,6
images/063A09.JPG,9
images/046A02.JPG,2
images/013A23.JPG,23
images/018A06.JPG,6
images/020A02.JPG,2
images/024A17.JPG,17
images/061A18.JPG,18
images/007A39.JPG,39
images/080A03.JPG,3
images/020A30.JPG,30
images/048A17.JPG,17
images/049A10.JPG,10
images/010A12.JPG,12
images/047A23.JPG,23
images/031A14.JPG,14
images/039A10.JPG,10
images/057A17.JPG,17
images/038A11.JPG,11
images/057A23.JPG,23
images/020A36.JPG,36
images/017A12.JPG,12
images/067A14.JPG,14
images/061A10.JPG,10
images/029A10.JPG,10
images/024A25.JPG,25
images/075A03.JPG,3
images/033A18.JPG,18
images/060A02.JPG,2
images/037A08.JPG,8
images/061A15.JPG,15
images/080A02.JPG,2
images/059A03.JPG,3
images/037A04.JPG,4
images/080A09.JPG,9
images/014A30.JPG,30
images/037A09.JPG,9
images/018A33.JPG,33
images/046A18.JPG,18
images/073A02.JPG,2
images/011A13.JPG,13
images/070A05.JPG,5
images/009A22a.JPG,22
images/029A13.JPG,13
images/008A08.JPG,8
images/067A04.JPG,4
images/040A19.JPG,19
images/049A04.JPG,4
images/013A34.JPG,34
images/082A00.JPG,0
images/008A17.JPG,17
images/008A35.JPG,35
images/080A07.JPG,7
images/034A13.JPG,13
images/069A03.JPG,3
images/027A02.JPG,2
images/024A10.JPG,10
images/070A08.JPG,8
images/057A16.JPG,16
images/043A04.JPG,4
images/018A16.JPG,16
images/034A21.JPG,21
images/007A38.JPG,38
images/062A30.JPG,30
images/040A03a.JPG,3
images/078A13.JPG,13
images/022A00.JPG,0
images/023A07.JPG,7
images/028A37.JPG,37
images/048A00.JPG,0
images/015A07.JPG,7
images/062A38.JPG,38
images/031A07.JPG,7
images/062A41.JPG,41
images/046A17.JPG,17
images/011A14.JPG,14
images/031A04.JPG,4
images/001A40.JPG,40
images/028A41.JPG,41
images/037A17.JPG,17
images/035A12.JPG,12
images/048A10.JPG,10
images/001A18.JPG,18
images/038A10.JPG,10
images/078A08.JPG,8
images/008A06.JPG,6
images/026A19.JPG,19
images/009A09.JPG,9
images/038A34.JPG,34
images/038A23.JPG,23
images/069A10.JPG,10
images/008A12.JPG,12
images/006A51.JPG,51
images/068A10b.JPG,10
images/039A15.JPG,15
images/001A10.JPG,10
images/052A13.JPG,13
images/017A36.JPG,36
images/062A03.JPG,3
images/015A14.JPG,14
images/046A20.JPG,20
images/051A05.JPG,5
images/034A16.JPG,16
images/082A18.JPG,18
images/008A41.JPG,41
images/037A00.JPG,0
images/013A41.JPG,41
images/046A06.JPG,6
images/060A07.JPG,7
images/026A11.JPG,11
images/033A25.JPG,25
images/046A16.JPG,16
images/017A22.JPG,22
images/014A12.JPG,12
images/067A30.JPG,30
images/075A10.JPG,10
images/046A00.JPG,0
images/039A13.JPG,13
images/020A16.JPG,16
images/028A16.JPG,16
images/023A21.JPG,21
images/070A03.JPG,3
images/031A12.JPG,12
images/041A00.JPG,0
images/029A16.JPG,16
images/033A14.JPG,14
images/010A10.JPG,10
images/059A07.JPG,7
images/082A03.JPG,3
images/080A00.JPG,0
images/023A18.JPG,18
images/013A25.JPG,25
images/017A07.JPG,7
images/014A14.JPG,14
images/028A35.JPG,35
images/014A03.JPG,3
images/035A18.JPG,18
images/022A28.JPG,28
images/041A19.JPG,19
images/006A61.JPG,61
images/018A18.JPG,18
