images/011A02.JPG,2
images/001A40.JPG,40
images/001A16.JPG,16
images/024A23.JPG,23
images/064A10.JPG,10
images/046A14.JPG,14
images/070A03.JPG,3
images/060A10.JPG,10
images/039A35.JPG,35
images/029A04.JPG,4
images/032A40.JPG,40
images/008A17.JPG,17
images/008A08.JPG,8
images/009A11.JPG,11
images/010A15.JPG,15
images/008A21.JPG,21
images/054A00.JPG,0
images/033A02.JPG,2
images/039A45.JPG,45
images/018A11.JPG,11
images/059A02b.JPG,2
images/073A00.JPG,0
images/060A06.JPG,6
images/039A16.JPG,16
images/020A08.JPG,8
images/014A14.JPG,14
images/041A13.JPG,13
images/038A14.JPG,14
images/082A16.JPG,16
images/031A14.JPG,14
images/072A11.JPG,11
images/019A23.JPG,23
images/063A33.JPG,33
images/009A13.JPG,13
images/035A05.JPG,5
images/074A14.JPG,14
images/058A01.JPG,1
images/031A03.JPG,3
images/070A02.JPG,2
images/057A25.JPG,25
images/077A16.JPG,16
images/024A25.JPG,25
images/021A39.JPG,39
images/078A11.JPG,11
images/067A39.JPG,39
images/069A07.JPG,7
images/011A30.JPG,30
images/053A15.JPG,15
images/008A12.JPG,12
images/054A18.JPG,18
images/082A21.JPG,21
images/078A15.JPG,15
images/056A01.JPG,1
images/035A03.JPG,3
images/033A18.JPG,18
images/014A12.JPG,12
images/020A04.JPG,4
images/070A08.JPG,8
images/021A11.JPG,11
images/027A13.JPG,13
images/051A00.JPG,0
images/038A13.JPG,13
images/053A08.JPG,8
images/071A23.JPG,23
images/038A01.JPG,1
images/010A18.JPG,18
images/077A06.JPG,6
images/035A18.JPG,18
images/069A09.JPG,9
images/077A15.JPG,15
images/079A09.JPG,9
images/078A12.JPG,12
images/068A04.JPG,4
images/038A00.JPG,0
images/007A26.JPG,26
images/029A13.JPG,13
images/035A12.JPG,12
images/041A21.JPG,21
images/063A02.JPG,2
images/069A00.JPG,0
images/071A35.JPG,35
images/008A33.JPG,33
images/057A05.JPG,5
images/029A23.JPG,23
images/042A08.JPG,8
images/018A34.JPG,34
images/011A11.JPG,11
images/060A20.JPG,20
images/019A27.JPG,27
images/067A14.JPG,14
images/046A12.JPG,12
images/002A26.JPG,26
images/058A04.JPG,4
images/038A34.JPG,34
images/070A07.JPG,7
images/002A03.JPG,3
images/082A03.JPG,3
images/074A03.JPG,3
images/068A10a.JPG,10
images/056A12.JPG,12
images/039A15.JPG,15
images/068A00.JPG,0
images/030A07.JPG,7
images/068A14.JPG,14
images/078A13.JPG,13
images/046A00.JPG,0
images/002A16.JPG,16
images/070A14.JPG,14
images/030A17.JPG,17
images/073A09.JPG,9
images/018A16.JPG,16
images/014A18.JPG,18
images/038A23.JPG,23
images/033A39.JPG,39
images/041A06.JPG,6
images/037A00.JPG,0
images/002A07.JPG,7
images/053A12.JPG,12
images/058A15.JPG,15
images/071A18.JPG,18
images/008A29.JPG,29
images/002A15.JPG,15
images/035A16.JPG,16
images/046A17.JPG,17
images/077A01.JPG,1
images/011A05.JPG,5
images/032A35.JPG,35
images/077A13.JPG,13
images/072A27.JPG,27
images/009A03.JPG,3
images/002A23.JPG,23
images/044A01.JPG,1
images/001A28.JPG,28
images/058A17.JPG,17
images/073A03.JPG,3
images/071A45.JPG,45
images/069A03.JPG,3
images/070A01.JPG,1
images/033A30.JPG,30
images/001A05.JPG,5
images/024A07.JPG,7
images/057A12.JPG,12
images/036A20.JPG,20
images/039A11.JPG,11
images/057A06.JPG,6
images/041A09.JPG,9
images/053A13.JPG,13
images/004A19.JPG,19
images/059A07.JPG,7
images/038A17.JPG,17
images/078A07.JPG,7
images/072A25.JPG,25
images/008A30.JPG,30
images/044A07.JPG,7
images/032A33.JPG,33
images/020A22.JPG,22
images/046A04.JPG,4
images/002A12.JPG,12
images/001A18.JPG,18
images/027A36.JPG,36
images/027A22.JPG,22
images/033A10.JPG,10
images/074A00.JPG,0
images/064A03.JPG,3
images/047A45.JPG,45
images/064A15.JPG,15
images/082A22.JPG,22
images/038A03.JPG,3
images/010A10.JPG,10
images/077A14.JPG,14
images/072A07.JPG,7
images/082A27.JPG,27
images/072A19.JPG,19
images/078A09.JPG,9
images/060A11.JPG,11
images/059A16.JPG,16
images/074A06.JPG,6
images/011A15.JPG,15
images/059A02a.JPG,2
images/044A03.JPG,3
images/049A16.JPG,16
images/063A08.JPG,8
images/020A30.JPG,30
images/027A41.JPG,41
images/041A24.JPG,24
images/082A25.JPG,25
images/047A15.JPG,15
images/037A09.JPG,9
images/072A41.JPG,41
images/035A07.JPG,7
images/077A12.JPG,12
images/020A16.JPG,16
images/042A28.JPG,28
images/031A09.JPG,9
images/051A24.JPG,24
images/044A21.JPG,21
images/049A04.JPG,4
images/039A50.JPG,50
images/054A19.JPG,19
images/035A23b.JPG,23
images/060A07.JPG,7
images/036A18.JPG,18
images/047A13.JPG,13
images/054A02.JPG,2
images/001A29.JPG,29
images/024A17.JPG,17
images/051A14.JPG,14
images/042A10.JPG,10
images/046A06.JPG,6
images/078A03.JPG,3
images/058A05.JPG,5
images/067A17.JPG,17
images/058A02.JPG,2
images/051A18.JPG,18
images/073A13.JPG,13
images/056A06.JPG,6
images/018A06.JPG,6
images/021A27.JPG,27
images/059A06.JPG,6
images/008A18.JPG,18
images/053A00.JPG,0
images/001A10.JPG,10
images/044A05.JPG,5
images/030A18.JPG,18
images/035A14.JPG,14
images/051A16.JPG,16
images/079A08.JPG,8
images/036A01.JPG,1
images/019A07.JPG,7
images/069A06.JPG,6
images/041A04.JPG,4
images/032A08.JPG,8
images/027A30.JPG,30
images/077A10.JPG,10
images/047A12.JPG,12
images/039A19.JPG,19
images/051A02.JPG,2
images/056A03.JPG,3
images/021A03.JPG,3
images/057A17.JPG,17
images/049A08.JPG,8
images/060A12.JPG,12
images/029A29.JPG,29
images/037A18.JPG,18
images/053A02.JPG,2
images/072A21.JPG,21
images/024A05.JPG,5
images/078A02.JPG,2
images/004A26.JPG,26
images/057A16.JPG,16
images/039A17.JPG,17
images/074A07.JPG,7
images/021A05.JPG,5
images/049A17.JPG,17
images/077A09.JPG,9
images/002A05.JPG,5
images/033A21.JPG,21
images/035A01.JPG,1
images/047A09.JPG,9
images/032A20.JPG,20
images/046A16.JPG,16
images/067A33.JPG,33
images/063A18.JPG,18
images/059A04.JPG,4
images/001A08.JPG,8
images/072A13.JPG,13
images/063A22.JPG,22
images/033A05.JPG,5
images/037A11.JPG,11
images/064A04.JPG,4
images/079A07.JPG,7
images/010A07a.JPG,7
images/071A27.JPG,27
images/020A18.JPG,18
images/047A23.JPG,23
images/049A15.JPG,15
images/037A19.JPG,19
images/068A13.JPG,13
images/074A15.JPG,15
images/044A17.JPG,17
images/042A01.JPG,1
images/077A03.JPG,3
images/019A05.JPG,5
images/079A00.JPG,0
images/004A28.JPG,28
images/059A03.JPG,3
images/001A43a.JPG,43
images/073A12.JPG,12
images/056A02.JPG,2
images/074A09.JPG,9
images/074A11.JPG,11
images/071A10.JPG,10
images/031A15.JPG,15
images/031A06.JPG,6
images/060A04.JPG,4
images/046A01.JPG,1
images/063A20.JPG,20
images/064A19.JPG,19
images/018A33.JPG,33
images/058A10.JPG,10
images/082A00.JPG,0
images/071A44.JPG,44
images/044A25.JPG,25
images/030A16.JPG,16
images/036A03.JPG,3
images/018A25.JPG,25
images/008A16.JPG,16
images/038A11.JPG,11
images/046A02.JPG,2
images/018A22.JPG,22
images/051A17.JPG,17
images/049A06.JPG,6
images/029A16.JPG,16
images/047A11.JPG,11
images/027A18.JPG,18
images/020A13.JPG,13
images/004A37.JPG,37
images/014A03.JPG,3
images/047A06.JPG,6
images/027A20.JPG,20
images/021A18.JPG,18
images/019A18.JPG,18
images/058A06.JPG,6
images/037A08.JPG,8
images/011A17.JPG,17
images/078A01.JPG,1
images/057A07.JPG,7
images/049A10.JPG,10
images/011A20.JPG,20
images/035A08.JPG,8
images/004A62.JPG,62
images/039A05.JPG,5
images/046A18.JPG,18
images/032A13.JPG,13
images/082A31.JPG,31
images/008A41.JPG,41
images/001A14.JPG,14
images/033A14.JPG,14
images/029A05.JPG,5
images/010A04.JPG,4
images/072A02.JPG,2
images/027A25.JPG,25
images/032A28.JPG,28
images/047A20.JPG,20
images/009A22a.JPG,22
images/060A08.JPG,8
images/030A23.JPG,23
images/020A20.JPG,20
images/071A00.JPG,0
images/008A35.JPG,35
images/008A03.JPG,3
images/070A09.JPG,9
images/073A15.JPG,15
images/002A31.JPG,31
images/032A24.JPG,24
images/009A00.JPG,0
images/007A01.JPG,1
images/071A22.JPG,22
images/069A04.JPG,4
images/021A35.JPG,35
images/077A00.JPG,0
images/069A05.JPG,5
images/047A33.JPG,33
images/038A05.JPG,5
images/079A05.JPG,5
images/007A45.JPG,45
images/020A02.JPG,2
images/031A11.JPG,11
images/033A25.JPG,25
images/032A15.JPG,15
images/079A13.JPG,13
images/008A31.JPG,31
images/054A09.JPG,9
images/072A29.JPG,29
images/011A40.JPG,40
images/072A45.JPG,45
images/036A19.JPG,19
images/038A04.JPG,4
images/044A13.JPG,13
images/079A01.JPG,1
images/011A14.JPG,14
images/039A10.JPG,10
images/053A11.JPG,11
images/011A42.JPG,42
images/046A10.JPG,10
images/067A30.JPG,30
images/041A19.JPG,19
images/059A12.JPG,12
images/031A07.JPG,7
images/024A30.JPG,30
images/074A01.JPG,1
images/067A28.JPG,28
images/067A04.JPG,4
images/073A08.JPG,8
images/014A42.JPG,42
images/053A18.JPG,18
images/073A01.JPG,1
images/011A34.JPG,34
images/060A19.JPG,19
images/041A00.JPG,0
images/078A06.JPG,6
images/027A16.JPG,16
images/036A08.JPG,8
images/029A22.JPG,22
images/058A00.JPG,0
images/060A17.JPG,17
images/018A29.JPG,29
images/069A10.JPG,10
images/037A02.JPG,2
images/010A16.JPG,16
images/068A09.JPG,9
images/020A11.JPG,11
images/042A14.JPG,14
images/077A07.JPG,7
images/082A20.JPG,20
images/039A07.JPG,7
images/014A30.JPG,30
images/029A11.JPG,11
images/073A06.JPG,6
images/019A00.JPG,0
images/001A22.JPG,22
images/014A40.JPG,40
images/053A10.JPG,10
images/071A24.JPG,24
images/041A20.JPG,20
images/068A03.JPG,3
images/054A10.JPG,10
images/001A33.JPG,33
images/031A00.JPG,0
images/067A21.JPG,21
images/078A14.JPG,14
images/037A13.JPG,13
images/010A12.JPG,12
images/018A18.JPG,18
images/078A08.JPG,8
images/007A23.JPG,23
images/030A04.JPG,4
images/042A24.JPG,24
images/068A11.JPG,11
images/054A04.JPG,4
images/036A13.JPG,13
images/011A13.JPG,13
images/056A15.JPG,15
images/071A40.JPG,40
images/010A07b.JPG,7
images/004A30.JPG,30
images/067A23.JPG,23
images/042A05.JPG,5
images/030A10.JPG,10
images/037A01.JPG,1
images/010A09.JPG,9
images/054A06.JPG,6
images/063A25.JPG,25
images/069A02.JPG,2
images/035A00.JPG,0
images/057A18.JPG,18
images/042A04.JPG,4
images/009A01.JPG,1
images/004A63.JPG,63
images/079A03.JPG,3
images/036A17.JPG,17
images/054A17.JPG,17
images/068A12.JPG,12
images/004A48.JPG,48
images/051A12.JPG,12
images/074A10.JPG,10
images/007A39.JPG,39
images/002A18.JPG,18
images/074A05.JPG,5
images/069A11.JPG,11
images/029A20.JPG,20
images/047A27.JPG,27
images/049A05.JPG,5
images/019A30.JPG,30
images/020A24.JPG,24
images/069A13.JPG,13
images/078A05.JPG,5
images/014A36.JPG,36
images/032A10.JPG,10
images/064A01.JPG,1
images/046A20.JPG,20
images/071A43.JPG,43
images/073A11.JPG,11
images/079A10.JPG,10
images/008A13.JPG,13
images/057A00.JPG,0
images/079A12.JPG,12
images/021A20.JPG,20
images/058A03.JPG,3
images/079A02.JPG,2
images/014A22.JPG,22
images/038A10.JPG,10
images/021A06.JPG,6
images/036A11.JPG,11
images/049A12.JPG,12
images/047A18.JPG,18
images/047A05.JPG,5
images/032A18.JPG,18
images/024A28.JPG,28
images/078A10.JPG,10
images/031A04.JPG,4
images/007A38.JPG,38
images/031A19.JPG,19
images/029A31.JPG,31
images/035A09.JPG,9
images/019A03.JPG,3
images/039A52.JPG,52
images/070A06.JPG,6
images/054A11.JPG,11
images/072A17.JPG,17
images/024A00.JPG,0
images/072A34.JPG,34
images/073A07.JPG,7
images/051A15.JPG,15
images/009A14.JPG,14
images/060A02.JPG,2
images/077A08.JPG,8
images/077A04.JPG,4
images/054A12.JPG,12
images/030A26.JPG,26
images/073A02.JPG,2
images/038A21.JPG,21
images/073A14.JPG,14
images/004A51.JPG,51
images/008A06.JPG,6
images/036A06.JPG,6
images/070A05.JPG,5
images/004A40.JPG,40
images/054A16.JPG,16
images/024A19.JPG,19
images/037A06.JPG,6
images/047A55.JPG,55
images/024A10.JPG,10
images/011A27.JPG,27
images/004A21.JPG,21
images/030A20.JPG,20
images/009A16b.JPG,16
images/046A08.JPG,8
images/074A02.JPG,2
images/033A44.JPG,44
images/053A03.JPG,3
images/035A21.JPG,21
images/059A14.JPG,14
images/036A00.JPG,0
images/030A00.JPG,0
images/009A05.JPG,5
images/063A00.JPG,0
images/002A29.JPG,29
images/027A02.JPG,2
images/037A17.JPG,17
images/042A06.JPG,6
images/033A35.JPG,35
images/044A18.JPG,18
images/009A22b.JPG,22
images/029A01.JPG,1
images/053A06.JPG,6
images/039A13.JPG,13
images/051A05.JPG,5
images/053A01.JPG,1
images/036A15.JPG,15
images/051A08.JPG,8
images/038A08.JPG,8
images/072A14.JPG,14
images/029A10.JPG,10
images/002A36.JPG,36
images/078A04.JPG,4
images/042A18.JPG,18
images/070A00.JPG,0
images/021A23.JPG,23
images/001A43b.JPG,43
images/031A12.JPG,12
images/068A10b.JPG,10
images/002A38.JPG,38
images/073A05.JPG,5
images/037A04.JPG,4
images/027A11.JPG,11
images/042A00.JPG,0
images/001A19.JPG,19
images/007A37.JPG,37
images/074A04.JPG,4
images/063A04.JPG,4
images/009A18.JPG,18
images/009A09.JPG,9
images/036A05.JPG,5
images/018A28.JPG,28
images/042A12.JPG,12
images/039A02.JPG,2
images/002A20.JPG,20
images/021A16.JPG,16
images/056A10.JPG,10
images/078A00.JPG,0
images/063A09.JPG,9
images/007A22.JPG,22
images/071A42.JPG,42
images/060A05.JPG,5
images/058A13.JPG,13
images/004A53.JPG,53
images/024A18.JPG,18
images/079A11.JPG,11
images/001A02.JPG,2
images/074A12.JPG,12
images/019A15.JPG,15
images/002A21.JPG,21
images/044A15.JPG,15
images/074A13.JPG,13
images/010A01.JPG,1
images/053A04.JPG,4
images/032A06.JPG,6
images/073A04.JPG,4
images/049A07.JPG,7
images/018A36.JPG,36
images/077A02.JPG,2
images/057A23.JPG,23
images/056A04.JPG,4
images/035A23a.JPG,23
images/002A04.JPG,4
images/010A06.JPG,6
images/042A20.JPG,20
images/020A36.JPG,36
images/079A04.JPG,4
images/011A07.JPG,7
images/020A26.JPG,26
images/021A30.JPG,30
images/070A12.JPG,12
images/082A18.JPG,18
images/041A02.JPG,2
images/074A08.JPG,8
images/067A26.JPG,26
images/029A33.JPG,33
images/007A18.JPG,18
images/054A13.JPG,13
images/079A06.JPG,6
images/014A16.JPG,16
images/082A23.JPG,23
images/010A05.JPG,5
images/031A02.JPG,2
images/030A05.JPG,5
images/077A11.JPG,11
images/019A12.JPG,12
images/031A16.JPG,16
images/009A16a.JPG,16
images/073A16.JPG,16
