images/028A35.JPG,35
images/025A07.JPG,7
images/070A14.JPG,14
images/029A10.JPG,10
images/059A12.JPG,12
images/011A11.JPG,11
images/080A06.JPG,6
images/012A30.JPG,30
images/076A16.JPG,16
images/078A09.JPG,9
images/021A20.JPG,20
images/049A06.JPG,6
images/032A35.JPG,35
images/019A15.JPG,15
images/068A04.JPG,4
images/018A18.JPG,18
images/066A06a.JPG,6
images/004A19.JPG,19
images/023A21.JPG,21
images/032A10.JPG,10
images/019A18.JPG,18
images/041A24.JPG,24
images/077A02.JPG,2
images/020A26.JPG,26
images/011A20.JPG,20
images/025A19.JPG,19
images/058A01.JPG,1
images/015A03.JPG,3
images/050A14.JPG,14
images/028A20.JPG,20
images/047A05.JPG,5
images/050A10.JPG,10
images/012A24.JPG,24
images/035A18.JPG,18
images/007A18.JPG,18
images/053A10.JPG,10
images/014A12.JPG,12
images/029A22.JPG,22
images/032A40.JPG,40
images/031A04.JPG,4
images/035A21.JPG,21
images/030A07.JPG,7
images/028A14.JPG,14
images/059A06.JPG,6
images/080A10.JPG,10
images/076A08.JPG,8
images/027A30.JPG,30
images/004A21.JPG,21
images/063A20.JPG,20
images/011A14.JPG,14
images/059A07.JPG,7
images/053A06.JPG,6
images/063A25.JPG,25
images/030A04.JPG,4
images/053A00.JPG,0
images/028A18.JPG,18
images/061A30.JPG,30
images/061A07.JPG,7
images/035A03.JPG,3
images/004A51.JPG,51
images/035A09.JPG,9
images/023A07.JPG,7
images/026A00.JPG,0
images/075A01.JPG,1
images/010A09.JPG,9
images/077A10.JPG,10
images/058A03.JPG,3
images/021A03.JPG,3
images/027A41.JPG,41
images/053A02.JPG,2
images/026A19.JPG,19
images/017A05.JPG,5
images/077A15.JPG,15
images/047A27.JPG,27
images/078A04.JPG,4
images/015A10.JPG,10
images/056A01.JPG,1
images/062A16.JPG,16
images/063A18.JPG,18
images/080A08.JPG,8
images/035A01.JPG,1
images/033A44.JPG,44
images/032A13.JPG,13
images/025A22.JPG,22
images/019A27.JPG,27
images/030A18.JPG,18
images/070A12.JPG,12
images/011A40.JPG,40
images/029A23.JPG,23
images/029A31.JPG,31
images/069A02.JPG,2
images/001A22.JPG,22
images/031A12.JPG,12
images/035A05.JPG,5
images/075A05.JPG,5
images/012A07.JPG,7
images/047A09.JPG,9
images/031A00.JPG,0
images/047A15.JPG,15
images/029A04.JPG,4
images/009A22b.JPG,22
images/057A05.JPG,5
images/021A39.JPG,39
images/056A04.JPG,4
images/044A15.JPG,15
images/068A09.JPG,9
images/025A18.JPG,18
images/010A12.JPG,12
images/007A23.JPG,23
images/062A45.JPG,45
images/010A07b.JPG,7
images/079A07.JPG,7
images/015A15.JPG,15
images/077A01.JPG,1
images/056A10.JPG,10
images/001A10.JPG,10
images/078A12.JPG,12
images/026A07.JPG,7
images/077A08.JPG,8
images/009A16b.JPG,16
images/004A48.JPG,48
images/025A23.JPG,23
images/025A12.JPG,12
images/082A25.JPG,25
images/012A14.JPG,14
images/081A06.JPG,6
images/004A63.JPG,63
images/069A13.JPG,13
images/066A04.JPG,4
images/012A04.JPG,4
images/020A18.JPG,18
images/070A03.JPG,3
images/014A22.JPG,22
images/018A25.JPG,25
images/047A23.JPG,23
images/034A16.JPG,16
images/060A05.JPG,5
images/018A36.JPG,36
images/077A00.JPG,0
images/041A00.JPG,0
images/037A17.JPG,17
images/050A00.JPG,0
images/028A37.JPG,37
images/029A13.JPG,13
images/017A42.JPG,42
images/011A30.JPG,30
images/001A33.JPG,33
images/049A15.JPG,15
images/030A26.JPG,26
images/034A13.JPG,13
images/010A18.JPG,18
images/062A03.JPG,3
images/076A00.JPG,0
images/069A05.JPG,5
images/010A16.JPG,16
images/044A18.JPG,18
images/018A06.JPG,6
images/027A02.JPG,2
images/049A07.JPG,7
images/082A18.JPG,18
images/063A02.JPG,2
images/018A34.JPG,34
images/066A08.JPG,8
images/023A05.JPG,5
images/056A12.JPG,12
images/035A23b.JPG,23
images/001A29.JPG,29
images/020A16.JPG,16
images/041A09.JPG,9
images/032A08.JPG,8
images/015A12.JPG,12
images/026A17.JPG,17
images/012A26.JPG,26
images/027A11.JPG,11
images/014A42.JPG,42
images/027A25.JPG,25
images/081A02.JPG,2
images/018A33.JPG,33
images/015A01.JPG,1
images/062A18.JPG,18
images/079A08.JPG,8
images/057A12.JPG,12
images/031A07.JPG,7
images/014A40.JPG,40
images/070A07.JPG,7
images/033A10.JPG,10
images/041A21.JPG,21
images/009A13.JPG,13
images/009A14.JPG,14
images/011A42.JPG,42
images/053A18.JPG,18
images/075A11.JPG,11
images/058A13.JPG,13
images/068A10a.JPG,10
images/023A29.JPG,29
images/079A03.JPG,3
images/032A18.JPG,18
images/035A08.JPG,8
images/081A10.JPG,10
images/007A45.JPG,45
images/037A06.JPG,6
images/056A06.JPG,6
images/014A18.JPG,18
images/041A06.JPG,6
images/028A26.JPG,26
images/012A32.JPG,32
images/028A16.JPG,16
images/047A18.JPG,18
images/060A12.JPG,12
images/034A39.JPG,39
images/017A38.JPG,38
images/007A01.JPG,1
images/033A18.JPG,18
images/030A10.JPG,10
images/058A15.JPG,15
images/041A19.JPG,19
images/079A00.JPG,0
images/080A00.JPG,0
images/053A01.JPG,1
images/020A04.JPG,4
images/009A05.JPG,5
images/058A05.JPG,5
images/021A27.JPG,27
images/004A62.JPG,62
images/070A08.JPG,8
images/058A02.JPG,2
images/017A29.JPG,29
images/021A35.JPG,35
images/032A06.JPG,6
images/061A04.JPG,4
images/007A26.JPG,26
images/060A07.JPG,7
images/076A01.JPG,1
images/010A05.JPG,5
images/078A15.JPG,15
images/023A16.JPG,16
images/029A29.JPG,29
images/079A13.JPG,13
images/047A55.JPG,55
images/079A04.JPG,4
images/025A03.JPG,3
images/066A11.JPG,11
images/001A43b.JPG,43
images/060A11.JPG,11
images/076A05.JPG,5
images/021A16.JPG,16
images/070A00.JPG,0
images/033A39.JPG,39
images/062A35.JPG,35
images/058A04.JPG,4
images/012A12.JPG,12
images/075A07.JPG,7
images/021A05.JPG,5
images/076A15.JPG,15
images/068A03.JPG,3
images/030A16.JPG,16
images/031A11.JPG,11
images/076A13.JPG,13
images/047A11.JPG,11
images/050A16.JPG,16
images/061A06.JPG,6
images/061A15.JPG,15
images/050A18.JPG,18
images/077A07.JPG,7
images/069A00.JPG,0
images/019A12.JPG,12
images/049A04.JPG,4
images/069A06.JPG,6
images/057A00.JPG,0
images/030A20.JPG,20
images/077A12.JPG,12
images/027A20.JPG,20
images/082A16.JPG,16
images/057A23.JPG,23
images/060A19.JPG,19
images/021A23.JPG,23
images/028A46.JPG,46
images/019A03.JPG,3
images/009A03.JPG,3
images/078A13.JPG,13
images/080A03.JPG,3
images/080A02.JPG,2
images/023A25.JPG,25
images/078A14.JPG,14
images/060A08.JPG,8
images/001A18.JPG,18
images/057A17.JPG,17
images/058A10.JPG,10
images/062A41.JPG,41
images/033A25.JPG,25
images/020A36.JPG,36
images/082A31.JPG,31
images/034A35.JPG,35
images/011A27.JPG,27
images/033A21.JPG,21
images/079A01.JPG,1
images/082A00.JPG,0
images/079A11.JPG,11
images/047A06.JPG,6
images/023A18.JPG,18
images/037A19.JPG,19
images/076A12.JPG,12
images/081A04.JPG,4
images/063A33.JPG,33
images/077A11.JPG,11
images/041A20.JPG,20
images/079A02.JPG,2
images/047A33.JPG,33
images/076A02.JPG,2
images/026A04.JPG,4
images/057A06.JPG,6
images/034A21.JPG,21
images/059A02b.JPG,2
images/026A13.JPG,13
images/077A16.JPG,16
images/056A15.JPG,15
images/057A16.JPG,16
images/010A07a.JPG,7
images/031A06.JPG,6
images/081A12.JPG,12
images/076A03.JPG,3
images/047A45.JPG,45
images/082A22.JPG,22
images/081A01.JPG,1
images/068A12.JPG,12
images/012A21.JPG,21
images/001A14.JPG,14
images/011A34.JPG,34
images/060A10.JPG,10
images/041A13.JPG,13
images/010A01.JPG,1
images/049A16.JPG,16
images/015A19.JPG,19
images/044A03.JPG,3
images/063A09.JPG,9
images/077A09.JPG,9
images/012A36.JPG,36
images/080A14.JPG,14
images/034A30.JPG,30
images/061A32.JPG,32
images/077A14.JPG,14
images/066A02a.JPG,2
images/017A12.JPG,12
images/035A16.JPG,16
images/053A08.JPG,8
images/009A16a.JPG,16
images/082A27.JPG,27
images/027A36.JPG,36
images/011A02.JPG,2
images/026A15.JPG,15
images/062A54.JPG,54
images/053A13.JPG,13
images/018A29.JPG,29
images/044A07.JPG,7
images/068A13.JPG,13
images/061A25.JPG,25
images/033A05.JPG,5
images/076A11.JPG,11
images/014A16.JPG,16
images/057A07.JPG,7
images/004A30.JPG,30
images/019A30.JPG,30
images/027A22.JPG,22
images/068A00.JPG,0
images/023A09.JPG,9
images/019A23.JPG,23
images/015A14.JPG,14
images/011A15.JPG,15
images/066A10.JPG,10
images/075A03.JPG,3
images/081A08.JPG,8
images/037A11.JPG,11
images/057A18.JPG,18
images/037A18.JPG,18
images/014A14.JPG,14
images/021A30.JPG,30
images/001A02.JPG,2
images/061A17.JPG,17
images/057A25.JPG,25
images/007A39.JPG,39
images/059A03.JPG,3
images/079A05.JPG,5
images/062A38.JPG,38
images/009A11.JPG,11
images/019A05.JPG,5
images/034A44.JPG,44
images/075A08.JPG,8
images/076A14.JPG,14
images/075A00.JPG,0
images/060A04.JPG,4
images/028A34.JPG,34
images/058A00.JPG,0
images/001A19.JPG,19
images/061A26.JPG,26
images/070A01.JPG,1
images/035A00.JPG,0
images/031A19.JPG,19
images/063A08.JPG,8
images/015A17.JPG,17
images/066A02b.JPG,2
images/017A22.JPG,22
images/017A32.JPG,32
images/053A12.JPG,12
images/017A15.JPG,15
images/062A30.JPG,30
images/069A09.JPG,9
images/075A06.JPG,6
images/004A37.JPG,37
images/078A00.JPG,0
images/028A28.JPG,28
images/081A05.JPG,5
images/034A11.JPG,11
images/060A20.JPG,20
images/034A15.JPG,15
images/025A00.JPG,0
images/001A08.JPG,8
images/009A01.JPG,1
images/030A00.JPG,0
images/037A01.JPG,1
images/059A04.JPG,4
images/056A02.JPG,2
images/044A21.JPG,21
images/032A20.JPG,20
images/034A18.JPG,18
images/020A22.JPG,22
images/078A02.JPG,2
images/020A24.JPG,24
images/031A15.JPG,15
images/001A40.JPG,40
images/030A23.JPG,23
images/012A25.JPG,25
images/011A13.JPG,13
images/063A22.JPG,22
images/017A26.JPG,26
images/023A03.JPG,3
images/066A00.JPG,0
images/015A04.JPG,4
images/030A17.JPG,17
images/001A16.JPG,16
images/070A05.JPG,5
images/033A30.JPG,30
images/079A09.JPG,9
images/061A10.JPG,10
images/030A05.JPG,5
images/049A05.JPG,5
images/069A04.JPG,4
images/047A13.JPG,13
images/029A11.JPG,11
images/017A17.JPG,17
images/060A06.JPG,6
images/010A15.JPG,15
images/082A03.JPG,3
images/066A09.JPG,9
images/060A02.JPG,2
images/066A07.JPG,7
images/010A10.JPG,10
images/028A41.JPG,41
images/070A09.JPG,9
images/015A05.JPG,5
images/062A47.JPG,47
images/053A15.JPG,15
images/053A03.JPG,3
images/031A02.JPG,2
images/015A00.JPG,0
images/063A04.JPG,4
images/001A05.JPG,5
images/032A24.JPG,24
images/079A12.JPG,12
images/069A03.JPG,3
images/011A05.JPG,5
images/032A15.JPG,15
images/035A14.JPG,14
images/050A06.JPG,6
images/027A18.JPG,18
images/044A01.JPG,1
images/014A30.JPG,30
images/034A25.JPG,25
images/027A13.JPG,13
images/077A13.JPG,13
images/061A19.JPG,19
images/076A07.JPG,7
images/080A13.JPG,13
images/025A34.JPG,34
images/050A22.JPG,22
images/078A07.JPG,7
images/021A18.JPG,18
images/077A03.JPG,3
images/044A17.JPG,17
images/027A16.JPG,16
images/035A12.JPG,12
images/076A17.JPG,17
images/020A02.JPG,2
images/020A08.JPG,8
images/025A39.JPG,39
images/012A27.JPG,27
images/011A07.JPG,7
images/009A22a.JPG,22
images/033A14.JPG,14
images/011A17.JPG,17
images/068A10b.JPG,10
images/044A05.JPG,5
images/078A10.JPG,10
images/061A18.JPG,18
images/049A08.JPG,8
images/014A03.JPG,3
images/076A06.JPG,6
images/075A02.JPG,2
images/007A22.JPG,22
images/023A14.JPG,14
images/081A03.JPG,3
images/078A03.JPG,3
images/004A40.JPG,40
images/047A20.JPG,20
images/078A01.JPG,1
images/017A07.JPG,7
images/017A36.JPG,36
images/068A11.JPG,11
images/012A34.JPG,34
images/037A04.JPG,4
images/080A05.JPG,5
images/080A12.JPG,12
images/056A03.JPG,3
images/026A11.JPG,11
images/015A07.JPG,7
images/032A28.JPG,28
images/049A10.JPG,10
images/078A11.JPG,11
images/079A06.JPG,6
images/035A07.JPG,7
images/020A11.JPG,11
images/007A37.JPG,37
images/031A09.JPG,9
images/079A10.JPG,10
images/069A07.JPG,7
images/060A17.JPG,17
images/077A06.JPG,6
images/009A00.JPG,0
images/029A16.JPG,16
images/059A02a.JPG,2
images/020A13.JPG,13
images/021A11.JPG,11
images/069A11.JPG,11
images/034A02.JPG,2
images/037A00.JPG,0
images/014A36.JPG,36
images/050A03.JPG,3
images/020A20.JPG,20
images/004A26.JPG,26
images/029A05.JPG,5
images/082A21.JPG,21
images/026A02.JPG,2
images/018A16.JPG,16
images/031A03.JPG,3
images/009A09.JPG,9
images/023A00.JPG,0
images/033A35.JPG,35
images/009A18.JPG,18
images/062A15.JPG,15
images/033A02.JPG,2
images/001A28.JPG,28
images/034A04.JPG,4
images/044A13.JPG,13
images/076A04.JPG,4
images/035A23a.JPG,23
images/019A07.JPG,7
images/032A33.JPG,33
images/070A06.JPG,6
images/037A09.JPG,9
images/037A13.JPG,13
images/012A18.JPG,18
images/053A04.JPG,4
images/019A00.JPG,0
images/037A08.JPG,8
images/026A18.JPG,18
images/023A22.JPG,22
images/069A10.JPG,10
images/049A17.JPG,17
images/080A04.JPG,4
images/076A10.JPG,10
images/031A16.JPG,16
images/018A22.JPG,22
images/082A23.JPG,23
images/010A04.JPG,4
images/004A28.JPG,28
images/037A02.JPG,2
images/081A11.JPG,11
images/049A12.JPG,12
images/041A04.JPG,4
images/007A38.JPG,38
images/081A07.JPG,7
images/059A14.JPG,14
images/075A10.JPG,10
images/025A15.JPG,15
images/004A53.JPG,53
images/047A12.JPG,12
images/029A01.JPG,1
images/062A53.JPG,53
images/078A05.JPG,5
images/058A17.JPG,17
images/066A06b.JPG,6
images/029A33.JPG,33
images/070A02.JPG,2
images/012A23.JPG,23
images/053A11.JPG,11
images/044A25.JPG,25
images/077A04.JPG,4
images/076A09.JPG,9
images/061A29.JPG,29
images/041A02.JPG,2
images/025A28.JPG,28
images/017A19.JPG,19
images/031A14.JPG,14
images/066A03.JPG,3
images/018A28.JPG,28
images/080A07.JPG,7
images/015A09.JPG,9
images/001A43a.JPG,43
images/082A20.JPG,20
images/078A06.JPG,6
images/080A01.JPG,1
images/029A20.JPG,20
images/058A06.JPG,6
images/026A06.JPG,6
images/068A14.JPG,14
images/063A00.JPG,0
images/081A00.JPG,0
images/078A08.JPG,8
images/018A11.JPG,11
images/080A09.JPG,9
images/020A30.JPG,30
images/010A06.JPG,6
images/021A06.JPG,6
images/059A16.JPG,16
