images/043A10.JPG,10
images/038A08.JPG,8
images/050A16.JPG,16
images/031A15.JPG,15
images/029A05.JPG,5
images/008A12.JPG,12
images/028A34.JPG,34
images/008A35.JPG,35
images/021A30.JPG,30
images/081A10.JPG,10
images/074A02.JPG,2
images/081A08.JPG,8
images/020A02.JPG,2
images/017A29.JPG,29
images/070A14.JPG,14
images/080A02.JPG,2
images/047A18.JPG,18
images/030A07.JPG,7
images/019A00.JPG,0
images/012A25.JPG,25
images/060A12.JPG,12
images/063A00.JPG,0
images/043A03.JPG,3
images/007A23.JPG,23
images/076A16.JPG,16
images/042A28.JPG,28
images/002A07.JPG,7
images/025A22.JPG,22
images/026A02.JPG,2
images/005A40.JPG,40
images/080A01.JPG,1
images/075A02.JPG,2
images/054A06.JPG,6
images/019A27.JPG,27
images/075A00.JPG,0
images/082A23.JPG,23
images/055A05.JPG,5
images/081A02.JPG,2
images/081A03.JPG,3
images/017A32.JPG,32
images/042A10.JPG,10
images/063A09.JPG,9
images/042A01.JPG,1
images/047A23.JPG,23
images/008A29.JPG,29
images/011A14.JPG,14
images/067A04.JPG,4
images/080A06.JPG,6
images/007A01.JPG,1
images/078A08.JPG,8
images/020A04.JPG,4
images/011A11.JPG,11
images/082A03.JPG,3
images/078A02.JPG,2
images/071A27.JPG,27
images/080A10.JPG,10
images/031A00.JPG,0
images/008A30.JPG,30
images/017A22.JPG,22
images/045A32.JPG,32
images/021A11.JPG,11
images/053A01.JPG,1
images/004A19.JPG,19
images/008A18.JPG,18
images/021A39.JPG,39
images/002A36.JPG,36
images/080A04.JPG,4
images/076A13.JPG,13
images/027A18.JPG,18
images/071A43.JPG,43
images/055A22.JPG,22
images/023A07.JPG,7
images/005A45.JPG,45
images/046A20.JPG,20
images/012A12.JPG,12
images/081A04.JPG,4
images/055A23.JPG,23
images/043A15.JPG,15
images/025A28.JPG,28
images/080A12.JPG,12
images/078A14.JPG,14
images/031A03.JPG,3
images/023A09.JPG,9
images/029A13.JPG,13
images/031A12.JPG,12
images/023A25.JPG,25
images/021A03.JPG,3
images/046A06.JPG,6
images/005A49.JPG,49
images/007A37.JPG,37
images/031A06.JPG,6
images/060A05.JPG,5
images/052A20.JPG,20
images/076A04.JPG,4
images/010A12.JPG,12
images/012A14.JPG,14
images/017A42.JPG,42
images/042A08.JPG,8
images/012A30.JPG,30
images/067A14.JPG,14
images/006A69.JPG,69
images/075A03.JPG,3
images/025A15.JPG,15
images/047A20.JPG,20
images/045A25.JPG,25
images/076A02.JPG,2
images/044A13.JPG,13
images/047A15.JPG,15
images/046A04.JPG,4
images/015A19.JPG,19
images/002A12.JPG,12
images/017A19.JPG,19
images/081A01.JPG,1
images/053A03.JPG,3
images/082A20.JPG,20
images/013A18.JPG,18
images/006A24.JPG,24
images/053A06.JPG,6
images/078A07.JPG,7
images/076A11.JPG,11
images/026A13.JPG,13
images/074A09.JPG,9
images/031A09.JPG,9
images/066A08.JPG,8
images/070A01.JPG,1
images/070A02.JPG,2
images/006A28.JPG,28
images/011A30.JPG,30
images/039A17.JPG,17
images/045A08.JPG,8
images/015A03.JPG,3
images/070A09.JPG,9
images/070A03.JPG,3
images/066A03.JPG,3
images/042A00.JPG,0
images/074A10.JPG,10
images/052A16.JPG,16
images/062A03.JPG,3
images/021A06.JPG,6
images/034A21.JPG,21
images/038A11.JPG,11
images/011A17.JPG,17
images/019A03.JPG,3
images/028A16.JPG,16
images/071A45.JPG,45
images/012A21.JPG,21
images/081A11.JPG,11
images/013A21.JPG,21
images/047A27.JPG,27
images/055A14.JPG,14
images/026A17.JPG,17
images/011A27.JPG,27
images/074A01.JPG,1
images/005A31.JPG,31
images/010A09.JPG,9
images/007A18.JPG,18
images/019A18.JPG,18
images/013A25.JPG,25
images/023A00.JPG,0
images/066A11.JPG,11
images/013A16.JPG,16
images/070A12.JPG,12
images/034A30.JPG,30
images/006A46.JPG,46
images/076A14.JPG,14
images/046A17.JPG,17
images/046A08.JPG,8
images/002A38.JPG,38
images/006A42.JPG,42
images/030A10.JPG,10
images/026A19.JPG,19
images/013A19.JPG,19
images/060A17.JPG,17
images/008A16.JPG,16
images/034A04.JPG,4
images/029A23.JPG,23
images/005A48.JPG,48
images/028A37.JPG,37
images/012A26.JPG,26
images/034A25.JPG,25
images/031A02.JPG,2
images/046A16.JPG,16
images/074A03.JPG,3
images/039A05.JPG,5
images/015A07.JPG,7
images/015A01.JPG,1
images/068A04.JPG,4
images/078A04.JPG,4
images/067A28.JPG,28
images/047A11.JPG,11
images/063A22.JPG,22
images/064A10.JPG,10
images/002A05.JPG,5
images/050A06.JPG,6
images/028A14.JPG,14
images/017A26.JPG,26
images/075A08.JPG,8
images/020A18.JPG,18
images/082A25.JPG,25
images/042A06.JPG,6
images/038A01.JPG,1
images/045A19.JPG,19
images/076A12.JPG,12
images/025A19.JPG,19
images/060A11.JPG,11
images/045A18.JPG,18
images/013A30.JPG,30
images/062A15.JPG,15
images/068A12.JPG,12
images/080A07.JPG,7
images/017A38.JPG,38
images/039A02.JPG,2
images/027A36.JPG,36
images/042A12.JPG,12
images/078A11.JPG,11
images/067A21.JPG,21
images/025A23.JPG,23
images/011A02.JPG,2
images/063A02.JPG,2
images/078A06.JPG,6
images/019A30.JPG,30
images/067A39.JPG,39
images/054A13.JPG,13
images/071A22.JPG,22
images/068A00.JPG,0
images/013A08.JPG,8
images/060A08.JPG,8
images/038A34.JPG,34
images/023A03.JPG,3
images/020A08.JPG,8
images/052A13.JPG,13
images/080A13.JPG,13
images/043A04.JPG,4
images/078A09.JPG,9
images/054A00.JPG,0
images/062A38.JPG,38
images/039A16.JPG,16
images/039A52.JPG,52
images/019A07.JPG,7
images/025A00.JPG,0
images/047A09.JPG,9
images/006A61.JPG,61
images/034A02.JPG,2
images/028A46.JPG,46
images/064A04.JPG,4
images/002A18.JPG,18
images/055A06.JPG,6
images/071A40.JPG,40
images/060A07.JPG,7
images/005A24.JPG,24
images/038A00.JPG,0
images/053A02.JPG,2
images/027A30.JPG,30
images/038A17.JPG,17
images/070A06.JPG,6
images/047A45.JPG,45
images/012A18.JPG,18
images/043A13.JPG,13
images/063A04.JPG,4
images/021A16.JPG,16
images/044A17.JPG,17
images/043A05.JPG,5
images/012A23.JPG,23
images/054A10.JPG,10
images/027A20.JPG,20
images/011A15.JPG,15
images/025A39.JPG,39
images/015A15.JPG,15
images/011A20.JPG,20
images/015A12.JPG,12
images/054A02.JPG,2
images/043A17.JPG,17
images/002A26.JPG,26
images/044A01.JPG,1
images/019A05.JPG,5
images/054A16.JPG,16
images/052A07.JPG,7
images/002A21.JPG,21
images/042A24.JPG,24
images/005A61.JPG,61
images/028A18.JPG,18
images/055A12.JPG,12
images/066A06b.JPG,6
images/029A10.JPG,10
images/082A22.JPG,22
images/074A04.JPG,4
images/038A10.JPG,10
images/038A03.JPG,3
images/042A05.JPG,5
images/054A04.JPG,4
images/039A19.JPG,19
images/031A11.JPG,11
images/004A30.JPG,30
images/029A11.JPG,11
images/046A18.JPG,18
images/002A04.JPG,4
images/067A23.JPG,23
images/068A09.JPG,9
images/010A15.JPG,15
images/047A05.JPG,5
images/071A24.JPG,24
images/039A45.JPG,45
images/039A07.JPG,7
images/005A35.JPG,35
images/015A17.JPG,17
images/053A08.JPG,8
images/023A22.JPG,22
images/043A23.JPG,23
images/067A33.JPG,33
images/004A21.JPG,21
images/020A11.JPG,11
images/038A05.JPG,5
images/074A15.JPG,15
images/012A32.JPG,32
images/021A20.JPG,20
images/029A31.JPG,31
images/006A36.JPG,36
images/025A34.JPG,34
images/020A26.JPG,26
images/013A44.JPG,44
images/062A18.JPG,18
images/039A11.JPG,11
images/013A23.JPG,23
images/034A11.JPG,11
images/034A39.JPG,39
images/007A45.JPG,45
images/028A26.JPG,26
images/042A18.JPG,18
images/068A13.JPG,13
images/030A26.JPG,26
images/039A35.JPG,35
images/010A18.JPG,18
images/039A50.JPG,50
images/023A16.JPG,16
images/027A02.JPG,2
images/066A10.JPG,10
images/031A04.JPG,4
images/020A24.JPG,24
images/076A09.JPG,9
images/076A05.JPG,5
images/027A13.JPG,13
images/074A11.JPG,11
images/015A04.JPG,4
images/015A00.JPG,0
images/017A05.JPG,5
images/028A28.JPG,28
images/020A36.JPG,36
images/004A53.JPG,53
images/030A00.JPG,0
images/029A22.JPG,22
images/027A16.JPG,16
images/074A12.JPG,12
images/068A11.JPG,11
images/011A07.JPG,7
images/004A51.JPG,51
images/053A11.JPG,11
images/045A12.JPG,12
images/053A00.JPG,0
images/023A21.JPG,21
images/007A38.JPG,38
images/010A16.JPG,16
images/068A03.JPG,3
images/005A18.JPG,18
images/054A12.JPG,12
images/082A16.JPG,16
images/023A14.JPG,14
images/060A20.JPG,20
images/021A18.JPG,18
images/066A06a.JPG,6
images/002A23.JPG,23
images/030A23.JPG,23
images/054A17.JPG,17
images/082A27.JPG,27
images/038A21.JPG,21
images/046A01.JPG,1
images/054A09.JPG,9
images/015A09.JPG,9
images/075A01.JPG,1
images/002A03.JPG,3
images/011A05.JPG,5
images/080A09.JPG,9
images/029A33.JPG,33
images/063A18.JPG,18
images/052A18.JPG,18
images/008A17.JPG,17
images/006A55.JPG,55
images/004A26.JPG,26
images/070A05.JPG,5
images/081A06.JPG,6
images/071A44.JPG,44
images/066A04.JPG,4
images/047A33.JPG,33
images/067A30.JPG,30
images/063A25.JPG,25
images/004A40.JPG,40
images/010A07a.JPG,7
images/044A21.JPG,21
images/010A07b.JPG,7
images/052A04.JPG,4
images/050A03.JPG,3
images/076A06.JPG,6
images/002A20.JPG,20
images/078A15.JPG,15
images/054A18.JPG,18
images/068A10a.JPG,10
images/081A07.JPG,7
images/023A18.JPG,18
images/044A07.JPG,7
images/053A13.JPG,13
images/078A00.JPG,0
images/013A00.JPG,0
images/071A18.JPG,18
images/052A17.JPG,17
images/044A15.JPG,15
images/039A13.JPG,13
images/062A30.JPG,30
images/005A30.JPG,30
images/074A05.JPG,5
images/080A08.JPG,8
images/017A17.JPG,17
images/023A29.JPG,29
images/076A01.JPG,1
images/020A22.JPG,22
images/025A03.JPG,3
images/071A23.JPG,23
images/078A13.JPG,13
images/081A12.JPG,12
images/074A13.JPG,13
images/063A08.JPG,8
images/012A36.JPG,36
images/015A10.JPG,10
images/006A51.JPG,51
images/031A19.JPG,19
images/020A16.JPG,16
images/078A05.JPG,5
images/034A15.JPG,15
images/052A10.JPG,10
images/067A17.JPG,17
images/030A18.JPG,18
images/082A18.JPG,18
images/011A40.JPG,40
images/045A17.JPG,17
images/060A04.JPG,4
images/005A52.JPG,52
images/075A05.JPG,5
images/008A13.JPG,13
images/026A00.JPG,0
images/067A26.JPG,26
images/066A07.JPG,7
images/015A14.JPG,14
images/045A06.JPG,6
images/007A26.JPG,26
images/076A15.JPG,15
images/029A20.JPG,20
images/045A28.JPG,28
images/019A15.JPG,15
images/008A31.JPG,31
images/008A41.JPG,41
images/068A10b.JPG,10
images/074A00.JPG,0
images/075A10.JPG,10
images/075A06.JPG,6
images/081A05.JPG,5
images/047A55.JPG,55
images/006A40.JPG,40
images/043A00.JPG,0
images/008A21.JPG,21
images/054A19.JPG,19
images/034A16.JPG,16
images/034A18.JPG,18
images/070A07.JPG,7
images/011A13.JPG,13
images/062A54.JPG,54
images/076A00.JPG,0
images/068A14.JPG,14
images/070A08.JPG,8
images/074A07.JPG,7
images/010A05.JPG,5
images/026A06.JPG,6
images/071A35.JPG,35
images/080A05.JPG,5
images/030A16.JPG,16
images/047A12.JPG,12
images/074A14.JPG,14
images/046A02.JPG,2
images/012A07.JPG,7
images/062A53.JPG,53
images/026A11.JPG,11
images/042A14.JPG,14
images/038A23.JPG,23
images/066A09.JPG,9
images/050A22.JPG,22
images/046A00.JPG,0
images/045A03.JPG,3
images/010A01.JPG,1
images/008A33.JPG,33
images/029A16.JPG,16
images/026A04.JPG,4
images/015A05.JPG,5
images/080A14.JPG,14
images/027A22.JPG,22
images/062A47.JPG,47
images/078A01.JPG,1
images/027A25.JPG,25
images/082A21.JPG,21
images/017A12.JPG,12
images/008A03.JPG,3
images/052A02.JPG,2
images/078A10.JPG,10
images/029A01.JPG,1
images/060A02.JPG,2
images/030A20.JPG,20
images/071A10.JPG,10
images/076A03.JPG,3
images/064A15.JPG,15
images/004A48.JPG,48
images/066A02a.JPG,2
images/076A17.JPG,17
images/047A13.JPG,13
images/034A44.JPG,44
images/042A20.JPG,20
images/063A20.JPG,20
images/020A30.JPG,30
images/062A35.JPG,35
images/030A04.JPG,4
images/062A16.JPG,16
images/013A41.JPG,41
images/034A13.JPG,13
images/076A10.JPG,10
images/044A25.JPG,25
images/029A04.JPG,4
images/012A27.JPG,27
images/053A15.JPG,15
images/031A07.JPG,7
images/026A07.JPG,7
images/012A24.JPG,24
images/046A14.JPG,14
images/062A41.JPG,41
images/038A14.JPG,14
images/039A15.JPG,15
images/055A08.JPG,8
images/066A00.JPG,0
images/008A06.JPG,6
images/030A05.JPG,5
images/071A42.JPG,42
images/029A29.JPG,29
images/074A08.JPG,8
images/062A45.JPG,45
images/050A18.JPG,18
images/078A03.JPG,3
images/080A03.JPG,3
images/027A41.JPG,41
images/012A34.JPG,34
images/007A22.JPG,22
images/082A31.JPG,31
images/038A13.JPG,13
images/002A31.JPG,31
images/063A33.JPG,33
images/006A31.JPG,31
images/011A42.JPG,42
images/006A67.JPG,67
images/043A27.JPG,27
images/020A13.JPG,13
images/019A12.JPG,12
images/025A12.JPG,12
images/019A23.JPG,23
images/042A04.JPG,4
images/053A10.JPG,10
images/050A10.JPG,10
images/028A20.JPG,20
images/007A39.JPG,39
images/047A06.JPG,6
images/011A34.JPG,34
images/071A00.JPG,0
images/004A62.JPG,62
images/054A11.JPG,11
images/044A03.JPG,3
images/078A12.JPG,12
images/030A17.JPG,17
images/012A04.JPG,4
images/017A07.JPG,7
images/028A41.JPG,41
images/064A01.JPG,1
images/044A18.JPG,18
images/046A12.JPG,12
images/025A07.JPG,7
images/082A00.JPG,0
images/017A15.JPG,15
images/034A35.JPG,35
images/028A35.JPG,35
images/070A00.JPG,0
images/045A43.JPG,43
images/074A06.JPG,6
images/076A07.JPG,7
images/064A19.JPG,19
images/008A08.JPG,8
images/010A10.JPG,10
images/002A16.JPG,16
images/060A19.JPG,19
images/052A14.JPG,14
images/021A05.JPG,5
images/002A29.JPG,29
images/010A06.JPG,6
images/081A00.JPG,0
images/050A00.JPG,0
images/004A28.JPG,28
images/080A00.JPG,0
images/052A19.JPG,19
images/043A19.JPG,19
images/021A23.JPG,23
images/075A11.JPG,11
images/025A18.JPG,18
images/060A06.JPG,6
images/017A36.JPG,36
images/021A35.JPG,35
images/002A15.JPG,15
images/013A34.JPG,34
images/053A04.JPG,4
images/053A12.JPG,12
images/060A10.JPG,10
images/031A16.JPG,16
images/064A03.JPG,3
images/027A11.JPG,11
images/021A27.JPG,27
images/066A02b.JPG,2
images/026A18.JPG,18
images/076A08.JPG,8
images/045A48.JPG,48
images/055A04.JPG,4
images/046A10.JPG,10
images/075A07.JPG,7
images/053A18.JPG,18
images/039A10.JPG,10
images/038A04.JPG,4
images/010A04.JPG,4
images/023A05.JPG,5
images/026A15.JPG,15
images/044A05.JPG,5
images/031A14.JPG,14
images/020A20.JPG,20
images/004A37.JPG,37
images/045A40.JPG,40
images/004A63.JPG,63
images/050A14.JPG,14
