images/050A22.JPG,22
images/021A18.JPG,18
images/029A04.JPG,4
images/004A63.JPG,63
images/072A02.JPG,2
images/040A21.JPG,21
images/078A01.JPG,1
images/003A38.JPG,38
images/082A25.JPG,25
images/053A08.JPG,8
images/011A34.JPG,34
images/011A13.JPG,13
images/024A10.JPG,10
images/013A00.JPG,0
images/018A16.JPG,16
images/069A07.JPG,7
images/008A29.JPG,29
images/060A20.JPG,20
images/052A16.JPG,16
images/049A10.JPG,10
images/033A35.JPG,35
images/030A10.JPG,10
images/059A07.JPG,7
images/070A03.JPG,3
images/072A27.JPG,27
images/030A04.JPG,4
images/026A15.JPG,15
images/052A13.JPG,13
images/081A01.JPG,1
images/011A42.JPG,42
images/033A10.JPG,10
images/007A38.JPG,38
images/044A13.JPG,13
images/069A13.JPG,13
images/048A52.JPG,52
images/004A53.JPG,53
images/013A23.JPG,23
images/069A06.JPG,6
images/059A02a.JPG,2
images/024A25.JPG,25
images/044A03.JPG,3
images/050A06.JPG,6
images/060A17.JPG,17
images/021A35.JPG,35
images/030A20.JPG,20
images/033A25.JPG,25
images/003A58.JPG,58
images/076A17.JPG,17
images/072A34.JPG,34
images/048A15.JPG,15
images/026A07.JPG,7
images/081A10.JPG,10
images/051A15.JPG,15
images/078A15.JPG,15
images/049A05.JPG,5
images/031A12.JPG,12
images/021A16.JPG,16
images/004A51.JPG,51
images/003A23.JPG,23
images/003A51.JPG,51
images/042A08.JPG,8
images/056A06.JPG,6
images/076A01.JPG,1
images/041A00.JPG,0
images/062A53.JPG,53
images/042A20.JPG,20
images/062A16.JPG,16
images/017A26.JPG,26
images/045A03.JPG,3
images/053A00.JPG,0
images/069A04.JPG,4
images/045A18.JPG,18
images/004A28.JPG,28
images/041A06.JPG,6
images/022A20.JPG,20
images/050A18.JPG,18
images/048A54.JPG,54
images/078A02.JPG,2
images/071A45.JPG,45
images/045A32.JPG,32
images/070A00.JPG,0
images/021A06.JPG,6
images/030A00.JPG,0
images/018A18.JPG,18
images/048A11.JPG,11
images/013A18.JPG,18
images/033A14.JPG,14
images/072A29.JPG,29
images/002A31.JPG,31
images/031A14.JPG,14
images/002A38.JPG,38
images/011A02.JPG,2
images/018A33.JPG,33
images/040A03b.JPG,3
images/052A07.JPG,7
images/071A24.JPG,24
images/048A00.JPG,0
images/031A02.JPG,2
images/040A09.JPG,9
images/041A24.JPG,24
images/002A15.JPG,15
images/065A11.JPG,11
images/034A02.JPG,2
images/018A06.JPG,6
images/076A14.JPG,14
images/033A44.JPG,44
images/010A10.JPG,10
images/018A34.JPG,34
images/073A00.JPG,0
images/042A12.JPG,12
images/040A12.JPG,12
images/051A02.JPG,2
images/035A12.JPG,12
images/034A18.JPG,18
images/044A17.JPG,17
images/051A17.JPG,17
images/079A07.JPG,7
images/060A19.JPG,19
images/045A48.JPG,48
images/011A15.JPG,15
images/049A16.JPG,16
images/011A20.JPG,20
images/059A06.JPG,6
images/075A11.JPG,11
images/007A39.JPG,39
images/029A05.JPG,5
images/082A21.JPG,21
images/069A10.JPG,10
images/052A18.JPG,18
images/053A03.JPG,3
images/070A05.JPG,5
images/035A09.JPG,9
images/076A15.JPG,15
images/041A13.JPG,13
images/059A04.JPG,4
images/035A01.JPG,1
images/010A16.JPG,16
images/062A30.JPG,30
images/081A05.JPG,5
images/070A09.JPG,9
images/073A15.JPG,15
images/070A08.JPG,8
images/035A08.JPG,8
images/024A23.JPG,23
images/042A10.JPG,10
images/008A31.JPG,31
images/011A27.JPG,27
images/044A25.JPG,25
images/048A33.JPG,33
images/076A05.JPG,5
images/026A13.JPG,13
images/049A04.JPG,4
images/054A11.JPG,11
images/018A25.JPG,25
images/031A11.JPG,11
images/070A07.JPG,7
images/008A18.JPG,18
images/062A54.JPG,54
images/031A03.JPG,3
images/007A23.JPG,23
images/052A20.JPG,20
images/044A21.JPG,21
images/048A16.JPG,16
images/010A06.JPG,6
images/017A12.JPG,12
images/068A04.JPG,4
images/046A08.JPG,8
images/046A02.JPG,2
images/076A02.JPG,2
images/035A14.JPG,14
images/013A08.JPG,8
images/081A04.JPG,4
images/053A10.JPG,10
images/072A25.JPG,25
images/070A12.JPG,12
images/076A11.JPG,11
images/040A06.JPG,6
images/067A21.JPG,21
images/054A09.JPG,9
images/060A11.JPG,11
images/079A05.JPG,5
images/081A02.JPG,2
images/079A02.JPG,2
images/054A18.JPG,18
images/035A05.JPG,5
images/041A09.JPG,9
images/023A21.JPG,21
images/081A06.JPG,6
images/049A15.JPG,15
images/071A44.JPG,44
images/013A19.JPG,19
images/022A11.JPG,11
images/060A07.JPG,7
images/045A28.JPG,28
images/011A05.JPG,5
images/064A19.JPG,19
images/072A07.JPG,7
images/017A29.JPG,29
images/030A18.JPG,18
images/022A14.JPG,14
images/071A40.JPG,40
images/034A15.JPG,15
images/002A36.JPG,36
images/060A10.JPG,10
images/054A13.JPG,13
images/045A17.JPG,17
images/073A16.JPG,16
images/081A03.JPG,3
images/078A06.JPG,6
images/065A07b.JPG,7
images/054A19.JPG,19
images/067A33.JPG,33
images/068A00.JPG,0
images/062A41.JPG,41
images/076A10.JPG,10
images/069A03.JPG,3
images/075A06.JPG,6
images/076A13.JPG,13
images/040A02.JPG,2
images/051A14.JPG,14
images/071A22.JPG,22
images/026A18.JPG,18
images/035A03.JPG,3
images/073A12.JPG,12
images/004A37.JPG,37
images/007A26.JPG,26
images/026A04.JPG,4
images/046A18.JPG,18
images/022A00.JPG,0
images/064A01.JPG,1
images/073A09.JPG,9
images/053A06.JPG,6
images/056A03.JPG,3
images/051A08.JPG,8
images/079A10.JPG,10
images/060A12.JPG,12
images/013A25.JPG,25
images/042A28.JPG,28
images/010A05.JPG,5
images/026A02.JPG,2
images/075A05.JPG,5
images/008A08.JPG,8
images/078A11.JPG,11
images/017A05.JPG,5
images/041A04.JPG,4
images/079A13.JPG,13
images/017A36.JPG,36
images/024A17.JPG,17
images/048A27.JPG,27
images/022A23.JPG,23
images/040A07.JPG,7
images/079A06.JPG,6
images/048A50.JPG,50
images/046A01.JPG,1
images/050A16.JPG,16
images/052A14.JPG,14
images/023A22.JPG,22
images/002A29.JPG,29
images/076A03.JPG,3
images/065A02b.JPG,2
images/029A23.JPG,23
images/076A08.JPG,8
images/078A05.JPG,5
images/065A06a.JPG,6
images/023A14.JPG,14
images/017A15.JPG,15
images/051A05.JPG,5
images/078A10.JPG,10
images/034A04.JPG,4
images/062A15.JPG,15
images/073A02.JPG,2
images/045A19.JPG,19
images/031A06.JPG,6
images/076A16.JPG,16
images/050A00.JPG,0
images/044A05.JPG,5
images/002A21.JPG,21
images/065A03a.JPG,3
images/034A11.JPG,11
images/017A19.JPG,19
images/071A27.JPG,27
images/046A14.JPG,14
images/072A17.JPG,17
images/065A12.JPG,12
images/049A17.JPG,17
images/033A02.JPG,2
images/078A04.JPG,4
images/003A18.JPG,18
images/059A02b.JPG,2
images/064A10.JPG,10
images/046A10.JPG,10
images/065A10.JPG,10
images/030A16.JPG,16
images/045A06.JPG,6
images/067A28.JPG,28
images/013A41.JPG,41
images/023A00.JPG,0
images/018A36.JPG,36
images/034A13.JPG,13
images/082A16.JPG,16
images/024A07.JPG,7
images/075A10.JPG,10
images/017A17.JPG,17
images/078A12.JPG,12
images/003A20.JPG,20
images/070A06.JPG,6
images/068A03.JPG,3
images/069A05.JPG,5
images/049A06.JPG,6
images/054A12.JPG,12
images/053A18.JPG,18
images/030A07.JPG,7
images/045A43.JPG,43
images/023A29.JPG,29
images/082A22.JPG,22
images/017A42.JPG,42
images/060A06.JPG,6
images/023A07.JPG,7
images/023A05.JPG,5
images/075A00.JPG,0
images/003A49.JPG,49
images/056A12.JPG,12
images/054A16.JPG,16
images/046A04.JPG,4
images/075A02.JPG,2
images/008A17.JPG,17
images/031A19.JPG,19
images/054A10.JPG,10
images/052A19.JPG,19
images/060A05.JPG,5
images/040A14.JPG,14
images/068A11.JPG,11
images/017A32.JPG,32
images/071A35.JPG,35
images/017A07.JPG,7
images/008A13.JPG,13
images/033A05.JPG,5
images/007A37.JPG,37
images/010A01.JPG,1
images/069A00.JPG,0
images/026A17.JPG,17
images/071A18.JPG,18
images/008A41.JPG,41
images/065A06b.JPG,6
images/082A03.JPG,3
images/030A05.JPG,5
images/031A16.JPG,16
images/023A25.JPG,25
images/011A17.JPG,17
images/002A26.JPG,26
images/008A06.JPG,6
images/040A10.JPG,10
images/059A14.JPG,14
images/023A16.JPG,16
images/021A39.JPG,39
images/034A30.JPG,30
images/059A16.JPG,16
images/010A07a.JPG,7
images/029A33.JPG,33
images/060A08.JPG,8
images/003A60.JPG,60
images/034A35.JPG,35
images/067A23.JPG,23
images/029A11.JPG,11
images/003A47.JPG,47
images/023A03.JPG,3
images/051A18.JPG,18
images/072A21.JPG,21
images/050A03.JPG,3
images/022A07.JPG,7
images/071A43.JPG,43
images/008A12.JPG,12
images/002A20.JPG,20
images/068A14.JPG,14
images/073A06.JPG,6
images/048A18.JPG,18
images/011A40.JPG,40
images/071A00.JPG,0
images/044A07.JPG,7
images/034A25.JPG,25
images/052A10.JPG,10
images/065A02a.JPG,2
images/081A07.JPG,7
images/042A18.JPG,18
images/067A26.JPG,26
images/017A22.JPG,22
images/050A14.JPG,14
images/067A39.JPG,39
images/078A08.JPG,8
images/051A16.JPG,16
images/011A30.JPG,30
images/079A08.JPG,8
images/041A20.JPG,20
images/072A41.JPG,41
images/022A18.JPG,18
images/013A16.JPG,16
images/068A10a.JPG,10
images/010A18.JPG,18
images/024A00.JPG,0
images/082A00.JPG,0
images/004A21.JPG,21
images/030A17.JPG,17
images/069A11.JPG,11
images/029A20.JPG,20
images/054A17.JPG,17
images/065A03b.JPG,3
images/002A03.JPG,3
images/011A07.JPG,7
images/011A11.JPG,11
images/079A09.JPG,9
images/021A05.JPG,5
images/004A26.JPG,26
images/030A26.JPG,26
images/022A16.JPG,16
images/072A19.JPG,19
images/053A13.JPG,13
images/004A62.JPG,62
images/051A00.JPG,0
images/075A07.JPG,7
images/033A18.JPG,18
images/081A11.JPG,11
images/042A04.JPG,4
images/026A19.JPG,19
images/035A18.JPG,18
images/002A18.JPG,18
images/078A09.JPG,9
images/052A17.JPG,17
images/078A14.JPG,14
images/073A05.JPG,5
images/042A14.JPG,14
images/067A14.JPG,14
images/003A61.JPG,61
images/056A02.JPG,2
images/081A08.JPG,8
images/042A00.JPG,0
images/029A10.JPG,10
images/040A03a.JPG,3
images/042A24.JPG,24
images/007A22.JPG,22
images/040A19.JPG,19
images/010A07b.JPG,7
images/031A00.JPG,0
images/007A45.JPG,45
images/064A04.JPG,4
images/034A16.JPG,16
images/040A00.JPG,0
images/033A30.JPG,30
images/048A46.JPG,46
images/010A15.JPG,15
images/042A05.JPG,5
images/062A45.JPG,45
images/022A30.JPG,30
images/082A18.JPG,18
images/053A15.JPG,15
images/068A13.JPG,13
images/076A00.JPG,0
images/029A16.JPG,16
images/034A21.JPG,21
images/017A38.JPG,38
images/078A00.JPG,0
images/018A28.JPG,28
images/011A14.JPG,14
images/070A01.JPG,1
images/059A12.JPG,12
images/079A04.JPG,4
images/048A09.JPG,9
images/076A07.JPG,7
images/048A17.JPG,17
images/078A03.JPG,3
images/068A12.JPG,12
images/075A01.JPG,1
images/056A10.JPG,10
images/024A28.JPG,28
images/048A10.JPG,10
images/046A12.JPG,12
images/056A04.JPG,4
images/013A44.JPG,44
images/079A01.JPG,1
images/033A39.JPG,39
images/072A45.JPG,45
images/054A02.JPG,2
images/059A03.JPG,3
images/071A10.JPG,10
images/035A00.JPG,0
images/053A11.JPG,11
images/013A21.JPG,21
images/018A22.JPG,22
images/050A10.JPG,10
images/062A03.JPG,3
images/081A12.JPG,12
images/024A30.JPG,30
images/026A00.JPG,0
images/045A12.JPG,12
images/073A03.JPG,3
images/021A20.JPG,20
images/018A11.JPG,11
images/079A11.JPG,11
images/068A10b.JPG,10
images/007A01.JPG,1
images/076A12.JPG,12
images/067A30.JPG,30
images/046A06.JPG,6
images/031A07.JPG,7
images/010A04.JPG,4
images/056A15.JPG,15
images/041A19.JPG,19
images/062A38.JPG,38
images/070A02.JPG,2
images/035A23b.JPG,23
images/073A07.JPG,7
images/041A02.JPG,2
images/076A09.JPG,9
images/065A07a.JPG,7
images/064A03.JPG,3
images/053A02.JPG,2
images/004A19.JPG,19
images/073A11.JPG,11
images/069A09.JPG,9
images/040A05.JPG,5
images/049A07.JPG,7
images/046A17.JPG,17
images/008A21.JPG,21
images/022A28.JPG,28
images/004A48.JPG,48
images/021A27.JPG,27
images/065A04.JPG,4
images/051A12.JPG,12
images/004A30.JPG,30
images/062A47.JPG,47
images/021A23.JPG,23
images/064A15.JPG,15
images/044A15.JPG,15
images/060A04.JPG,4
images/076A04.JPG,4
images/065A08.JPG,8
images/024A05.JPG,5
images/023A09.JPG,9
images/035A21.JPG,21
images/031A15.JPG,15
images/008A30.JPG,30
images/052A04.JPG,4
images/044A01.JPG,1
images/035A07.JPG,7
images/079A12.JPG,12
images/023A18.JPG,18
images/034A39.JPG,39
images/073A04.JPG,4
images/029A01.JPG,1
images/053A12.JPG,12
images/024A18.JPG,18
images/081A00.JPG,0
images/013A30.JPG,30
images/029A31.JPG,31
images/002A04.JPG,4
images/004A40.JPG,40
images/033A21.JPG,21
images/021A03.JPG,3
images/046A20.JPG,20
images/048A49.JPG,49
images/007A18.JPG,18
images/035A16.JPG,16
images/034A44.JPG,44
images/013A34.JPG,34
images/078A07.JPG,7
images/045A40.JPG,40
images/072A11.JPG,11
images/008A35.JPG,35
images/022A25.JPG,25
images/082A23.JPG,23
images/073A01.JPG,1
images/073A08.JPG,8
images/053A04.JPG,4
images/002A12.JPG,12
images/082A20.JPG,20
images/031A09.JPG,9
images/062A35.JPG,35
images/072A14.JPG,14
images/048A30.JPG,30
images/073A14.JPG,14
images/008A03.JPG,3
images/044A18.JPG,18
images/073A13.JPG,13
images/021A11.JPG,11
images/010A09.JPG,9
images/062A18.JPG,18
images/010A12.JPG,12
images/053A01.JPG,1
images/003A25.JPG,25
images/052A02.JPG,2
images/026A11.JPG,11
images/065A13.JPG,13
images/003A35.JPG,35
images/029A13.JPG,13
images/008A16.JPG,16
images/071A23.JPG,23
images/054A06.JPG,6
images/082A31.JPG,31
images/065A09.JPG,9
images/046A16.JPG,16
images/002A07.JPG,7
images/022A27.JPG,27
images/056A01.JPG,1
images/045A08.JPG,8
images/030A23.JPG,23
images/060A02.JPG,2
images/042A06.JPG,6
images/040A16.JPG,16
images/068A09.JPG,9
images/024A19.JPG,19
images/049A12.JPG,12
images/029A22.JPG,22
images/078A13.JPG,13
images/051A24.JPG,24
images/002A23.JPG,23
images/076A06.JPG,6
images/079A00.JPG,0
images/035A23a.JPG,23
images/046A00.JPG,0
images/071A42.JPG,42
images/045A25.JPG,25
images/079A03.JPG,3
images/018A29.JPG,29
images/075A03.JPG,3
images/075A08.JPG,8
images/042A01.JPG,1
images/069A02.JPG,2
images/067A04.JPG,4
images/022A26.JPG,26
images/031A04.JPG,4
images/054A04.JPG,4
images/026A06.JPG,6
images/082A27.JPG,27
images/002A16.JPG,16
images/049A08.JPG,8
images/021A30.JPG,30
images/002A05.JPG,5
images/072A13.JPG,13
images/029A29.JPG,29
images/070A14.JPG,14
images/067A17.JPG,17
images/041A21.JPG,21
images/008A33.JPG,33
images/054A00.JPG,0
