images/020A26.JPG,26
images/043A23.JPG,23
images/063A22.JPG,22
images/065A10.JPG,10
images/043A27.JPG,27
images/082A23.JPG,23
images/013A41.JPG,41
images/032A13.JPG,13
images/017A36.JPG,36
images/074A14.JPG,14
images/065A12.JPG,12
images/035A01.JPG,1
images/001A43a.JPG,43
images/011A02.JPG,2
images/038A17.JPG,17
images/001A40.JPG,40
images/058A02.JPG,2
images/080A10.JPG,10
images/032A08.JPG,8
images/065A09.JPG,9
images/003A35.JPG,35
images/008A41.JPG,41
images/024A25.JPG,25
images/042A20.JPG,20
images/016A04.JPG,4
images/070A08.JPG,8
images/074A02.JPG,2
images/074A12.JPG,12
images/076A09.JPG,9
images/052A04.JPG,4
images/013A21.JPG,21
images/017A38.JPG,38
images/076A04.JPG,4
images/073A02.JPG,2
images/008A21.JPG,21
images/026A15.JPG,15
images/008A18.JPG,18
images/066A08.JPG,8
images/003A47.JPG,47
images/019A00.JPG,0
images/054A19.JPG,19
images/070A09.JPG,9
images/006A40.JPG,40
images/040A03b.JPG,3
images/011A30.JPG,30
images/053A18.JPG,18
images/013A34.JPG,34
images/029A20.JPG,20
images/058A03.JPG,3
images/040A21.JPG,21
images/018A29.JPG,29
images/033A02.JPG,2
images/074A04.JPG,4
images/080A06.JPG,6
images/037A04.JPG,4
images/019A23.JPG,23
images/003A61.JPG,61
images/082A18.JPG,18
images/010A16.JPG,16
images/008A29.JPG,29
images/073A09.JPG,9
images/063A08.JPG,8
images/006A69.JPG,69
images/029A13.JPG,13
images/027A41.JPG,41
images/040A05.JPG,5
images/065A07a.JPG,7
images/061A26.JPG,26
images/029A05.JPG,5
images/012A34.JPG,34
images/029A11.JPG,11
images/081A06.JPG,6
images/066A10.JPG,10
images/016A16.JPG,16
images/073A07.JPG,7
images/042A28.JPG,28
images/035A00.JPG,0
images/058A13.JPG,13
images/070A03.JPG,3
images/061A15.JPG,15
images/082A27.JPG,27
images/052A16.JPG,16
images/033A30.JPG,30
images/043A04.JPG,4
images/020A22.JPG,22
images/076A08.JPG,8
images/033A05.JPG,5
images/055A23.JPG,23
images/038A10.JPG,10
images/009A16a.JPG,16
images/033A21.JPG,21
images/036A06.JPG,6
images/074A09.JPG,9
images/060A19.JPG,19
images/042A18.JPG,18
images/020A36.JPG,36
images/006A51.JPG,51
images/010A18.JPG,18
images/027A30.JPG,30
images/070A00.JPG,0
images/052A13.JPG,13
images/073A04.JPG,4
images/081A01.JPG,1
images/082A22.JPG,22
images/003A38.JPG,38
images/007A38.JPG,38
images/066A04.JPG,4
images/009A09.JPG,9
images/063A02.JPG,2
images/012A26.JPG,26
images/017A12.JPG,12
images/052A19.JPG,19
images/035A23a.JPG,23
images/067A21.JPG,21
images/066A06a.JPG,6
images/017A26.JPG,26
images/001A43b.JPG,43
images/063A00.JPG,0
images/036A08.JPG,8
images/027A22.JPG,22
images/050A06.JPG,6
images/020A30.JPG,30
images/013A25.JPG,25
images/038A03.JPG,3
images/011A11.JPG,11
images/009A01.JPG,1
images/016A10.JPG,10
images/007A26.JPG,26
images/067A23.JPG,23
images/076A06.JPG,6
images/080A09.JPG,9
images/061A29.JPG,29
images/059A14.JPG,14
images/053A12.JPG,12
images/073A01.JPG,1
images/065A06a.JPG,6
images/066A03.JPG,3
images/018A33.JPG,33
images/038A01.JPG,1
images/006A67.JPG,67
images/007A45.JPG,45
images/013A30.JPG,30
images/080A00.JPG,0
images/065A04.JPG,4
images/024A23.JPG,23
images/074A10.JPG,10
images/052A20.JPG,20
images/001A08.JPG,8
images/052A18.JPG,18
images/040A14.JPG,14
images/008A30.JPG,30
images/018A36.JPG,36
images/012A30.JPG,30
images/071A45.JPG,45
images/068A13.JPG,13
images/076A13.JPG,13
images/042A04.JPG,4
images/003A20.JPG,20
images/019A12.JPG,12
images/040A02.JPG,2
images/036A18.JPG,18
images/032A10.JPG,10
images/076A01.JPG,1
images/061A17.JPG,17
images/028A14.JPG,14
images/066A11.JPG,11
images/036A11.JPG,11
images/035A07.JPG,7
images/016A05.JPG,5
images/073A05.JPG,5
images/053A04.JPG,4
images/060A12.JPG,12
images/065A03b.JPG,3
images/010A05.JPG,5
images/012A04.JPG,4
images/029A10.JPG,10
images/003A23.JPG,23
images/078A10.JPG,10
images/081A05.JPG,5
images/001A19.JPG,19
images/038A00.JPG,0
images/078A01.JPG,1
images/010A12.JPG,12
images/061A25.JPG,25
images/006A28.JPG,28
images/020A08.JPG,8
images/071A10.JPG,10
images/042A24.JPG,24
images/058A10.JPG,10
images/073A12.JPG,12
images/054A13.JPG,13
images/032A28.JPG,28
images/066A06b.JPG,6
images/003A60.JPG,60
images/060A06.JPG,6
images/050A18.JPG,18
images/042A05.JPG,5
images/012A12.JPG,12
images/036A03.JPG,3
images/078A02.JPG,2
images/081A04.JPG,4
images/008A31.JPG,31
images/061A19.JPG,19
images/076A12.JPG,12
images/016A18.JPG,18
images/009A05.JPG,5
images/007A39.JPG,39
images/052A14.JPG,14
images/028A35.JPG,35
images/011A34.JPG,34
images/008A13.JPG,13
images/082A21.JPG,21
images/032A35.JPG,35
images/028A34.JPG,34
images/033A18.JPG,18
images/040A12.JPG,12
images/078A13.JPG,13
images/009A22a.JPG,22
images/073A08.JPG,8
images/036A15.JPG,15
images/035A18.JPG,18
images/043A13.JPG,13
images/012A27.JPG,27
images/018A18.JPG,18
images/065A02a.JPG,2
images/009A16b.JPG,16
images/059A03.JPG,3
images/061A04.JPG,4
images/001A33.JPG,33
images/071A42.JPG,42
images/003A25.JPG,25
images/074A05.JPG,5
images/059A07.JPG,7
images/067A39.JPG,39
images/026A13.JPG,13
images/060A08.JPG,8
images/016A03.JPG,3
images/042A00.JPG,0
images/043A19.JPG,19
images/073A13.JPG,13
images/074A08.JPG,8
images/059A06.JPG,6
images/001A22.JPG,22
images/053A02.JPG,2
images/052A10.JPG,10
images/035A21.JPG,21
images/011A07.JPG,7
images/028A41.JPG,41
images/053A01.JPG,1
images/054A16.JPG,16
images/008A33.JPG,33
images/009A13.JPG,13
images/081A00.JPG,0
images/058A17.JPG,17
images/017A42.JPG,42
images/019A15.JPG,15
images/024A10.JPG,10
images/054A09.JPG,9
images/016A01.JPG,1
images/076A10.JPG,10
images/026A11.JPG,11
images/018A28.JPG,28
images/067A04.JPG,4
images/054A11.JPG,11
images/010A15.JPG,15
images/059A02b.JPG,2
images/040A09.JPG,9
images/035A03.JPG,3
images/028A18.JPG,18
images/017A29.JPG,29
images/066A02b.JPG,2
images/078A08.JPG,8
images/042A10.JPG,10
images/037A01.JPG,1
images/076A03.JPG,3
images/063A33.JPG,33
images/059A02a.JPG,2
images/001A28.JPG,28
images/071A22.JPG,22
images/037A11.JPG,11
images/081A03.JPG,3
images/008A16.JPG,16
images/060A07.JPG,7
images/078A04.JPG,4
images/065A06b.JPG,6
images/073A11.JPG,11
images/068A10b.JPG,10
images/012A25.JPG,25
images/037A13.JPG,13
images/024A18.JPG,18
images/008A17.JPG,17
images/058A00.JPG,0
images/033A25.JPG,25
images/063A20.JPG,20
images/068A03.JPG,3
images/054A18.JPG,18
images/029A31.JPG,31
images/070A06.JPG,6
images/055A22.JPG,22
images/064A19.JPG,19
images/040A00.JPG,0
images/009A11.JPG,11
images/074A03.JPG,3
images/027A16.JPG,16
images/070A02.JPG,2
images/040A06.JPG,6
images/067A14.JPG,14
images/050A00.JPG,0
images/001A29.JPG,29
images/063A18.JPG,18
images/068A11.JPG,11
images/038A13.JPG,13
images/027A20.JPG,20
images/001A14.JPG,14
images/037A19.JPG,19
images/076A07.JPG,7
images/065A11.JPG,11
images/036A00.JPG,0
images/013A16.JPG,16
images/040A10.JPG,10
images/024A07.JPG,7
images/058A06.JPG,6
images/053A11.JPG,11
images/055A05.JPG,5
images/029A22.JPG,22
images/011A17.JPG,17
images/060A20.JPG,20
images/076A00.JPG,0
images/018A34.JPG,34
images/082A03.JPG,3
images/020A11.JPG,11
images/059A04.JPG,4
images/043A17.JPG,17
images/020A16.JPG,16
images/058A01.JPG,1
images/038A05.JPG,5
images/020A02.JPG,2
images/063A25.JPG,25
images/008A06.JPG,6
images/078A12.JPG,12
images/018A06.JPG,6
images/078A05.JPG,5
images/071A00.JPG,0
images/026A04.JPG,4
images/070A05.JPG,5
images/017A17.JPG,17
images/036A17.JPG,17
images/040A19.JPG,19
images/059A12.JPG,12
images/060A11.JPG,11
images/035A09.JPG,9
images/028A37.JPG,37
images/071A18.JPG,18
images/011A13.JPG,13
images/016A17.JPG,17
images/055A08.JPG,8
images/064A10.JPG,10
images/026A00.JPG,0
images/040A07.JPG,7
images/012A14.JPG,14
images/042A14.JPG,14
images/042A06.JPG,6
images/016A07.JPG,7
images/061A32.JPG,32
images/073A16.JPG,16
images/037A06.JPG,6
images/037A17.JPG,17
images/054A02.JPG,2
images/003A58.JPG,58
images/006A31.JPG,31
images/060A02.JPG,2
images/012A36.JPG,36
images/009A18.JPG,18
images/040A16.JPG,16
images/035A14.JPG,14
images/018A16.JPG,16
images/081A11.JPG,11
images/001A05.JPG,5
images/058A04.JPG,4
images/003A18.JPG,18
images/073A15.JPG,15
images/006A61.JPG,61
images/065A03a.JPG,3
images/065A02b.JPG,2
images/068A04.JPG,4
images/024A05.JPG,5
images/007A23.JPG,23
images/078A14.JPG,14
images/024A30.JPG,30
images/076A14.JPG,14
images/032A06.JPG,6
images/055A04.JPG,4
images/071A40.JPG,40
images/064A01.JPG,1
images/080A07.JPG,7
images/007A01.JPG,1
images/068A12.JPG,12
images/055A06.JPG,6
images/012A23.JPG,23
images/037A09.JPG,9
images/082A20.JPG,20
images/009A00.JPG,0
images/032A18.JPG,18
images/074A07.JPG,7
images/073A00.JPG,0
images/068A00.JPG,0
images/003A49.JPG,49
images/026A07.JPG,7
images/053A00.JPG,0
images/054A17.JPG,17
images/060A04.JPG,4
images/081A12.JPG,12
images/012A21.JPG,21
images/061A07.JPG,7
images/006A36.JPG,36
images/040A03a.JPG,3
images/050A10.JPG,10
images/063A09.JPG,9
images/064A15.JPG,15
images/010A10.JPG,10
images/026A19.JPG,19
images/037A08.JPG,8
images/016A12.JPG,12
images/065A08.JPG,8
images/026A17.JPG,17
images/042A01.JPG,1
images/080A05.JPG,5
images/080A08.JPG,8
images/070A07.JPG,7
images/008A03.JPG,3
images/058A05.JPG,5
images/032A40.JPG,40
images/060A10.JPG,10
images/033A39.JPG,39
images/033A14.JPG,14
images/076A05.JPG,5
images/043A10.JPG,10
images/010A04.JPG,4
images/071A44.JPG,44
images/071A24.JPG,24
images/067A17.JPG,17
images/050A22.JPG,22
images/061A18.JPG,18
images/032A24.JPG,24
images/043A00.JPG,0
images/032A15.JPG,15
images/082A31.JPG,31
images/080A13.JPG,13
images/011A05.JPG,5
images/017A32.JPG,32
images/038A11.JPG,11
images/007A22.JPG,22
images/011A42.JPG,42
images/008A08.JPG,8
images/043A15.JPG,15
images/024A17.JPG,17
images/055A12.JPG,12
images/035A08.JPG,8
images/027A02.JPG,2
images/026A06.JPG,6
images/016A14.JPG,14
images/011A20.JPG,20
images/017A15.JPG,15
images/053A10.JPG,10
images/037A02.JPG,2
images/076A17.JPG,17
images/078A03.JPG,3
images/078A11.JPG,11
images/078A15.JPG,15
images/038A34.JPG,34
images/013A19.JPG,19
images/081A10.JPG,10
images/024A28.JPG,28
images/050A03.JPG,3
images/081A02.JPG,2
images/033A35.JPG,35
images/073A06.JPG,6
images/012A18.JPG,18
images/052A07.JPG,7
images/019A03.JPG,3
images/038A08.JPG,8
images/013A18.JPG,18
images/036A13.JPG,13
images/054A00.JPG,0
images/011A15.JPG,15
images/029A01.JPG,1
images/018A25.JPG,25
images/073A03.JPG,3
images/019A27.JPG,27
images/036A19.JPG,19
images/061A06.JPG,6
images/032A20.JPG,20
images/018A22.JPG,22
images/010A07b.JPG,7
images/020A20.JPG,20
images/037A00.JPG,0
images/080A03.JPG,3
images/027A36.JPG,36
images/080A01.JPG,1
images/027A18.JPG,18
images/078A00.JPG,0
images/020A24.JPG,24
images/036A05.JPG,5
images/080A04.JPG,4
images/001A18.JPG,18
images/053A15.JPG,15
images/078A07.JPG,7
images/013A44.JPG,44
images/074A06.JPG,6
images/074A11.JPG,11
images/038A23.JPG,23
images/053A13.JPG,13
images/008A12.JPG,12
images/082A16.JPG,16
images/071A27.JPG,27
images/009A03.JPG,3
images/006A46.JPG,46
images/001A02.JPG,2
images/035A12.JPG,12
images/038A21.JPG,21
images/076A16.JPG,16
images/054A06.JPG,6
images/070A14.JPG,14
images/061A30.JPG,30
images/076A15.JPG,15
images/053A06.JPG,6
images/052A17.JPG,17
images/036A01.JPG,1
images/071A35.JPG,35
images/064A04.JPG,4
images/028A28.JPG,28
images/006A24.JPG,24
images/020A18.JPG,18
images/080A12.JPG,12
images/028A16.JPG,16
images/012A32.JPG,32
images/029A23.JPG,23
images/076A02.JPG,2
images/061A10.JPG,10
images/067A33.JPG,33
images/058A15.JPG,15
images/024A00.JPG,0
images/081A08.JPG,8
images/036A20.JPG,20
images/060A17.JPG,17
images/035A05.JPG,5
images/028A20.JPG,20
images/028A46.JPG,46
images/078A09.JPG,9
images/066A07.JPG,7
images/043A03.JPG,3
images/073A14.JPG,14
images/042A12.JPG,12
images/043A05.JPG,5
images/067A26.JPG,26
images/064A03.JPG,3
images/029A16.JPG,16
images/042A08.JPG,8
images/081A07.JPG,7
images/080A14.JPG,14
images/019A07.JPG,7
images/008A35.JPG,35
images/018A11.JPG,11
images/019A05.JPG,5
images/065A07b.JPG,7
images/009A22b.JPG,22
images/071A23.JPG,23
images/050A14.JPG,14
images/059A16.JPG,16
images/029A04.JPG,4
images/013A00.JPG,0
images/068A09.JPG,9
images/066A00.JPG,0
images/033A10.JPG,10
images/038A04.JPG,4
images/082A00.JPG,0
images/020A13.JPG,13
images/010A07a.JPG,7
images/019A30.JPG,30
images/035A16.JPG,16
images/027A13.JPG,13
images/038A14.JPG,14
images/027A25.JPG,25
images/078A06.JPG,6
images/066A09.JPG,9
images/017A22.JPG,22
images/029A29.JPG,29
images/013A08.JPG,8
images/032A33.JPG,33
images/076A11.JPG,11
images/011A40.JPG,40
images/011A14.JPG,14
images/074A13.JPG,13
images/009A14.JPG,14
images/071A43.JPG,43
images/037A18.JPG,18
images/068A14.JPG,14
images/029A33.JPG,33
images/068A10a.JPG,10
images/006A42.JPG,42
images/020A04.JPG,4
images/016A19.JPG,19
images/074A00.JPG,0
images/026A02.JPG,2
images/033A44.JPG,44
images/011A27.JPG,27
images/067A30.JPG,30
images/012A24.JPG,24
images/010A09.JPG,9
images/060A05.JPG,5
images/082A25.JPG,25
images/028A26.JPG,26
images/065A13.JPG,13
images/016A08.JPG,8
images/010A06.JPG,6
images/054A04.JPG,4
images/013A23.JPG,23
images/017A05.JPG,5
images/050A16.JPG,16
images/007A18.JPG,18
images/054A12.JPG,12
images/074A01.JPG,1
images/066A02a.JPG,2
images/003A51.JPG,51
images/053A03.JPG,3
images/067A28.JPG,28
images/006A55.JPG,55
images/024A19.JPG,19
images/012A07.JPG,7
images/019A18.JPG,18
images/010A01.JPG,1
images/074A15.JPG,15
images/054A10.JPG,10
images/063A04.JPG,4
images/052A02.JPG,2
images/017A19.JPG,19
images/027A11.JPG,11
images/017A07.JPG,7
images/070A12.JPG,12
images/080A02.JPG,2
images/055A14.JPG,14
images/001A10.JPG,10
images/053A08.JPG,8
images/001A16.JPG,16
images/026A18.JPG,18
images/007A37.JPG,37
images/035A23b.JPG,23
images/070A01.JPG,1
