images/063A08.JPG,8
images/002A03.JPG,3
images/017A38.JPG,38
images/010A12.JPG,12
images/042A14.JPG,14
images/057A25.JPG,25
images/065A04.JPG,4
images/041A02.JPG,2
images/075A06.JPG,6
images/072A11.JPG,11
images/069A02.JPG,2
images/009A03.JPG,3
images/053A11.JPG,11
images/026A18.JPG,18
images/055A22.JPG,22
images/033A18.JPG,18
images/026A11.JPG,11
images/039A15.JPG,15
images/082A20.JPG,20
images/023A16.JPG,16
images/032A18.JPG,18
images/082A22.JPG,22
images/010A04.JPG,4
images/042A24.JPG,24
images/061A04.JPG,4
images/072A21.JPG,21
images/073A16.JPG,16
images/063A00.JPG,0
images/054A12.JPG,12
images/053A00.JPG,0
images/009A13.JPG,13
images/062A45.JPG,45
images/033A44.JPG,44
images/076A10.JPG,10
images/037A01.JPG,1
images/032A13.JPG,13
images/074A03.JPG,3
images/032A10.JPG,10
images/072A02.JPG,2
images/039A35.JPG,35
images/043A15.JPG,15
images/072A29.JPG,29
images/059A02b.JPG,2
images/016A04.JPG,4
images/035A21.JPG,21
images/021A18.JPG,18
images/057A07.JPG,7
images/002A36.JPG,36
images/048A49.JPG,49
images/057A18.JPG,18
images/042A28.JPG,28
images/017A19.JPG,19
images/056A06.JPG,6
images/002A15.JPG,15
images/061A06.JPG,6
images/073A03.JPG,3
images/026A19.JPG,19
images/056A12.JPG,12
images/082A31.JPG,31
images/039A45.JPG,45
images/037A19.JPG,19
images/036A06.JPG,6
images/064A04.JPG,4
images/016A07.JPG,7
images/026A00.JPG,0
images/066A09.JPG,9
images/055A05.JPG,5
images/048A10.JPG,10
images/027A13.JPG,13
images/065A12.JPG,12
images/029A33.JPG,33
images/007A38.JPG,38
images/011A20.JPG,20
images/069A13.JPG,13
images/053A04.JPG,4
images/069A06.JPG,6
images/050A18.JPG,18
images/032A15.JPG,15
images/017A17.JPG,17
images/007A45.JPG,45
images/075A07.JPG,7
images/021A30.JPG,30
images/043A17.JPG,17
images/050A16.JPG,16
images/073A11.JPG,11
images/007A37.JPG,37
images/038A14.JPG,14
images/075A00.JPG,0
images/043A19.JPG,19
images/069A10.JPG,10
images/075A10.JPG,10
images/041A19.JPG,19
images/058A01.JPG,1
images/021A27.JPG,27
images/016A19.JPG,19
images/063A09.JPG,9
images/011A02.JPG,2
images/025A12.JPG,12
images/029A22.JPG,22
images/002A31.JPG,31
images/038A13.JPG,13
images/005A52.JPG,52
images/029A29.JPG,29
images/043A27.JPG,27
images/039A17.JPG,17
images/037A11.JPG,11
images/073A06.JPG,6
images/044A25.JPG,25
images/054A04.JPG,4
images/048A54.JPG,54
images/054A13.JPG,13
images/074A07.JPG,7
images/037A08.JPG,8
images/048A17.JPG,17
images/014A03.JPG,3
images/055A12.JPG,12
images/073A01.JPG,1
images/057A23.JPG,23
images/064A03.JPG,3
images/074A04.JPG,4
images/016A18.JPG,18
images/021A23.JPG,23
images/038A10.JPG,10
images/005A48.JPG,48
images/050A10.JPG,10
images/069A00.JPG,0
images/061A19.JPG,19
images/074A06.JPG,6
images/036A17.JPG,17
images/014A14.JPG,14
images/036A08.JPG,8
images/041A20.JPG,20
images/055A06.JPG,6
images/023A18.JPG,18
images/068A03.JPG,3
images/062A15.JPG,15
images/050A03.JPG,3
images/011A05.JPG,5
images/055A04.JPG,4
images/033A10.JPG,10
images/007A01.JPG,1
images/044A05.JPG,5
images/039A11.JPG,11
images/042A08.JPG,8
images/026A02.JPG,2
images/033A05.JPG,5
images/029A31.JPG,31
images/042A20.JPG,20
images/068A11.JPG,11
images/074A00.JPG,0
images/016A08.JPG,8
images/053A02.JPG,2
images/033A35.JPG,35
images/074A01.JPG,1
images/009A11.JPG,11
images/062A16.JPG,16
images/029A16.JPG,16
images/011A17.JPG,17
images/066A07.JPG,7
images/038A05.JPG,5
images/003A47.JPG,47
images/044A21.JPG,21
images/069A11.JPG,11
images/036A15.JPG,15
images/016A17.JPG,17
images/003A49.JPG,49
images/075A01.JPG,1
images/044A01.JPG,1
images/048A11.JPG,11
images/056A10.JPG,10
images/032A08.JPG,8
images/036A03.JPG,3
images/023A03.JPG,3
images/025A18.JPG,18
images/005A35.JPG,35
images/039A16.JPG,16
images/061A10.JPG,10
images/065A03b.JPG,3
images/043A00.JPG,0
images/038A23.JPG,23
images/065A13.JPG,13
images/027A25.JPG,25
images/074A15.JPG,15
images/007A39.JPG,39
images/072A34.JPG,34
images/023A00.JPG,0
images/066A06b.JPG,6
images/036A20.JPG,20
images/027A16.JPG,16
images/073A12.JPG,12
images/014A22.JPG,22
images/070A09.JPG,9
images/074A08.JPG,8
images/082A23.JPG,23
images/065A08.JPG,8
images/002A38.JPG,38
images/036A13.JPG,13
images/026A17.JPG,17
images/057A05.JPG,5
images/043A10.JPG,10
images/003A58.JPG,58
images/048A09.JPG,9
images/057A06.JPG,6
images/002A16.JPG,16
images/026A06.JPG,6
images/065A09.JPG,9
images/023A07.JPG,7
images/027A18.JPG,18
images/017A29.JPG,29
images/003A60.JPG,60
images/075A11.JPG,11
images/011A34.JPG,34
images/006A40.JPG,40
images/015A12.JPG,12
images/002A21.JPG,21
images/006A31.JPG,31
images/041A00.JPG,0
images/065A02a.JPG,2
images/072A13.JPG,13
images/061A29.JPG,29
images/037A02.JPG,2
images/010A07a.JPG,7
images/059A14.JPG,14
images/002A29.JPG,29
images/033A25.JPG,25
images/027A30.JPG,30
images/048A16.JPG,16
images/065A07a.JPG,7
images/063A18.JPG,18
images/076A09.JPG,9
images/035A07.JPG,7
images/070A07.JPG,7
images/053A15.JPG,15
images/007A23.JPG,23
images/054A11.JPG,11
images/037A17.JPG,17
images/061A30.JPG,30
images/059A16.JPG,16
images/025A19.JPG,19
images/070A05.JPG,5
images/061A18.JPG,18
images/066A02b.JPG,2
images/041A06.JPG,6
images/069A09.JPG,9
images/072A19.JPG,19
images/010A07b.JPG,7
images/064A01.JPG,1
images/035A00.JPG,0
images/074A05.JPG,5
images/038A34.JPG,34
images/082A25.JPG,25
images/006A69.JPG,69
images/070A01.JPG,1
images/074A02.JPG,2
images/011A13.JPG,13
images/043A23.JPG,23
images/021A35.JPG,35
images/016A10.JPG,10
images/016A03.JPG,3
images/064A10.JPG,10
images/037A04.JPG,4
images/038A08.JPG,8
images/021A05.JPG,5
images/021A39.JPG,39
images/042A12.JPG,12
images/068A14.JPG,14
images/029A04.JPG,4
images/062A18.JPG,18
images/017A07.JPG,7
images/054A19.JPG,19
images/009A16b.JPG,16
images/057A16.JPG,16
images/035A01.JPG,1
images/070A00.JPG,0
images/003A20.JPG,20
images/058A04.JPG,4
images/058A13.JPG,13
images/054A16.JPG,16
images/015A00.JPG,0
images/029A05.JPG,5
images/009A22b.JPG,22
images/025A22.JPG,22
images/063A33.JPG,33
images/044A07.JPG,7
images/003A38.JPG,38
images/059A06.JPG,6
images/082A03.JPG,3
images/063A22.JPG,22
images/074A14.JPG,14
images/006A55.JPG,55
images/011A07.JPG,7
images/038A04.JPG,4
images/066A00.JPG,0
images/029A10.JPG,10
images/058A05.JPG,5
images/010A01.JPG,1
images/054A00.JPG,0
images/048A18.JPG,18
images/073A14.JPG,14
images/075A08.JPG,8
images/053A01.JPG,1
images/017A36.JPG,36
images/038A00.JPG,0
images/039A19.JPG,19
images/076A15.JPG,15
images/042A10.JPG,10
images/038A17.JPG,17
images/027A02.JPG,2
images/073A07.JPG,7
images/039A13.JPG,13
images/082A16.JPG,16
images/032A24.JPG,24
images/002A05.JPG,5
images/014A30.JPG,30
images/036A00.JPG,0
images/015A05.JPG,5
images/058A02.JPG,2
images/010A09.JPG,9
images/072A14.JPG,14
images/073A08.JPG,8
images/072A27.JPG,27
images/042A18.JPG,18
images/054A09.JPG,9
images/066A02a.JPG,2
images/068A10b.JPG,10
images/048A15.JPG,15
images/002A18.JPG,18
images/006A61.JPG,61
images/043A13.JPG,13
images/069A07.JPG,7
images/053A10.JPG,10
images/027A36.JPG,36
images/035A23b.JPG,23
images/041A24.JPG,24
images/023A25.JPG,25
images/073A05.JPG,5
images/082A18.JPG,18
images/033A02.JPG,2
images/058A15.JPG,15
images/023A14.JPG,14
images/066A08.JPG,8
images/003A23.JPG,23
images/037A00.JPG,0
images/038A11.JPG,11
images/054A06.JPG,6
images/056A15.JPG,15
images/073A02.JPG,2
images/053A03.JPG,3
images/074A10.JPG,10
images/070A14.JPG,14
images/032A06.JPG,6
images/002A23.JPG,23
images/059A02a.JPG,2
images/058A17.JPG,17
images/009A16a.JPG,16
images/010A18.JPG,18
images/062A54.JPG,54
images/039A52.JPG,52
images/016A05.JPG,5
images/015A04.JPG,4
images/035A05.JPG,5
images/050A22.JPG,22
images/057A17.JPG,17
images/065A03a.JPG,3
images/017A12.JPG,12
images/025A00.JPG,0
images/029A01.JPG,1
images/075A03.JPG,3
images/017A05.JPG,5
images/033A39.JPG,39
images/009A05.JPG,5
images/063A04.JPG,4
images/061A26.JPG,26
images/053A08.JPG,8
images/002A07.JPG,7
images/026A15.JPG,15
images/010A10.JPG,10
images/006A42.JPG,42
images/069A04.JPG,4
images/082A27.JPG,27
images/062A03.JPG,3
images/014A42.JPG,42
images/032A33.JPG,33
images/041A09.JPG,9
images/035A12.JPG,12
images/026A07.JPG,7
images/025A39.JPG,39
images/005A45.JPG,45
images/073A00.JPG,0
images/021A11.JPG,11
images/072A41.JPG,41
images/065A07b.JPG,7
images/015A09.JPG,9
images/015A14.JPG,14
images/021A03.JPG,3
images/065A06a.JPG,6
images/082A21.JPG,21
images/005A31.JPG,31
images/021A16.JPG,16
images/009A14.JPG,14
images/044A17.JPG,17
images/059A07.JPG,7
images/063A20.JPG,20
images/059A04.JPG,4
images/039A05.JPG,5
images/029A23.JPG,23
images/063A02.JPG,2
images/027A11.JPG,11
images/007A26.JPG,26
images/073A04.JPG,4
images/037A13.JPG,13
images/072A17.JPG,17
images/044A15.JPG,15
images/005A18.JPG,18
images/042A06.JPG,6
images/070A03.JPG,3
images/006A46.JPG,46
images/032A28.JPG,28
images/007A22.JPG,22
images/032A20.JPG,20
images/048A52.JPG,52
images/041A13.JPG,13
images/059A03.JPG,3
images/015A03.JPG,3
images/035A08.JPG,8
images/073A13.JPG,13
images/061A15.JPG,15
images/017A15.JPG,15
images/010A15.JPG,15
images/056A02.JPG,2
images/058A00.JPG,0
images/043A04.JPG,4
images/002A26.JPG,26
images/011A27.JPG,27
images/015A15.JPG,15
images/044A13.JPG,13
images/039A02.JPG,2
images/072A45.JPG,45
images/027A41.JPG,41
images/043A05.JPG,5
images/005A30.JPG,30
images/074A11.JPG,11
images/014A40.JPG,40
images/005A24.JPG,24
images/027A22.JPG,22
images/033A14.JPG,14
images/015A17.JPG,17
images/017A32.JPG,32
images/076A07.JPG,7
images/021A20.JPG,20
images/017A22.JPG,22
images/076A16.JPG,16
images/014A18.JPG,18
images/068A12.JPG,12
images/025A15.JPG,15
images/056A01.JPG,1
images/065A06b.JPG,6
images/048A30.JPG,30
images/011A15.JPG,15
images/039A50.JPG,50
images/048A50.JPG,50
images/042A04.JPG,4
images/076A13.JPG,13
images/026A13.JPG,13
images/042A01.JPG,1
images/038A21.JPG,21
images/062A35.JPG,35
images/003A35.JPG,35
images/070A08.JPG,8
images/015A10.JPG,10
images/055A14.JPG,14
images/076A02.JPG,2
images/009A09.JPG,9
images/036A11.JPG,11
images/003A51.JPG,51
images/043A03.JPG,3
images/054A10.JPG,10
images/035A18.JPG,18
images/076A12.JPG,12
images/065A11.JPG,11
images/070A02.JPG,2
images/023A29.JPG,29
images/066A11.JPG,11
images/065A02b.JPG,2
images/014A16.JPG,16
images/035A16.JPG,16
images/054A17.JPG,17
images/011A14.JPG,14
images/062A38.JPG,38
images/023A22.JPG,22
images/061A25.JPG,25
images/039A10.JPG,10
images/082A00.JPG,0
images/042A00.JPG,0
images/050A06.JPG,6
images/035A14.JPG,14
images/010A16.JPG,16
images/062A53.JPG,53
images/029A20.JPG,20
images/053A06.JPG,6
images/066A04.JPG,4
images/003A25.JPG,25
images/032A40.JPG,40
images/073A09.JPG,9
images/048A33.JPG,33
images/021A06.JPG,6
images/006A24.JPG,24
images/050A14.JPG,14
images/068A00.JPG,0
images/033A21.JPG,21
images/068A10a.JPG,10
images/059A12.JPG,12
images/036A18.JPG,18
images/062A30.JPG,30
images/014A36.JPG,36
images/010A05.JPG,5
images/016A01.JPG,1
images/076A03.JPG,3
images/006A67.JPG,67
images/002A12.JPG,12
images/023A05.JPG,5
images/058A03.JPG,3
images/025A28.JPG,28
images/009A18.JPG,18
images/011A11.JPG,11
images/011A40.JPG,40
images/072A07.JPG,7
images/076A14.JPG,14
images/053A12.JPG,12
images/065A10.JPG,10
images/041A04.JPG,4
images/041A21.JPG,21
images/061A07.JPG,7
images/074A09.JPG,9
images/011A30.JPG,30
images/029A13.JPG,13
images/002A04.JPG,4
images/044A03.JPG,3
images/038A03.JPG,3
images/076A05.JPG,5
images/054A02.JPG,2
images/015A07.JPG,7
images/044A18.JPG,18
images/069A05.JPG,5
images/016A16.JPG,16
images/066A10.JPG,10
images/061A17.JPG,17
images/037A09.JPG,9
images/039A07.JPG,7
images/053A13.JPG,13
images/033A30.JPG,30
images/062A47.JPG,47
images/017A26.JPG,26
images/069A03.JPG,3
images/068A04.JPG,4
images/055A23.JPG,23
images/002A20.JPG,20
images/015A01.JPG,1
images/075A02.JPG,2
images/026A04.JPG,4
images/048A00.JPG,0
images/025A23.JPG,23
images/068A09.JPG,9
images/017A42.JPG,42
images/023A09.JPG,9
images/009A22a.JPG,22
images/068A13.JPG,13
images/074A13.JPG,13
images/061A32.JPG,32
images/064A19.JPG,19
images/076A04.JPG,4
images/056A03.JPG,3
images/035A09.JPG,9
images/010A06.JPG,6
images/009A01.JPG,1
images/062A41.JPG,41
images/003A18.JPG,18
images/027A20.JPG,20
images/009A00.JPG,0
images/075A05.JPG,5
images/048A46.JPG,46
images/048A27.JPG,27
images/054A18.JPG,18
images/063A25.JPG,25
images/070A06.JPG,6
images/074A12.JPG,12
images/058A06.JPG,6
images/025A07.JPG,7
images/058A10.JPG,10
images/006A36.JPG,36
images/005A49.JPG,49
images/070A12.JPG,12
images/042A05.JPG,5
images/076A08.JPG,8
images/036A01.JPG,1
images/006A28.JPG,28
images/003A61.JPG,61
images/076A06.JPG,6
images/076A01.JPG,1
images/015A19.JPG,19
images/016A12.JPG,12
images/032A35.JPG,35
images/005A40.JPG,40
images/037A18.JPG,18
images/050A00.JPG,0
images/037A06.JPG,6
images/064A15.JPG,15
images/073A15.JPG,15
images/057A00.JPG,0
images/035A23a.JPG,23
images/035A03.JPG,3
images/011A42.JPG,42
images/006A51.JPG,51
images/007A18.JPG,18
images/076A00.JPG,0
images/025A03.JPG,3
images/029A11.JPG,11
images/023A21.JPG,21
images/036A19.JPG,19
images/005A61.JPG,61
images/055A08.JPG,8
images/036A05.JPG,5
images/016A14.JPG,14
images/076A11.JPG,11
images/066A03.JPG,3
images/057A12.JPG,12
images/025A34.JPG,34
images/053A18.JPG,18
images/066A06a.JPG,6
images/038A01.JPG,1
images/014A12.JPG,12
images/056A04.JPG,4
images/072A25.JPG,25
images/076A17.JPG,17
