images/064A15.JPG,15
images/025A03.JPG,3
images/033A30.JPG,30
images/049A10.JPG,10
images/005A30.JPG,30
images/026A02.JPG,2
images/038A04.JPG,4
images/001A29.JPG,29
images/066A00.JPG,0
images/035A08.JPG,8
images/040A10.JPG,10
images/046A18.JPG,18
images/051A05.JPG,5
images/031A02.JPG,2
images/047A13.JPG,13
images/005A18.JPG,18
images/008A33.JPG,33
images/001A19.JPG,19
images/030A00.JPG,0
images/073A11.JPG,11
images/036A13.JPG,13
images/064A01.JPG,1
images/056A12.JPG,12
images/075A11.JPG,11
images/063A33.JPG,33
images/032A20.JPG,20
images/066A04.JPG,4
images/070A09.JPG,9
images/063A25.JPG,25
images/001A18.JPG,18
images/031A12.JPG,12
images/040A02.JPG,2
images/030A26.JPG,26
images/080A09.JPG,9
images/014A40.JPG,40
images/072A07.JPG,7
images/073A09.JPG,9
images/055A08.JPG,8
images/008A08.JPG,8
images/006A67.JPG,67
images/070A03.JPG,3
images/059A06.JPG,6
images/082A16.JPG,16
images/072A02.JPG,2
images/038A01.JPG,1
images/020A08.JPG,8
images/046A02.JPG,2
images/011A17.JPG,17
images/051A16.JPG,16
images/030A18.JPG,18
images/033A35.JPG,35
images/033A05.JPG,5
images/033A21.JPG,21
images/070A08.JPG,8
images/071A18.JPG,18
images/049A12.JPG,12
images/051A18.JPG,18
images/047A06.JPG,6
images/073A03.JPG,3
images/004A63.JPG,63
images/048A54.JPG,54
images/072A45.JPG,45
images/058A05.JPG,5
images/032A15.JPG,15
images/046A06.JPG,6
images/017A05.JPG,5
images/004A28.JPG,28
images/074A01.JPG,1
images/073A14.JPG,14
images/041A09.JPG,9
images/079A00.JPG,0
images/080A13.JPG,13
images/025A12.JPG,12
images/058A03.JPG,3
images/029A33.JPG,33
images/067A26.JPG,26
images/080A06.JPG,6
images/026A04.JPG,4
images/035A00.JPG,0
images/029A20.JPG,20
images/058A17.JPG,17
images/036A15.JPG,15
images/079A05.JPG,5
images/068A13.JPG,13
images/030A05.JPG,5
images/017A19.JPG,19
images/049A06.JPG,6
images/078A00.JPG,0
images/079A04.JPG,4
images/067A33.JPG,33
images/029A23.JPG,23
images/048A30.JPG,30
images/038A08.JPG,8
images/014A30.JPG,30
images/038A17.JPG,17
images/040A14.JPG,14
images/031A14.JPG,14
images/080A05.JPG,5
images/058A10.JPG,10
images/020A36.JPG,36
images/078A04.JPG,4
images/076A12.JPG,12
images/070A01.JPG,1
images/078A03.JPG,3
images/059A12.JPG,12
images/056A03.JPG,3
images/017A36.JPG,36
images/080A04.JPG,4
images/082A25.JPG,25
images/026A19.JPG,19
images/014A16.JPG,16
images/067A14.JPG,14
images/080A01.JPG,1
images/071A27.JPG,27
images/008A17.JPG,17
images/063A22.JPG,22
images/049A08.JPG,8
images/059A02a.JPG,2
images/038A14.JPG,14
images/061A15.JPG,15
images/006A40.JPG,40
images/029A04.JPG,4
images/011A40.JPG,40
images/026A11.JPG,11
images/067A28.JPG,28
images/001A14.JPG,14
images/075A02.JPG,2
images/059A14.JPG,14
images/074A10.JPG,10
images/043A10.JPG,10
images/031A03.JPG,3
images/012A12.JPG,12
images/072A17.JPG,17
images/026A00.JPG,0
images/046A01.JPG,1
images/079A10.JPG,10
images/066A07.JPG,7
images/012A14.JPG,14
images/001A28.JPG,28
images/061A07.JPG,7
images/020A18.JPG,18
images/029A13.JPG,13
images/006A46.JPG,46
images/045A43.JPG,43
images/001A43b.JPG,43
images/041A21.JPG,21
images/056A04.JPG,4
images/001A33.JPG,33
images/051A02.JPG,2
images/034A16.JPG,16
images/082A23.JPG,23
images/005A35.JPG,35
images/038A23.JPG,23
images/082A20.JPG,20
images/080A08.JPG,8
images/033A39.JPG,39
images/080A12.JPG,12
images/012A34.JPG,34
images/082A27.JPG,27
images/061A10.JPG,10
images/038A05.JPG,5
images/073A02.JPG,2
images/036A00.JPG,0
images/074A12.JPG,12
images/032A28.JPG,28
images/076A08.JPG,8
images/046A14.JPG,14
images/074A08.JPG,8
images/047A55.JPG,55
images/038A13.JPG,13
images/073A04.JPG,4
images/045A12.JPG,12
images/045A40.JPG,40
images/068A09.JPG,9
images/046A08.JPG,8
images/030A04.JPG,4
images/031A04.JPG,4
images/012A04.JPG,4
images/048A00.JPG,0
images/014A12.JPG,12
images/080A07.JPG,7
images/036A17.JPG,17
images/034A13.JPG,13
images/066A08.JPG,8
images/048A09.JPG,9
images/076A04.JPG,4
images/043A00.JPG,0
images/012A30.JPG,30
images/038A34.JPG,34
images/020A26.JPG,26
images/005A45.JPG,45
images/006A61.JPG,61
images/048A33.JPG,33
images/038A10.JPG,10
images/026A17.JPG,17
images/047A12.JPG,12
images/034A44.JPG,44
images/035A16.JPG,16
images/043A13.JPG,13
images/075A00.JPG,0
images/012A21.JPG,21
images/020A13.JPG,13
images/079A06.JPG,6
images/010A10.JPG,10
images/008A31.JPG,31
images/032A18.JPG,18
images/073A15.JPG,15
images/067A17.JPG,17
images/056A15.JPG,15
images/074A14.JPG,14
images/029A22.JPG,22
images/043A19.JPG,19
images/014A14.JPG,14
images/076A05.JPG,5
images/032A24.JPG,24
images/071A44.JPG,44
images/041A24.JPG,24
images/004A53.JPG,53
images/059A07.JPG,7
images/075A10.JPG,10
images/033A25.JPG,25
images/049A16.JPG,16
images/008A16.JPG,16
images/061A17.JPG,17
images/005A48.JPG,48
images/071A10.JPG,10
images/031A06.JPG,6
images/078A07.JPG,7
images/046A12.JPG,12
images/058A00.JPG,0
images/073A16.JPG,16
images/045A25.JPG,25
images/041A04.JPG,4
images/061A26.JPG,26
images/048A49.JPG,49
images/017A26.JPG,26
images/025A23.JPG,23
images/005A61.JPG,61
images/063A20.JPG,20
images/010A04.JPG,4
images/076A09.JPG,9
images/051A12.JPG,12
images/036A06.JPG,6
images/073A12.JPG,12
images/082A03.JPG,3
images/048A17.JPG,17
images/059A04.JPG,4
images/072A13.JPG,13
images/004A37.JPG,37
images/034A04.JPG,4
images/017A29.JPG,29
images/066A02a.JPG,2
images/076A02.JPG,2
images/018A33.JPG,33
images/010A07b.JPG,7
images/064A19.JPG,19
images/068A10a.JPG,10
images/012A07.JPG,7
images/025A28.JPG,28
images/034A11.JPG,11
images/051A17.JPG,17
images/004A30.JPG,30
images/012A36.JPG,36
images/063A04.JPG,4
images/032A10.JPG,10
images/029A01.JPG,1
images/047A20.JPG,20
images/059A16.JPG,16
images/026A13.JPG,13
images/006A28.JPG,28
images/008A35.JPG,35
images/072A29.JPG,29
images/038A00.JPG,0
images/073A08.JPG,8
images/004A21.JPG,21
images/010A01.JPG,1
images/018A28.JPG,28
images/073A07.JPG,7
images/046A04.JPG,4
images/001A40.JPG,40
images/059A03.JPG,3
images/051A14.JPG,14
images/017A38.JPG,38
images/010A07a.JPG,7
images/036A18.JPG,18
images/045A17.JPG,17
images/020A24.JPG,24
images/075A06.JPG,6
images/035A14.JPG,14
images/070A12.JPG,12
images/068A14.JPG,14
images/061A32.JPG,32
images/051A00.JPG,0
images/035A23b.JPG,23
images/079A02.JPG,2
images/048A18.JPG,18
images/011A07.JPG,7
images/010A12.JPG,12
images/055A06.JPG,6
images/035A01.JPG,1
images/075A03.JPG,3
images/067A23.JPG,23
images/036A11.JPG,11
images/004A62.JPG,62
images/071A00.JPG,0
images/079A12.JPG,12
images/073A05.JPG,5
images/029A10.JPG,10
images/034A35.JPG,35
images/020A11.JPG,11
images/078A02.JPG,2
images/017A32.JPG,32
images/066A06a.JPG,6
images/045A06.JPG,6
images/082A18.JPG,18
images/018A16.JPG,16
images/066A03.JPG,3
images/001A16.JPG,16
images/074A00.JPG,0
images/032A40.JPG,40
images/029A31.JPG,31
images/079A13.JPG,13
images/078A10.JPG,10
images/075A01.JPG,1
images/078A12.JPG,12
images/011A42.JPG,42
images/025A19.JPG,19
images/070A00.JPG,0
images/055A23.JPG,23
images/045A08.JPG,8
images/010A06.JPG,6
images/038A11.JPG,11
images/048A50.JPG,50
images/074A15.JPG,15
images/080A03.JPG,3
images/025A18.JPG,18
images/001A02.JPG,2
images/045A32.JPG,32
images/074A07.JPG,7
images/014A36.JPG,36
images/020A02.JPG,2
images/080A10.JPG,10
images/034A39.JPG,39
images/073A00.JPG,0
images/072A34.JPG,34
images/006A24.JPG,24
images/040A21.JPG,21
images/043A23.JPG,23
images/031A15.JPG,15
images/020A30.JPG,30
images/063A08.JPG,8
images/058A15.JPG,15
images/066A06b.JPG,6
images/067A39.JPG,39
images/038A03.JPG,3
images/033A10.JPG,10
images/080A00.JPG,0
images/058A02.JPG,2
images/074A02.JPG,2
images/017A42.JPG,42
images/030A20.JPG,20
images/032A13.JPG,13
images/010A05.JPG,5
images/071A35.JPG,35
images/078A08.JPG,8
images/006A36.JPG,36
images/048A27.JPG,27
images/040A03a.JPG,3
images/070A02.JPG,2
images/078A01.JPG,1
images/018A11.JPG,11
images/043A15.JPG,15
images/055A22.JPG,22
images/036A19.JPG,19
images/066A10.JPG,10
images/018A29.JPG,29
images/080A02.JPG,2
images/056A02.JPG,2
images/012A32.JPG,32
images/045A18.JPG,18
images/073A01.JPG,1
images/066A09.JPG,9
images/078A05.JPG,5
images/006A55.JPG,55
images/006A42.JPG,42
images/030A17.JPG,17
images/056A01.JPG,1
images/017A07.JPG,7
images/031A09.JPG,9
images/075A05.JPG,5
images/056A06.JPG,6
images/055A14.JPG,14
images/029A11.JPG,11
images/076A14.JPG,14
images/020A16.JPG,16
images/035A07.JPG,7
images/030A16.JPG,16
images/055A12.JPG,12
images/079A01.JPG,1
images/071A42.JPG,42
images/035A03.JPG,3
images/034A30.JPG,30
images/008A13.JPG,13
images/045A19.JPG,19
images/067A21.JPG,21
images/035A12.JPG,12
images/061A04.JPG,4
images/017A17.JPG,17
images/005A40.JPG,40
images/068A03.JPG,3
images/035A21.JPG,21
images/017A12.JPG,12
images/018A36.JPG,36
images/046A10.JPG,10
images/041A20.JPG,20
images/035A05.JPG,5
images/035A18.JPG,18
images/040A09.JPG,9
images/079A07.JPG,7
images/071A23.JPG,23
images/068A10b.JPG,10
images/036A03.JPG,3
images/082A22.JPG,22
images/012A25.JPG,25
images/078A06.JPG,6
images/079A08.JPG,8
images/068A12.JPG,12
images/011A30.JPG,30
images/001A22.JPG,22
images/076A07.JPG,7
images/014A22.JPG,22
images/036A08.JPG,8
images/011A14.JPG,14
images/064A10.JPG,10
images/011A05.JPG,5
images/012A24.JPG,24
images/001A05.JPG,5
images/064A03.JPG,3
images/080A14.JPG,14
images/025A39.JPG,39
images/078A14.JPG,14
images/040A00.JPG,0
images/032A08.JPG,8
images/043A17.JPG,17
images/055A04.JPG,4
images/030A07.JPG,7
images/011A15.JPG,15
images/063A09.JPG,9
images/030A23.JPG,23
images/008A03.JPG,3
images/061A29.JPG,29
images/072A25.JPG,25
images/048A11.JPG,11
images/072A19.JPG,19
images/066A11.JPG,11
images/047A15.JPG,15
images/004A26.JPG,26
images/011A34.JPG,34
images/074A13.JPG,13
images/076A06.JPG,6
images/025A34.JPG,34
images/025A15.JPG,15
images/034A02.JPG,2
images/071A45.JPG,45
images/074A09.JPG,9
images/029A05.JPG,5
images/075A08.JPG,8
images/076A13.JPG,13
images/012A27.JPG,27
images/043A03.JPG,3
images/045A28.JPG,28
images/058A06.JPG,6
images/047A05.JPG,5
images/079A09.JPG,9
images/011A11.JPG,11
images/008A21.JPG,21
images/058A01.JPG,1
images/047A18.JPG,18
images/035A23a.JPG,23
images/043A05.JPG,5
images/032A35.JPG,35
images/046A20.JPG,20
images/071A24.JPG,24
images/026A18.JPG,18
images/031A16.JPG,16
images/008A29.JPG,29
images/005A49.JPG,49
images/034A21.JPG,21
images/068A11.JPG,11
images/078A09.JPG,9
images/047A27.JPG,27
images/073A13.JPG,13
images/006A31.JPG,31
images/072A27.JPG,27
images/041A13.JPG,13
images/048A15.JPG,15
images/008A06.JPG,6
images/025A22.JPG,22
images/048A16.JPG,16
images/082A31.JPG,31
images/056A10.JPG,10
images/038A21.JPG,21
images/018A34.JPG,34
images/049A07.JPG,7
images/014A18.JPG,18
images/041A19.JPG,19
images/059A02b.JPG,2
images/071A43.JPG,43
images/074A11.JPG,11
images/018A25.JPG,25
images/026A07.JPG,7
images/076A03.JPG,3
images/005A52.JPG,52
images/072A21.JPG,21
images/033A14.JPG,14
images/029A29.JPG,29
images/033A02.JPG,2
images/082A00.JPG,0
images/048A10.JPG,10
images/040A16.JPG,16
images/071A22.JPG,22
images/033A44.JPG,44
images/012A26.JPG,26
images/063A00.JPG,0
images/074A05.JPG,5
images/034A18.JPG,18
images/045A48.JPG,48
images/008A30.JPG,30
images/006A51.JPG,51
images/011A20.JPG,20
images/020A20.JPG,20
images/079A03.JPG,3
images/067A30.JPG,30
images/033A18.JPG,18
images/047A11.JPG,11
images/041A00.JPG,0
images/005A24.JPG,24
images/061A25.JPG,25
images/010A16.JPG,16
images/020A04.JPG,4
images/078A15.JPG,15
images/051A24.JPG,24
images/072A11.JPG,11
images/070A14.JPG,14
images/075A07.JPG,7
images/020A22.JPG,22
images/010A15.JPG,15
images/043A27.JPG,27
images/001A43a.JPG,43
images/046A00.JPG,0
images/012A23.JPG,23
images/061A19.JPG,19
images/011A02.JPG,2
images/040A03b.JPG,3
images/040A19.JPG,19
images/010A09.JPG,9
images/047A33.JPG,33
images/076A01.JPG,1
images/031A11.JPG,11
images/010A18.JPG,18
images/055A05.JPG,5
images/082A21.JPG,21
images/063A02.JPG,2
images/008A12.JPG,12
images/036A05.JPG,5
images/041A06.JPG,6
images/067A04.JPG,4
images/026A06.JPG,6
images/025A07.JPG,7
images/040A05.JPG,5
images/004A48.JPG,48
images/074A03.JPG,3
images/058A04.JPG,4
images/051A15.JPG,15
images/011A13.JPG,13
images/073A06.JPG,6
images/029A16.JPG,16
images/048A46.JPG,46
images/046A16.JPG,16
images/041A02.JPG,2
images/008A18.JPG,18
images/079A11.JPG,11
images/047A23.JPG,23
images/043A04.JPG,4
images/036A01.JPG,1
images/049A15.JPG,15
images/061A30.JPG,30
images/070A07.JPG,7
images/031A07.JPG,7
images/004A51.JPG,51
images/064A04.JPG,4
images/072A14.JPG,14
images/051A08.JPG,8
images/014A42.JPG,42
images/035A09.JPG,9
images/032A06.JPG,6
images/076A11.JPG,11
images/070A05.JPG,5
images/018A22.JPG,22
images/032A33.JPG,33
images/049A04.JPG,4
images/078A11.JPG,11
images/011A27.JPG,27
images/076A15.JPG,15
images/017A15.JPG,15
images/070A06.JPG,6
images/005A31.JPG,31
images/046A17.JPG,17
images/040A06.JPG,6
images/078A13.JPG,13
images/076A10.JPG,10
images/049A05.JPG,5
images/072A41.JPG,41
images/076A17.JPG,17
images/031A00.JPG,0
images/040A12.JPG,12
images/074A06.JPG,6
images/040A07.JPG,7
images/001A10.JPG,10
images/018A06.JPG,6
images/012A18.JPG,18
images/076A00.JPG,0
images/047A09.JPG,9
images/025A00.JPG,0
images/049A17.JPG,17
images/034A15.JPG,15
images/068A00.JPG,0
images/063A18.JPG,18
images/076A16.JPG,16
images/045A03.JPG,3
images/006A69.JPG,69
images/061A06.JPG,6
images/036A20.JPG,20
images/017A22.JPG,22
images/008A41.JPG,41
images/004A40.JPG,40
images/048A52.JPG,52
images/014A03.JPG,3
images/058A13.JPG,13
images/026A15.JPG,15
images/061A18.JPG,18
images/030A10.JPG,10
images/004A19.JPG,19
images/034A25.JPG,25
images/031A19.JPG,19
images/047A45.JPG,45
images/001A08.JPG,8
images/074A04.JPG,4
images/066A02b.JPG,2
images/018A18.JPG,18
images/071A40.JPG,40
images/068A04.JPG,4
