images/015A00.JPG,0
images/014A30.JPG,30
images/068A09.JPG,9
images/038A21.JPG,21
images/054A10.JPG,10
images/023A29.JPG,29
images/061A25.JPG,25
images/062A30.JPG,30
images/050A18.JPG,18
images/001A33.JPG,33
images/009A11.JPG,11
images/067A28.JPG,28
images/057A25.JPG,25
images/052A02.JPG,2
images/034A18.JPG,18
images/076A15.JPG,15
images/017A29.JPG,29
images/056A03.JPG,3
images/060A11.JPG,11
images/076A09.JPG,9
images/038A08.JPG,8
images/045A18.JPG,18
images/004A19.JPG,19
images/013A30.JPG,30
images/021A16.JPG,16
images/014A12.JPG,12
images/027A36.JPG,36
images/021A20.JPG,20
images/074A15.JPG,15
images/025A15.JPG,15
images/067A23.JPG,23
images/014A40.JPG,40
images/062A45.JPG,45
images/062A38.JPG,38
images/029A13.JPG,13
images/034A04.JPG,4
images/013A18.JPG,18
images/061A10.JPG,10
images/019A27.JPG,27
images/029A10.JPG,10
images/039A17.JPG,17
images/052A13.JPG,13
images/031A06.JPG,6
images/055A08.JPG,8
images/001A05.JPG,5
images/050A14.JPG,14
images/081A03.JPG,3
images/029A23.JPG,23
images/025A18.JPG,18
images/049A05.JPG,5
images/019A30.JPG,30
images/060A20.JPG,20
images/007A26.JPG,26
images/079A07.JPG,7
images/076A01.JPG,1
images/013A19.JPG,19
images/062A15.JPG,15
images/040A03a.JPG,3
images/064A15.JPG,15
images/021A18.JPG,18
images/025A00.JPG,0
images/035A21.JPG,21
images/013A25.JPG,25
images/006A36.JPG,36
images/079A12.JPG,12
images/067A33.JPG,33
images/010A16.JPG,16
images/037A19.JPG,19
images/030A10.JPG,10
images/057A17.JPG,17
images/017A12.JPG,12
images/027A22.JPG,22
images/014A36.JPG,36
images/066A08.JPG,8
images/068A14.JPG,14
images/061A29.JPG,29
images/040A06.JPG,6
images/045A40.JPG,40
images/011A34.JPG,34
images/045A19.JPG,19
images/035A14.JPG,14
images/023A05.JPG,5
images/033A25.JPG,25
images/029A16.JPG,16
images/021A30.JPG,30
images/009A22b.JPG,22
images/054A06.JPG,6
images/031A03.JPG,3
images/039A50.JPG,50
images/016A03.JPG,3
images/011A30.JPG,30
images/014A03.JPG,3
images/040A19.JPG,19
images/057A18.JPG,18
images/021A11.JPG,11
images/076A06.JPG,6
images/029A31.JPG,31
images/076A17.JPG,17
images/079A02.JPG,2
images/043A00.JPG,0
images/037A06.JPG,6
images/015A12.JPG,12
images/019A12.JPG,12
images/034A15.JPG,15
images/035A09.JPG,9
images/079A10.JPG,10
images/067A21.JPG,21
images/057A06.JPG,6
images/015A01.JPG,1
images/062A16.JPG,16
images/061A07.JPG,7
images/001A22.JPG,22
images/010A04.JPG,4
images/011A40.JPG,40
images/001A10.JPG,10
images/038A05.JPG,5
images/027A41.JPG,41
images/070A02.JPG,2
images/043A15.JPG,15
images/004A26.JPG,26
images/001A19.JPG,19
images/043A13.JPG,13
images/015A10.JPG,10
images/052A04.JPG,4
images/016A19.JPG,19
images/035A08.JPG,8
images/022A00.JPG,0
images/052A18.JPG,18
images/055A14.JPG,14
images/064A03.JPG,3
images/060A06.JPG,6
images/023A16.JPG,16
images/019A15.JPG,15
images/033A39.JPG,39
images/081A12.JPG,12
images/002A31.JPG,31
images/060A05.JPG,5
images/050A22.JPG,22
images/062A03.JPG,3
images/035A23b.JPG,23
images/027A25.JPG,25
images/029A33.JPG,33
images/074A02.JPG,2
images/015A17.JPG,17
images/024A17.JPG,17
images/039A45.JPG,45
images/061A32.JPG,32
images/016A16.JPG,16
images/038A03.JPG,3
images/049A15.JPG,15
images/049A16.JPG,16
images/061A17.JPG,17
images/035A07.JPG,7
images/035A18.JPG,18
images/025A39.JPG,39
images/082A03.JPG,3
images/049A08.JPG,8
images/045A25.JPG,25
images/045A06.JPG,6
images/024A10.JPG,10
images/024A28.JPG,28
images/002A05.JPG,5
images/055A06.JPG,6
images/045A12.JPG,12
images/043A23.JPG,23
images/076A13.JPG,13
images/015A14.JPG,14
images/033A21.JPG,21
images/006A67.JPG,67
images/056A06.JPG,6
images/019A00.JPG,0
images/030A18.JPG,18
images/035A12.JPG,12
images/002A29.JPG,29
images/016A10.JPG,10
images/033A30.JPG,30
images/079A01.JPG,1
images/079A08.JPG,8
images/038A01.JPG,1
images/002A20.JPG,20
images/033A14.JPG,14
images/013A00.JPG,0
images/006A24.JPG,24
images/001A43a.JPG,43
images/027A11.JPG,11
images/081A10.JPG,10
images/076A10.JPG,10
images/002A21.JPG,21
images/082A18.JPG,18
images/081A11.JPG,11
images/050A06.JPG,6
images/004A48.JPG,48
images/023A18.JPG,18
images/031A09.JPG,9
images/030A23.JPG,23
images/009A05.JPG,5
images/054A13.JPG,13
images/030A16.JPG,16
images/029A04.JPG,4
images/062A35.JPG,35
images/034A44.JPG,44
images/066A02b.JPG,2
images/036A15.JPG,15
images/079A04.JPG,4
images/043A19.JPG,19
images/013A21.JPG,21
images/045A08.JPG,8
images/070A07.JPG,7
images/021A05.JPG,5
images/022A11.JPG,11
images/082A21.JPG,21
images/022A16.JPG,16
images/067A39.JPG,39
images/074A09.JPG,9
images/024A00.JPG,0
images/011A42.JPG,42
images/055A05.JPG,5
images/055A22.JPG,22
images/068A04.JPG,4
images/043A04.JPG,4
images/049A06.JPG,6
images/009A03.JPG,3
images/004A63.JPG,63
images/038A17.JPG,17
images/013A16.JPG,16
images/036A00.JPG,0
images/045A48.JPG,48
images/043A27.JPG,27
images/068A10b.JPG,10
images/025A23.JPG,23
images/034A30.JPG,30
images/045A32.JPG,32
images/040A07.JPG,7
images/017A07.JPG,7
images/054A17.JPG,17
images/002A26.JPG,26
images/074A01.JPG,1
images/009A22a.JPG,22
images/004A37.JPG,37
images/006A40.JPG,40
images/056A02.JPG,2
images/030A07.JPG,7
images/066A10.JPG,10
images/076A00.JPG,0
images/055A23.JPG,23
images/061A30.JPG,30
images/082A27.JPG,27
images/024A05.JPG,5
images/054A12.JPG,12
images/010A18.JPG,18
images/070A00.JPG,0
images/013A41.JPG,41
images/034A35.JPG,35
images/021A06.JPG,6
images/015A03.JPG,3
images/010A01.JPG,1
images/068A13.JPG,13
images/066A00.JPG,0
images/021A27.JPG,27
images/017A36.JPG,36
images/040A21.JPG,21
images/007A39.JPG,39
images/017A15.JPG,15
images/035A03.JPG,3
images/082A23.JPG,23
images/040A02.JPG,2
images/023A07.JPG,7
images/009A09.JPG,9
images/022A14.JPG,14
images/022A07.JPG,7
images/056A15.JPG,15
images/052A10.JPG,10
images/002A04.JPG,4
images/022A20.JPG,20
images/050A00.JPG,0
images/066A02a.JPG,2
images/001A28.JPG,28
images/070A03.JPG,3
images/017A05.JPG,5
images/001A40.JPG,40
images/081A01.JPG,1
images/076A14.JPG,14
images/017A26.JPG,26
images/037A02.JPG,2
images/016A01.JPG,1
images/013A44.JPG,44
images/001A16.JPG,16
images/049A04.JPG,4
images/081A06.JPG,6
images/033A18.JPG,18
images/013A34.JPG,34
images/074A13.JPG,13
images/007A18.JPG,18
images/011A27.JPG,27
images/010A07b.JPG,7
images/004A30.JPG,30
images/006A46.JPG,46
images/027A02.JPG,2
images/052A14.JPG,14
images/061A04.JPG,4
images/031A15.JPG,15
images/016A07.JPG,7
images/070A06.JPG,6
images/004A21.JPG,21
images/006A28.JPG,28
images/056A10.JPG,10
images/039A02.JPG,2
images/010A10.JPG,10
images/015A09.JPG,9
images/076A02.JPG,2
images/040A10.JPG,10
images/009A16b.JPG,16
images/009A01.JPG,1
images/076A16.JPG,16
images/052A07.JPG,7
images/007A45.JPG,45
images/039A52.JPG,52
images/002A18.JPG,18
images/031A00.JPG,0
images/024A07.JPG,7
images/054A09.JPG,9
images/002A16.JPG,16
images/054A11.JPG,11
images/009A14.JPG,14
images/060A17.JPG,17
images/007A22.JPG,22
images/002A07.JPG,7
images/060A02.JPG,2
images/036A01.JPG,1
images/082A22.JPG,22
images/036A03.JPG,3
images/011A07.JPG,7
images/074A08.JPG,8
images/079A11.JPG,11
images/023A21.JPG,21
images/022A27.JPG,27
images/038A04.JPG,4
images/019A03.JPG,3
images/062A18.JPG,18
images/010A06.JPG,6
images/023A25.JPG,25
images/038A23.JPG,23
images/034A16.JPG,16
images/011A05.JPG,5
images/040A14.JPG,14
images/011A20.JPG,20
images/067A26.JPG,26
images/006A42.JPG,42
images/019A05.JPG,5
images/002A12.JPG,12
images/017A22.JPG,22
images/002A36.JPG,36
images/004A40.JPG,40
images/037A00.JPG,0
images/016A05.JPG,5
images/050A16.JPG,16
images/054A16.JPG,16
images/049A12.JPG,12
images/029A11.JPG,11
images/029A05.JPG,5
images/061A26.JPG,26
images/076A07.JPG,7
images/013A23.JPG,23
images/037A11.JPG,11
images/060A07.JPG,7
images/062A41.JPG,41
images/034A25.JPG,25
images/060A19.JPG,19
images/039A11.JPG,11
images/016A17.JPG,17
images/038A00.JPG,0
images/036A11.JPG,11
images/076A04.JPG,4
images/016A14.JPG,14
images/049A17.JPG,17
images/031A11.JPG,11
images/030A05.JPG,5
images/082A31.JPG,31
images/016A04.JPG,4
images/055A12.JPG,12
images/017A17.JPG,17
images/022A28.JPG,28
images/056A01.JPG,1
images/004A51.JPG,51
images/017A19.JPG,19
images/016A18.JPG,18
images/076A11.JPG,11
images/014A14.JPG,14
images/062A47.JPG,47
images/074A11.JPG,11
images/070A14.JPG,14
images/034A21.JPG,21
images/054A02.JPG,2
images/067A30.JPG,30
images/023A22.JPG,22
images/023A03.JPG,3
images/045A17.JPG,17
images/021A39.JPG,39
images/025A03.JPG,3
images/049A07.JPG,7
images/066A07.JPG,7
images/057A16.JPG,16
images/007A01.JPG,1
images/004A62.JPG,62
images/061A15.JPG,15
images/057A00.JPG,0
images/036A13.JPG,13
images/074A06.JPG,6
images/001A08.JPG,8
images/066A06a.JPG,6
images/045A03.JPG,3
images/025A12.JPG,12
images/001A43b.JPG,43
images/061A19.JPG,19
images/022A30.JPG,30
images/011A15.JPG,15
images/037A17.JPG,17
images/024A25.JPG,25
images/013A08.JPG,8
images/079A03.JPG,3
images/035A16.JPG,16
images/067A04.JPG,4
images/034A39.JPG,39
images/024A19.JPG,19
images/066A11.JPG,11
images/007A38.JPG,38
images/015A19.JPG,19
images/045A28.JPG,28
images/054A04.JPG,4
images/079A13.JPG,13
images/054A18.JPG,18
images/081A05.JPG,5
images/074A03.JPG,3
images/049A10.JPG,10
images/057A05.JPG,5
images/027A18.JPG,18
images/006A51.JPG,51
images/043A17.JPG,17
images/079A05.JPG,5
images/033A05.JPG,5
images/034A13.JPG,13
images/056A04.JPG,4
images/014A42.JPG,42
images/014A22.JPG,22
images/022A18.JPG,18
images/027A20.JPG,20
images/025A19.JPG,19
images/064A19.JPG,19
images/001A29.JPG,29
images/040A09.JPG,9
images/079A09.JPG,9
images/019A23.JPG,23
images/081A00.JPG,0
images/037A01.JPG,1
images/025A07.JPG,7
images/010A15.JPG,15
images/017A38.JPG,38
images/027A16.JPG,16
images/015A07.JPG,7
images/076A08.JPG,8
images/070A09.JPG,9
images/002A23.JPG,23
images/035A00.JPG,0
images/038A10.JPG,10
images/061A18.JPG,18
images/070A01.JPG,1
images/081A02.JPG,2
images/039A10.JPG,10
images/009A13.JPG,13
images/011A11.JPG,11
images/025A22.JPG,22
images/064A04.JPG,4
images/052A19.JPG,19
images/081A07.JPG,7
images/050A10.JPG,10
images/021A35.JPG,35
images/040A00.JPG,0
images/017A32.JPG,32
images/001A14.JPG,14
images/010A07a.JPG,7
images/039A07.JPG,7
images/064A10.JPG,10
images/082A20.JPG,20
images/036A06.JPG,6
images/060A04.JPG,4
images/029A01.JPG,1
images/052A20.JPG,20
images/016A12.JPG,12
images/074A12.JPG,12
images/016A08.JPG,8
images/030A00.JPG,0
images/030A20.JPG,20
images/006A31.JPG,31
images/068A00.JPG,0
images/062A53.JPG,53
images/031A19.JPG,19
images/076A05.JPG,5
images/066A09.JPG,9
images/036A20.JPG,20
images/038A34.JPG,34
images/014A16.JPG,16
images/039A15.JPG,15
images/024A23.JPG,23
images/067A17.JPG,17
images/002A38.JPG,38
images/039A13.JPG,13
images/033A02.JPG,2
images/050A03.JPG,3
images/031A07.JPG,7
images/007A23.JPG,23
images/082A00.JPG,0
images/074A10.JPG,10
images/035A05.JPG,5
images/074A05.JPG,5
images/030A26.JPG,26
images/039A16.JPG,16
images/074A14.JPG,14
images/038A13.JPG,13
images/010A12.JPG,12
images/082A25.JPG,25
images/006A55.JPG,55
images/043A10.JPG,10
images/076A12.JPG,12
images/043A03.JPG,3
images/060A10.JPG,10
images/043A05.JPG,5
images/070A08.JPG,8
images/006A69.JPG,69
images/027A13.JPG,13
images/009A18.JPG,18
images/040A16.JPG,16
images/039A19.JPG,19
images/064A01.JPG,1
images/021A03.JPG,3
images/035A23a.JPG,23
images/024A18.JPG,18
images/010A09.JPG,9
images/023A00.JPG,0
images/034A11.JPG,11
images/022A25.JPG,25
images/040A12.JPG,12
images/029A29.JPG,29
images/011A14.JPG,14
images/033A44.JPG,44
images/021A23.JPG,23
images/037A08.JPG,8
images/002A03.JPG,3
images/031A12.JPG,12
images/023A09.JPG,9
images/037A13.JPG,13
images/011A02.JPG,2
images/079A06.JPG,6
images/002A15.JPG,15
images/025A28.JPG,28
images/004A53.JPG,53
images/057A07.JPG,7
images/015A04.JPG,4
images/009A16a.JPG,16
images/019A07.JPG,7
images/068A12.JPG,12
images/011A17.JPG,17
images/054A00.JPG,0
images/023A14.JPG,14
images/057A23.JPG,23
images/001A18.JPG,18
images/011A13.JPG,13
images/035A01.JPG,1
images/076A03.JPG,3
images/036A08.JPG,8
images/067A14.JPG,14
images/006A61.JPG,61
images/070A12.JPG,12
images/030A17.JPG,17
images/060A08.JPG,8
images/014A18.JPG,18
images/066A03.JPG,3
images/031A16.JPG,16
images/037A04.JPG,4
images/055A04.JPG,4
images/031A14.JPG,14
images/031A02.JPG,2
images/082A16.JPG,16
images/029A22.JPG,22
images/017A42.JPG,42
images/040A03b.JPG,3
images/079A00.JPG,0
images/038A11.JPG,11
images/052A17.JPG,17
images/062A54.JPG,54
images/027A30.JPG,30
images/074A00.JPG,0
images/074A04.JPG,4
images/070A05.JPG,5
images/056A12.JPG,12
images/037A18.JPG,18
images/031A04.JPG,4
images/052A16.JPG,16
images/066A06b.JPG,6
images/030A04.JPG,4
images/074A07.JPG,7
images/038A14.JPG,14
images/033A35.JPG,35
images/054A19.JPG,19
images/036A19.JPG,19
images/039A35.JPG,35
images/036A18.JPG,18
images/081A04.JPG,4
images/019A18.JPG,18
images/015A05.JPG,5
images/057A12.JPG,12
images/081A08.JPG,8
images/022A26.JPG,26
images/010A05.JPG,5
images/068A11.JPG,11
images/001A02.JPG,2
images/036A05.JPG,5
images/015A15.JPG,15
images/066A04.JPG,4
images/037A09.JPG,9
images/039A05.JPG,5
images/036A17.JPG,17
images/060A12.JPG,12
images/045A43.JPG,43
images/025A34.JPG,34
images/061A06.JPG,6
images/068A10a.JPG,10
images/007A37.JPG,37
images/033A10.JPG,10
images/040A05.JPG,5
images/068A03.JPG,3
images/029A20.JPG,20
images/024A30.JPG,30
images/009A00.JPG,0
images/022A23.JPG,23
images/004A28.JPG,28
images/034A02.JPG,2
