images/037A09.JPG,9
images/051A05.JPG,5
images/008A35.JPG,35
images/057A25.JPG,25
images/059A12.JPG,12
images/071A44.JPG,44
images/030A18.JPG,18
images/051A15.JPG,15
images/010A10.JPG,10
images/021A23.JPG,23
images/051A18.JPG,18
images/059A14.JPG,14
images/035A18.JPG,18
images/016A12.JPG,12
images/071A45.JPG,45
images/050A03.JPG,3
images/046A06.JPG,6
images/078A13.JPG,13
images/062A30.JPG,30
images/023A07.JPG,7
images/071A23.JPG,23
images/005A61.JPG,61
images/036A01.JPG,1
images/021A11.JPG,11
images/026A15.JPG,15
images/043A17.JPG,17
images/066A00.JPG,0
images/072A45.JPG,45
images/066A06b.JPG,6
images/015A15.JPG,15
images/047A23.JPG,23
images/026A02.JPG,2
images/035A05.JPG,5
images/036A08.JPG,8
images/030A17.JPG,17
images/043A23.JPG,23
images/045A18.JPG,18
images/080A03.JPG,3
images/058A01.JPG,1
images/012A04.JPG,4
images/036A13.JPG,13
images/071A40.JPG,40
images/079A06.JPG,6
images/071A00.JPG,0
images/062A41.JPG,41
images/076A07.JPG,7
images/033A14.JPG,14
images/056A15.JPG,15
images/017A29.JPG,29
images/076A14.JPG,14
images/078A14.JPG,14
images/019A00.JPG,0
images/024A23.JPG,23
images/079A11.JPG,11
images/030A26.JPG,26
images/050A14.JPG,14
images/017A36.JPG,36
images/019A03.JPG,3
images/069A09.JPG,9
images/018A25.JPG,25
images/058A13.JPG,13
images/037A00.JPG,0
images/080A09.JPG,9
images/005A40.JPG,40
images/065A11.JPG,11
images/004A63.JPG,63
images/081A02.JPG,2
images/010A15.JPG,15
images/017A12.JPG,12
images/035A21.JPG,21
images/072A07.JPG,7
images/012A36.JPG,36
images/060A10.JPG,10
images/047A20.JPG,20
images/037A01.JPG,1
images/035A03.JPG,3
images/066A02b.JPG,2
images/037A17.JPG,17
images/048A17.JPG,17
images/057A12.JPG,12
images/069A03.JPG,3
images/081A03.JPG,3
images/058A15.JPG,15
images/049A04.JPG,4
images/033A18.JPG,18
images/060A17.JPG,17
images/045A03.JPG,3
images/027A20.JPG,20
images/026A13.JPG,13
images/025A22.JPG,22
images/013A23.JPG,23
images/056A10.JPG,10
images/072A25.JPG,25
images/013A19.JPG,19
images/062A15.JPG,15
images/076A16.JPG,16
images/001A02.JPG,2
images/049A08.JPG,8
images/040A07.JPG,7
images/018A29.JPG,29
images/013A08.JPG,8
images/017A22.JPG,22
images/079A10.JPG,10
images/072A21.JPG,21
images/065A06a.JPG,6
images/043A10.JPG,10
images/081A07.JPG,7
images/008A18.JPG,18
images/003A47.JPG,47
images/024A19.JPG,19
images/007A26.JPG,26
images/036A11.JPG,11
images/019A15.JPG,15
images/026A00.JPG,0
images/007A37.JPG,37
images/004A48.JPG,48
images/005A18.JPG,18
images/065A03a.JPG,3
images/023A16.JPG,16
images/065A02b.JPG,2
images/049A06.JPG,6
images/010A01.JPG,1
images/001A40.JPG,40
images/010A06.JPG,6
images/036A19.JPG,19
images/041A20.JPG,20
images/078A01.JPG,1
images/013A25.JPG,25
images/062A53.JPG,53
images/023A14.JPG,14
images/017A19.JPG,19
images/004A28.JPG,28
images/074A07.JPG,7
images/033A30.JPG,30
images/016A14.JPG,14
images/027A41.JPG,41
images/041A04.JPG,4
images/019A30.JPG,30
images/026A06.JPG,6
images/018A06.JPG,6
images/036A00.JPG,0
images/062A16.JPG,16
images/079A08.JPG,8
images/081A08.JPG,8
images/026A04.JPG,4
images/043A04.JPG,4
images/005A31.JPG,31
images/023A18.JPG,18
images/037A08.JPG,8
images/071A42.JPG,42
images/016A19.JPG,19
images/033A10.JPG,10
images/065A12.JPG,12
images/065A10.JPG,10
images/030A16.JPG,16
images/040A21.JPG,21
images/066A04.JPG,4
images/012A14.JPG,14
images/062A54.JPG,54
images/058A04.JPG,4
images/024A07.JPG,7
images/041A19.JPG,19
images/078A07.JPG,7
images/079A01.JPG,1
images/041A02.JPG,2
images/003A25.JPG,25
images/025A12.JPG,12
images/060A12.JPG,12
images/047A15.JPG,15
images/017A32.JPG,32
images/010A12.JPG,12
images/046A18.JPG,18
images/074A14.JPG,14
images/036A06.JPG,6
images/012A12.JPG,12
images/018A28.JPG,28
images/043A13.JPG,13
images/012A27.JPG,27
images/003A60.JPG,60
images/004A51.JPG,51
images/039A50.JPG,50
images/046A20.JPG,20
images/035A09.JPG,9
images/046A12.JPG,12
images/045A43.JPG,43
images/057A07.JPG,7
images/080A05.JPG,5
images/065A07b.JPG,7
images/010A16.JPG,16
images/024A25.JPG,25
images/007A01.JPG,1
images/076A10.JPG,10
images/001A43a.JPG,43
images/049A17.JPG,17
images/010A04.JPG,4
images/025A00.JPG,0
images/058A03.JPG,3
images/026A17.JPG,17
images/008A21.JPG,21
images/069A04.JPG,4
images/047A11.JPG,11
images/036A15.JPG,15
images/005A52.JPG,52
images/062A47.JPG,47
images/057A17.JPG,17
images/078A04.JPG,4
images/043A03.JPG,3
images/001A08.JPG,8
images/008A31.JPG,31
images/023A21.JPG,21
images/049A10.JPG,10
images/046A02.JPG,2
images/021A03.JPG,3
images/016A01.JPG,1
images/037A06.JPG,6
images/016A10.JPG,10
images/040A03b.JPG,3
images/072A19.JPG,19
images/025A15.JPG,15
images/001A19.JPG,19
images/048A16.JPG,16
images/066A10.JPG,10
images/004A40.JPG,40
images/037A04.JPG,4
images/026A07.JPG,7
images/018A11.JPG,11
images/051A24.JPG,24
images/043A05.JPG,5
images/021A35.JPG,35
images/013A21.JPG,21
images/057A18.JPG,18
images/013A34.JPG,34
images/024A17.JPG,17
images/016A16.JPG,16
images/047A55.JPG,55
images/081A01.JPG,1
images/079A02.JPG,2
images/039A02.JPG,2
images/015A10.JPG,10
images/018A33.JPG,33
images/080A02.JPG,2
images/015A14.JPG,14
images/081A04.JPG,4
images/071A35.JPG,35
images/048A00.JPG,0
images/074A11.JPG,11
images/017A26.JPG,26
images/037A11.JPG,11
images/074A05.JPG,5
images/027A18.JPG,18
images/066A07.JPG,7
images/046A17.JPG,17
images/001A43b.JPG,43
images/069A05.JPG,5
images/021A16.JPG,16
images/015A19.JPG,19
images/008A41.JPG,41
images/060A19.JPG,19
images/074A02.JPG,2
images/069A00.JPG,0
images/081A00.JPG,0
images/012A26.JPG,26
images/039A52.JPG,52
images/047A27.JPG,27
images/023A25.JPG,25
images/035A23b.JPG,23
images/041A21.JPG,21
images/008A12.JPG,12
images/033A39.JPG,39
images/004A53.JPG,53
images/045A17.JPG,17
images/041A09.JPG,9
images/015A00.JPG,0
images/049A12.JPG,12
images/008A13.JPG,13
images/076A06.JPG,6
images/081A06.JPG,6
images/048A18.JPG,18
images/004A30.JPG,30
images/001A28.JPG,28
images/048A09.JPG,9
images/008A33.JPG,33
images/058A10.JPG,10
images/058A06.JPG,6
images/027A02.JPG,2
images/041A06.JPG,6
images/005A48.JPG,48
images/030A00.JPG,0
images/023A09.JPG,9
images/050A18.JPG,18
images/016A03.JPG,3
images/076A03.JPG,3
images/048A33.JPG,33
images/012A24.JPG,24
images/033A05.JPG,5
images/080A07.JPG,7
images/074A09.JPG,9
images/071A24.JPG,24
images/072A34.JPG,34
images/076A15.JPG,15
images/072A29.JPG,29
images/033A35.JPG,35
images/012A21.JPG,21
images/026A11.JPG,11
images/074A12.JPG,12
images/072A14.JPG,14
images/013A18.JPG,18
images/046A14.JPG,14
images/008A03.JPG,3
images/023A22.JPG,22
images/045A08.JPG,8
images/078A12.JPG,12
images/040A19.JPG,19
images/003A38.JPG,38
images/004A26.JPG,26
images/003A58.JPG,58
images/015A05.JPG,5
images/049A05.JPG,5
images/056A06.JPG,6
images/059A03.JPG,3
images/057A05.JPG,5
images/074A01.JPG,1
images/046A10.JPG,10
images/081A12.JPG,12
images/005A49.JPG,49
images/049A15.JPG,15
images/079A00.JPG,0
images/013A16.JPG,16
images/007A22.JPG,22
images/039A17.JPG,17
images/056A02.JPG,2
images/003A23.JPG,23
images/005A35.JPG,35
images/016A07.JPG,7
images/021A30.JPG,30
images/007A39.JPG,39
images/016A17.JPG,17
images/047A33.JPG,33
images/045A32.JPG,32
images/079A12.JPG,12
images/017A05.JPG,5
images/079A04.JPG,4
images/047A12.JPG,12
images/048A30.JPG,30
images/074A13.JPG,13
images/078A10.JPG,10
images/065A03b.JPG,3
images/040A05.JPG,5
images/040A14.JPG,14
images/072A11.JPG,11
images/076A01.JPG,1
images/024A30.JPG,30
images/001A05.JPG,5
images/023A00.JPG,0
images/066A09.JPG,9
images/080A14.JPG,14
images/021A20.JPG,20
images/021A27.JPG,27
images/076A13.JPG,13
images/071A27.JPG,27
images/018A18.JPG,18
images/051A00.JPG,0
images/027A25.JPG,25
images/001A10.JPG,10
images/047A09.JPG,9
images/076A09.JPG,9
images/069A07.JPG,7
images/041A00.JPG,0
images/076A17.JPG,17
images/004A21.JPG,21
images/012A23.JPG,23
images/065A06b.JPG,6
images/035A23a.JPG,23
images/001A33.JPG,33
images/013A41.JPG,41
images/074A04.JPG,4
images/060A11.JPG,11
images/046A16.JPG,16
images/066A02a.JPG,2
images/037A02.JPG,2
images/035A12.JPG,12
images/039A10.JPG,10
images/062A35.JPG,35
images/008A17.JPG,17
images/069A13.JPG,13
images/048A50.JPG,50
images/051A17.JPG,17
images/030A10.JPG,10
images/025A19.JPG,19
images/021A39.JPG,39
images/021A05.JPG,5
images/010A18.JPG,18
images/021A18.JPG,18
images/078A05.JPG,5
images/004A37.JPG,37
images/060A04.JPG,4
images/026A19.JPG,19
images/059A16.JPG,16
images/015A03.JPG,3
images/040A12.JPG,12
images/039A19.JPG,19
images/027A13.JPG,13
images/019A07.JPG,7
images/078A03.JPG,3
images/024A28.JPG,28
images/050A06.JPG,6
images/080A10.JPG,10
images/059A02a.JPG,2
images/051A12.JPG,12
images/036A20.JPG,20
images/035A08.JPG,8
images/016A18.JPG,18
images/056A04.JPG,4
images/015A04.JPG,4
images/058A02.JPG,2
images/076A05.JPG,5
images/010A05.JPG,5
images/080A00.JPG,0
images/071A10.JPG,10
images/007A45.JPG,45
images/030A07.JPG,7
images/023A29.JPG,29
images/060A20.JPG,20
images/003A49.JPG,49
images/030A04.JPG,4
images/041A13.JPG,13
images/065A02a.JPG,2
images/043A00.JPG,0
images/039A05.JPG,5
images/025A39.JPG,39
images/018A34.JPG,34
images/056A01.JPG,1
images/048A11.JPG,11
images/040A03a.JPG,3
images/035A07.JPG,7
images/078A15.JPG,15
images/074A03.JPG,3
images/062A18.JPG,18
images/017A42.JPG,42
images/008A08.JPG,8
images/074A10.JPG,10
images/045A28.JPG,28
images/004A19.JPG,19
images/023A05.JPG,5
images/040A00.JPG,0
images/013A44.JPG,44
images/080A01.JPG,1
images/005A45.JPG,45
images/039A13.JPG,13
images/069A02.JPG,2
images/080A13.JPG,13
images/027A11.JPG,11
images/019A23.JPG,23
images/018A16.JPG,16
images/057A06.JPG,6
images/048A52.JPG,52
images/016A08.JPG,8
images/072A02.JPG,2
images/037A18.JPG,18
images/045A25.JPG,25
images/047A06.JPG,6
images/071A22.JPG,22
images/062A03.JPG,3
images/047A18.JPG,18
images/051A08.JPG,8
images/081A10.JPG,10
images/048A54.JPG,54
images/072A27.JPG,27
images/010A07b.JPG,7
images/047A45.JPG,45
images/057A00.JPG,0
images/048A10.JPG,10
images/050A00.JPG,0
images/065A04.JPG,4
images/060A05.JPG,5
images/037A19.JPG,19
images/039A11.JPG,11
images/058A00.JPG,0
images/019A27.JPG,27
images/015A12.JPG,12
images/040A16.JPG,16
images/056A03.JPG,3
images/050A16.JPG,16
images/069A10.JPG,10
images/072A41.JPG,41
images/062A38.JPG,38
images/008A06.JPG,6
images/027A36.JPG,36
images/046A00.JPG,0
images/036A18.JPG,18
images/003A18.JPG,18
images/010A07a.JPG,7
images/015A09.JPG,9
images/074A08.JPG,8
images/062A45.JPG,45
images/021A06.JPG,6
images/027A16.JPG,16
images/079A03.JPG,3
images/033A25.JPG,25
images/060A06.JPG,6
images/072A17.JPG,17
images/074A15.JPG,15
images/081A11.JPG,11
images/076A00.JPG,0
images/001A29.JPG,29
images/024A00.JPG,0
images/048A49.JPG,49
images/051A02.JPG,2
images/008A29.JPG,29
images/001A14.JPG,14
images/017A15.JPG,15
images/057A23.JPG,23
images/080A12.JPG,12
images/036A17.JPG,17
images/078A09.JPG,9
images/015A17.JPG,17
images/059A02b.JPG,2
images/059A04.JPG,4
images/071A43.JPG,43
images/007A18.JPG,18
images/012A07.JPG,7
images/050A10.JPG,10
images/051A14.JPG,14
images/025A23.JPG,23
images/079A13.JPG,13
images/056A12.JPG,12
images/046A04.JPG,4
images/057A16.JPG,16
images/041A24.JPG,24
images/045A12.JPG,12
images/023A03.JPG,3
images/059A07.JPG,7
images/045A19.JPG,19
images/012A32.JPG,32
images/039A16.JPG,16
images/017A07.JPG,7
images/078A06.JPG,6
images/066A03.JPG,3
images/039A35.JPG,35
images/016A04.JPG,4
images/058A17.JPG,17
images/048A46.JPG,46
images/033A02.JPG,2
images/036A03.JPG,3
images/046A01.JPG,1
images/065A09.JPG,9
images/019A05.JPG,5
images/008A30.JPG,30
images/001A18.JPG,18
images/080A04.JPG,4
images/065A13.JPG,13
images/048A15.JPG,15
images/074A00.JPG,0
images/076A12.JPG,12
images/017A17.JPG,17
images/071A18.JPG,18
images/043A19.JPG,19
images/045A06.JPG,6
images/078A00.JPG,0
images/025A18.JPG,18
images/003A61.JPG,61
images/045A40.JPG,40
images/051A16.JPG,16
images/076A08.JPG,8
images/001A16.JPG,16
images/046A08.JPG,8
images/026A18.JPG,18
images/060A07.JPG,7
images/024A05.JPG,5
images/040A06.JPG,6
images/079A05.JPG,5
images/008A16.JPG,16
images/069A11.JPG,11
images/074A06.JPG,6
images/047A05.JPG,5
images/015A07.JPG,7
images/010A09.JPG,9
images/049A16.JPG,16
images/025A03.JPG,3
images/078A02.JPG,2
images/035A16.JPG,16
images/080A08.JPG,8
images/012A34.JPG,34
images/003A51.JPG,51
images/059A06.JPG,6
images/043A27.JPG,27
images/039A45.JPG,45
images/047A13.JPG,13
images/060A02.JPG,2
images/066A06a.JPG,6
images/024A18.JPG,18
images/001A22.JPG,22
images/033A44.JPG,44
images/015A01.JPG,1
images/065A07a.JPG,7
images/039A15.JPG,15
images/019A12.JPG,12
images/045A48.JPG,48
images/048A27.JPG,27
images/040A02.JPG,2
images/060A08.JPG,8
images/030A20.JPG,20
images/025A28.JPG,28
images/049A07.JPG,7
images/005A30.JPG,30
images/040A10.JPG,10
images/080A06.JPG,6
images/030A05.JPG,5
images/081A05.JPG,5
images/030A23.JPG,23
images/012A30.JPG,30
images/037A13.JPG,13
images/065A08.JPG,8
images/003A35.JPG,35
images/024A10.JPG,10
images/027A30.JPG,30
images/004A62.JPG,62
images/018A22.JPG,22
images/033A21.JPG,21
images/079A07.JPG,7
images/013A30.JPG,30
images/050A22.JPG,22
images/025A34.JPG,34
images/019A18.JPG,18
images/079A09.JPG,9
images/018A36.JPG,36
images/072A13.JPG,13
images/035A14.JPG,14
images/013A00.JPG,0
images/078A08.JPG,8
images/007A23.JPG,23
images/076A02.JPG,2
images/035A00.JPG,0
images/005A24.JPG,24
images/076A04.JPG,4
images/040A09.JPG,9
images/003A20.JPG,20
images/043A15.JPG,15
images/027A22.JPG,22
images/039A07.JPG,7
images/016A05.JPG,5
images/035A01.JPG,1
images/078A11.JPG,11
images/058A05.JPG,5
images/069A06.JPG,6
images/076A11.JPG,11
images/036A05.JPG,5
images/012A18.JPG,18
images/007A38.JPG,38
images/012A25.JPG,25
images/066A08.JPG,8
images/066A11.JPG,11
images/025A07.JPG,7
images/017A38.JPG,38
