images/044A15.JPG,15
images/066A02b.JPG,2
images/082A21.JPG,21
images/014A14.JPG,14
images/055A23.JPG,23
images/014A22.JPG,22
images/038A34.JPG,34
images/007A18.JPG,18
images/035A18.JPG,18
images/047A27.JPG,27
images/038A14.JPG,14
images/057A18.JPG,18
images/055A04.JPG,4
images/076A13.JPG,13
images/016A19.JPG,19
images/066A06b.JPG,6
images/045A06.JPG,6
images/001A08.JPG,8
images/071A45.JPG,45
images/011A17.JPG,17
images/020A11.JPG,11
images/072A07.JPG,7
images/023A16.JPG,16
images/052A02.JPG,2
images/035A08.JPG,8
images/028A14.JPG,14
images/076A06.JPG,6
images/082A20.JPG,20
images/003A49.JPG,49
images/021A05.JPG,5
images/008A03.JPG,3
images/045A08.JPG,8
images/009A01.JPG,1
images/016A12.JPG,12
images/021A35.JPG,35
images/075A06.JPG,6
images/042A14.JPG,14
images/017A07.JPG,7
images/077A07.JPG,7
images/013A08.JPG,8
images/035A07.JPG,7
images/026A11.JPG,11
images/052A07.JPG,7
images/016A07.JPG,7
images/076A17.JPG,17
images/047A13.JPG,13
images/065A07b.JPG,7
images/033A10.JPG,10
images/020A16.JPG,16
images/033A39.JPG,39
images/013A34.JPG,34
images/002A36.JPG,36
images/028A28.JPG,28
images/056A02.JPG,2
images/015A04.JPG,4
images/045A32.JPG,32
images/029A16.JPG,16
images/060A04.JPG,4
images/061A29.JPG,29
images/020A04.JPG,4
images/032A28.JPG,28
images/003A58.JPG,58
images/003A60.JPG,60
images/015A10.JPG,10
images/029A22.JPG,22
images/001A18.JPG,18
images/002A03.JPG,3
images/048A49.JPG,49
images/038A13.JPG,13
images/065A13.JPG,13
images/061A15.JPG,15
images/043A19.JPG,19
images/069A07.JPG,7
images/045A12.JPG,12
images/069A02.JPG,2
images/062A54.JPG,54
images/057A23.JPG,23
images/009A22a.JPG,22
images/043A13.JPG,13
images/022A16.JPG,16
images/044A17.JPG,17
images/022A28.JPG,28
images/039A10.JPG,10
images/071A24.JPG,24
images/013A25.JPG,25
images/011A30.JPG,30
images/043A17.JPG,17
images/009A14.JPG,14
images/032A33.JPG,33
images/027A20.JPG,20
images/039A13.JPG,13
images/075A00.JPG,0
images/039A17.JPG,17
images/003A51.JPG,51
images/072A02.JPG,2
images/028A41.JPG,41
images/017A32.JPG,32
images/077A12.JPG,12
images/013A30.JPG,30
images/032A35.JPG,35
images/060A05.JPG,5
images/002A23.JPG,23
images/062A38.JPG,38
images/039A35.JPG,35
images/057A12.JPG,12
images/045A40.JPG,40
images/033A02.JPG,2
images/020A18.JPG,18
images/075A02.JPG,2
images/015A03.JPG,3
images/065A07a.JPG,7
images/082A31.JPG,31
images/023A03.JPG,3
images/008A12.JPG,12
images/012A21.JPG,21
images/065A06a.JPG,6
images/044A25.JPG,25
images/013A00.JPG,0
images/042A28.JPG,28
images/021A06.JPG,6
images/009A11.JPG,11
images/009A09.JPG,9
images/052A18.JPG,18
images/007A01.JPG,1
images/077A11.JPG,11
images/035A23b.JPG,23
images/071A40.JPG,40
images/007A37.JPG,37
images/042A12.JPG,12
images/077A02.JPG,2
images/020A36.JPG,36
images/065A12.JPG,12
images/042A01.JPG,1
images/071A35.JPG,35
images/030A20.JPG,20
images/020A24.JPG,24
images/077A08.JPG,8
images/007A26.JPG,26
images/060A12.JPG,12
images/077A14.JPG,14
images/069A04.JPG,4
images/019A12.JPG,12
images/076A05.JPG,5
images/045A18.JPG,18
images/056A15.JPG,15
images/061A25.JPG,25
images/029A13.JPG,13
images/033A44.JPG,44
images/039A02.JPG,2
images/065A08.JPG,8
images/076A10.JPG,10
images/043A15.JPG,15
images/001A29.JPG,29
images/017A05.JPG,5
images/033A35.JPG,35
images/066A04.JPG,4
images/035A12.JPG,12
images/002A29.JPG,29
images/048A10.JPG,10
images/008A29.JPG,29
images/077A15.JPG,15
images/002A07.JPG,7
images/072A45.JPG,45
images/043A00.JPG,0
images/015A15.JPG,15
images/039A50.JPG,50
images/052A19.JPG,19
images/066A02a.JPG,2
images/077A03.JPG,3
images/012A04.JPG,4
images/069A05.JPG,5
images/005A30.JPG,30
images/021A20.JPG,20
images/021A03.JPG,3
images/021A16.JPG,16
images/027A36.JPG,36
images/061A17.JPG,17
images/076A01.JPG,1
images/052A20.JPG,20
images/011A07.JPG,7
images/009A22b.JPG,22
images/016A17.JPG,17
images/008A06.JPG,6
images/061A04.JPG,4
images/005A24.JPG,24
images/033A05.JPG,5
images/014A42.JPG,42
images/071A22.JPG,22
images/065A09.JPG,9
images/062A30.JPG,30
images/035A14.JPG,14
images/060A10.JPG,10
images/003A18.JPG,18
images/022A18.JPG,18
images/077A00.JPG,0
images/039A07.JPG,7
images/081A05.JPG,5
images/044A18.JPG,18
images/001A28.JPG,28
images/015A17.JPG,17
images/022A14.JPG,14
images/002A20.JPG,20
images/012A27.JPG,27
images/065A10.JPG,10
images/044A13.JPG,13
images/009A05.JPG,5
images/012A30.JPG,30
images/062A16.JPG,16
images/011A02.JPG,2
images/072A19.JPG,19
images/022A30.JPG,30
images/060A11.JPG,11
images/028A16.JPG,16
images/019A23.JPG,23
images/012A14.JPG,14
images/057A06.JPG,6
images/009A16a.JPG,16
images/019A27.JPG,27
images/015A09.JPG,9
images/042A08.JPG,8
images/005A40.JPG,40
images/048A27.JPG,27
images/023A25.JPG,25
images/028A20.JPG,20
images/023A18.JPG,18
images/027A25.JPG,25
images/012A26.JPG,26
images/017A26.JPG,26
images/048A50.JPG,50
images/060A06.JPG,6
images/072A27.JPG,27
images/045A25.JPG,25
images/030A26.JPG,26
images/072A21.JPG,21
images/042A04.JPG,4
images/035A16.JPG,16
images/082A27.JPG,27
images/042A18.JPG,18
images/038A04.JPG,4
images/072A11.JPG,11
images/028A37.JPG,37
images/013A18.JPG,18
images/077A04.JPG,4
images/081A01.JPG,1
images/020A22.JPG,22
images/047A55.JPG,55
images/011A15.JPG,15
images/001A16.JPG,16
images/081A07.JPG,7
images/026A15.JPG,15
images/047A12.JPG,12
images/056A12.JPG,12
images/075A11.JPG,11
images/052A16.JPG,16
images/039A52.JPG,52
images/029A23.JPG,23
images/016A14.JPG,14
images/052A10.JPG,10
images/047A45.JPG,45
images/020A30.JPG,30
images/001A10.JPG,10
images/011A42.JPG,42
images/002A12.JPG,12
images/012A12.JPG,12
images/039A11.JPG,11
images/033A21.JPG,21
images/027A30.JPG,30
images/042A06.JPG,6
images/028A18.JPG,18
images/002A05.JPG,5
images/030A04.JPG,4
images/075A05.JPG,5
images/003A23.JPG,23
images/008A17.JPG,17
images/055A22.JPG,22
images/047A05.JPG,5
images/048A46.JPG,46
images/061A30.JPG,30
images/013A23.JPG,23
images/081A02.JPG,2
images/007A23.JPG,23
images/076A15.JPG,15
images/017A22.JPG,22
images/022A20.JPG,20
images/082A03.JPG,3
images/076A08.JPG,8
images/012A34.JPG,34
images/014A30.JPG,30
images/016A18.JPG,18
images/057A07.JPG,7
images/032A24.JPG,24
images/023A29.JPG,29
images/022A25.JPG,25
images/001A33.JPG,33
images/047A11.JPG,11
images/066A00.JPG,0
images/017A38.JPG,38
images/017A12.JPG,12
images/038A05.JPG,5
images/072A13.JPG,13
images/055A08.JPG,8
images/076A02.JPG,2
images/026A19.JPG,19
images/056A03.JPG,3
images/015A01.JPG,1
images/035A23a.JPG,23
images/013A21.JPG,21
images/047A06.JPG,6
images/062A03.JPG,3
images/033A18.JPG,18
images/042A20.JPG,20
images/042A00.JPG,0
images/014A16.JPG,16
images/029A11.JPG,11
images/017A19.JPG,19
images/017A42.JPG,42
images/023A05.JPG,5
images/012A24.JPG,24
images/065A02a.JPG,2
images/014A03.JPG,3
images/026A00.JPG,0
images/019A15.JPG,15
images/027A13.JPG,13
images/076A03.JPG,3
images/024A07.JPG,7
images/003A35.JPG,35
images/044A03.JPG,3
images/047A18.JPG,18
images/038A23.JPG,23
images/019A30.JPG,30
images/035A01.JPG,1
images/012A32.JPG,32
images/029A01.JPG,1
images/016A04.JPG,4
images/044A05.JPG,5
images/015A14.JPG,14
images/048A17.JPG,17
images/081A04.JPG,4
images/033A25.JPG,25
images/032A15.JPG,15
images/003A25.JPG,25
images/008A13.JPG,13
images/001A43a.JPG,43
images/062A53.JPG,53
images/061A10.JPG,10
images/013A41.JPG,41
images/008A08.JPG,8
images/001A14.JPG,14
images/052A17.JPG,17
images/056A04.JPG,4
images/066A03.JPG,3
images/028A26.JPG,26
images/062A18.JPG,18
images/017A36.JPG,36
images/023A14.JPG,14
images/011A34.JPG,34
images/065A11.JPG,11
images/003A38.JPG,38
images/023A00.JPG,0
images/024A30.JPG,30
images/002A26.JPG,26
images/003A61.JPG,61
images/038A03.JPG,3
images/002A38.JPG,38
images/069A09.JPG,9
images/012A36.JPG,36
images/024A28.JPG,28
images/076A04.JPG,4
images/038A00.JPG,0
images/082A00.JPG,0
images/027A18.JPG,18
images/027A11.JPG,11
images/075A07.JPG,7
images/029A04.JPG,4
images/038A21.JPG,21
images/014A36.JPG,36
images/021A27.JPG,27
images/042A05.JPG,5
images/030A00.JPG,0
images/013A19.JPG,19
images/081A12.JPG,12
images/076A12.JPG,12
images/012A25.JPG,25
images/022A00.JPG,0
images/019A03.JPG,3
images/082A16.JPG,16
images/045A48.JPG,48
images/026A18.JPG,18
images/048A18.JPG,18
images/075A10.JPG,10
images/013A44.JPG,44
images/011A27.JPG,27
images/023A22.JPG,22
images/016A10.JPG,10
images/022A07.JPG,7
images/077A10.JPG,10
images/076A11.JPG,11
images/032A18.JPG,18
images/014A12.JPG,12
images/082A18.JPG,18
images/032A20.JPG,20
images/047A23.JPG,23
images/055A05.JPG,5
images/002A15.JPG,15
images/081A06.JPG,6
images/026A04.JPG,4
images/022A23.JPG,23
images/011A40.JPG,40
images/048A00.JPG,0
images/055A14.JPG,14
images/009A18.JPG,18
images/021A23.JPG,23
images/015A07.JPG,7
images/048A52.JPG,52
images/071A43.JPG,43
images/071A23.JPG,23
images/026A17.JPG,17
images/060A17.JPG,17
images/072A17.JPG,17
images/032A13.JPG,13
images/060A19.JPG,19
images/035A05.JPG,5
images/044A01.JPG,1
images/030A05.JPG,5
images/066A09.JPG,9
images/069A11.JPG,11
images/030A07.JPG,7
images/020A20.JPG,20
images/016A16.JPG,16
images/032A10.JPG,10
images/052A14.JPG,14
images/003A20.JPG,20
images/015A12.JPG,12
images/057A05.JPG,5
images/011A20.JPG,20
images/012A18.JPG,18
images/077A06.JPG,6
images/003A47.JPG,47
images/045A17.JPG,17
images/001A43b.JPG,43
images/047A20.JPG,20
images/044A21.JPG,21
images/081A00.JPG,0
images/023A07.JPG,7
images/071A27.JPG,27
images/002A31.JPG,31
images/060A20.JPG,20
images/024A18.JPG,18
images/066A11.JPG,11
images/062A45.JPG,45
images/005A35.JPG,35
images/057A17.JPG,17
images/009A03.JPG,3
images/043A05.JPG,5
images/028A34.JPG,34
images/015A00.JPG,0
images/024A17.JPG,17
images/013A16.JPG,16
images/044A07.JPG,7
images/076A07.JPG,7
images/021A39.JPG,39
images/024A23.JPG,23
images/069A03.JPG,3
images/033A14.JPG,14
images/022A11.JPG,11
images/081A11.JPG,11
images/005A61.JPG,61
images/081A08.JPG,8
images/026A13.JPG,13
images/072A25.JPG,25
images/008A18.JPG,18
images/043A04.JPG,4
images/056A01.JPG,1
images/052A13.JPG,13
images/026A02.JPG,2
images/082A23.JPG,23
images/028A46.JPG,46
images/047A15.JPG,15
images/030A23.JPG,23
images/035A09.JPG,9
images/065A03b.JPG,3
images/066A10.JPG,10
images/001A40.JPG,40
images/001A22.JPG,22
images/021A18.JPG,18
images/076A14.JPG,14
images/008A31.JPG,31
images/062A41.JPG,41
images/062A47.JPG,47
images/045A43.JPG,43
images/017A17.JPG,17
images/076A09.JPG,9
images/029A29.JPG,29
images/017A15.JPG,15
images/017A29.JPG,29
images/048A16.JPG,16
images/011A11.JPG,11
images/052A04.JPG,4
images/072A41.JPG,41
images/048A33.JPG,33
images/001A05.JPG,5
images/048A54.JPG,54
images/048A30.JPG,30
images/066A07.JPG,7
images/065A06b.JPG,6
images/075A03.JPG,3
images/033A30.JPG,30
images/057A16.JPG,16
images/027A22.JPG,22
images/045A03.JPG,3
images/035A21.JPG,21
images/029A05.JPG,5
images/011A14.JPG,14
images/019A00.JPG,0
images/002A04.JPG,4
images/029A10.JPG,10
images/026A06.JPG,6
images/022A26.JPG,26
images/014A40.JPG,40
images/001A19.JPG,19
images/008A30.JPG,30
images/038A11.JPG,11
images/030A10.JPG,10
images/081A10.JPG,10
images/082A22.JPG,22
images/005A52.JPG,52
images/076A00.JPG,0
images/038A08.JPG,8
images/077A01.JPG,1
images/072A29.JPG,29
images/039A45.JPG,45
images/024A00.JPG,0
images/071A18.JPG,18
images/075A01.JPG,1
images/057A00.JPG,0
images/009A16b.JPG,16
images/024A05.JPG,5
images/060A08.JPG,8
images/045A28.JPG,28
images/061A07.JPG,7
images/071A42.JPG,42
images/082A25.JPG,25
images/023A21.JPG,21
images/005A18.JPG,18
images/042A10.JPG,10
images/011A05.JPG,5
images/061A18.JPG,18
images/056A10.JPG,10
images/056A06.JPG,6
images/038A17.JPG,17
images/026A07.JPG,7
images/060A07.JPG,7
images/066A06a.JPG,6
images/030A16.JPG,16
images/071A44.JPG,44
images/008A35.JPG,35
images/007A39.JPG,39
images/032A40.JPG,40
images/024A10.JPG,10
images/061A06.JPG,6
images/015A19.JPG,19
images/008A16.JPG,16
images/021A30.JPG,30
images/039A15.JPG,15
images/002A16.JPG,16
images/021A11.JPG,11
images/039A16.JPG,16
images/012A23.JPG,23
images/002A21.JPG,21
images/065A04.JPG,4
images/016A08.JPG,8
images/072A34.JPG,34
images/008A33.JPG,33
images/005A48.JPG,48
images/043A27.JPG,27
images/043A23.JPG,23
images/039A05.JPG,5
images/030A17.JPG,17
images/077A09.JPG,9
images/075A08.JPG,8
images/069A13.JPG,13
images/043A03.JPG,3
images/027A02.JPG,2
images/023A09.JPG,9
images/061A32.JPG,32
images/020A13.JPG,13
images/066A08.JPG,8
images/022A27.JPG,27
images/069A00.JPG,0
images/014A18.JPG,18
images/057A25.JPG,25
images/008A21.JPG,21
images/024A25.JPG,25
images/007A45.JPG,45
images/038A01.JPG,1
images/032A08.JPG,8
images/061A26.JPG,26
images/048A15.JPG,15
images/055A06.JPG,6
images/072A14.JPG,14
images/009A00.JPG,0
images/009A13.JPG,13
images/005A49.JPG,49
images/027A16.JPG,16
images/016A01.JPG,1
images/047A09.JPG,9
images/069A10.JPG,10
images/008A41.JPG,41
images/016A03.JPG,3
images/077A16.JPG,16
images/029A20.JPG,20
images/047A33.JPG,33
images/048A09.JPG,9
images/019A18.JPG,18
images/065A02b.JPG,2
images/076A16.JPG,16
images/020A08.JPG,8
images/035A03.JPG,3
images/029A33.JPG,33
images/015A05.JPG,5
images/028A35.JPG,35
images/024A19.JPG,19
images/081A03.JPG,3
images/007A38.JPG,38
images/048A11.JPG,11
images/062A35.JPG,35
images/042A24.JPG,24
images/020A02.JPG,2
images/007A22.JPG,22
images/077A13.JPG,13
images/039A19.JPG,19
images/071A10.JPG,10
images/045A19.JPG,19
images/035A00.JPG,0
images/030A18.JPG,18
images/001A02.JPG,2
images/002A18.JPG,18
images/012A07.JPG,7
images/032A06.JPG,6
images/065A03a.JPG,3
images/055A12.JPG,12
images/060A02.JPG,2
images/020A26.JPG,26
images/071A00.JPG,0
images/019A07.JPG,7
images/043A10.JPG,10
images/029A31.JPG,31
images/011A13.JPG,13
images/016A05.JPG,5
images/069A06.JPG,6
images/038A10.JPG,10
images/005A45.JPG,45
images/061A19.JPG,19
images/019A05.JPG,5
images/027A41.JPG,41
images/062A15.JPG,15
images/005A31.JPG,31
