images/005A35.JPG,35
images/019A15.JPG,15
images/032A28.JPG,28
images/007A37.JPG,37
images/021A35.JPG,35
images/080A03.JPG,3
images/007A23.JPG,23
images/074A06.JPG,6
images/035A03.JPG,3
images/031A15.JPG,15
images/002A23.JPG,23
images/037A04.JPG,4
images/014A14.JPG,14
images/003A51.JPG,51
images/049A08.JPG,8
images/069A05.JPG,5
images/003A49.JPG,49
images/078A08.JPG,8
images/017A22.JPG,22
images/035A16.JPG,16
images/031A00.JPG,0
images/065A12.JPG,12
images/059A12.JPG,12
images/009A11.JPG,11
images/073A03.JPG,3
images/059A07.JPG,7
images/001A02.JPG,2
images/010A01.JPG,1
images/080A14.JPG,14
images/077A02.JPG,2
images/010A16.JPG,16
images/073A01.JPG,1
images/001A29.JPG,29
images/081A08.JPG,8
images/042A18.JPG,18
images/053A03.JPG,3
images/077A00.JPG,0
images/046A08.JPG,8
images/056A01.JPG,1
images/078A00.JPG,0
images/065A13.JPG,13
images/053A06.JPG,6
images/074A05.JPG,5
images/015A10.JPG,10
images/002A38.JPG,38
images/019A00.JPG,0
images/057A25.JPG,25
images/055A23.JPG,23
images/016A03.JPG,3
images/078A10.JPG,10
images/029A01.JPG,1
images/005A40.JPG,40
images/051A02.JPG,2
images/053A13.JPG,13
images/010A07b.JPG,7
images/080A10.JPG,10
images/031A16.JPG,16
images/009A03.JPG,3
images/064A15.JPG,15
images/013A25.JPG,25
images/077A04.JPG,4
images/017A36.JPG,36
images/069A02.JPG,2
images/049A16.JPG,16
images/019A03.JPG,3
images/030A23.JPG,23
images/019A27.JPG,27
images/047A11.JPG,11
images/065A04.JPG,4
images/064A03.JPG,3
images/065A10.JPG,10
images/049A17.JPG,17
images/047A13.JPG,13
images/056A02.JPG,2
images/037A00.JPG,0
images/027A41.JPG,41
images/081A07.JPG,7
images/029A33.JPG,33
images/017A07.JPG,7
images/015A01.JPG,1
images/047A33.JPG,33
images/015A00.JPG,0
images/047A20.JPG,20
images/017A29.JPG,29
images/048A52.JPG,52
images/075A08.JPG,8
images/034A30.JPG,30
images/005A31.JPG,31
images/063A08.JPG,8
images/069A07.JPG,7
images/017A12.JPG,12
images/060A17.JPG,17
images/003A61.JPG,61
images/053A01.JPG,1
images/020A20.JPG,20
images/020A18.JPG,18
images/013A41.JPG,41
images/020A30.JPG,30
images/016A16.JPG,16
images/046A10.JPG,10
images/016A04.JPG,4
images/034A16.JPG,16
images/015A07.JPG,7
images/014A42.JPG,42
images/002A03.JPG,3
images/009A14.JPG,14
images/027A16.JPG,16
images/049A10.JPG,10
images/064A19.JPG,19
images/021A23.JPG,23
images/002A36.JPG,36
images/025A03.JPG,3
images/017A26.JPG,26
images/081A01.JPG,1
images/048A11.JPG,11
images/037A13.JPG,13
images/081A04.JPG,4
images/054A10.JPG,10
images/065A11.JPG,11
images/013A19.JPG,19
images/002A05.JPG,5
images/075A02.JPG,2
images/005A49.JPG,49
images/044A07.JPG,7
images/061A04.JPG,4
images/021A06.JPG,6
images/063A04.JPG,4
images/080A09.JPG,9
images/003A38.JPG,38
images/001A18.JPG,18
images/037A02.JPG,2
images/065A07a.JPG,7
images/035A07.JPG,7
images/032A20.JPG,20
images/009A09.JPG,9
images/053A10.JPG,10
images/051A15.JPG,15
images/051A14.JPG,14
images/030A10.JPG,10
images/034A39.JPG,39
images/013A44.JPG,44
images/067A17.JPG,17
images/002A21.JPG,21
images/010A06.JPG,6
images/064A01.JPG,1
images/018A36.JPG,36
images/018A29.JPG,29
images/034A18.JPG,18
images/060A05.JPG,5
images/080A02.JPG,2
images/074A07.JPG,7
images/005A18.JPG,18
images/069A11.JPG,11
images/025A28.JPG,28
images/032A18.JPG,18
images/018A25.JPG,25
images/009A18.JPG,18
images/074A03.JPG,3
images/007A01.JPG,1
images/061A10.JPG,10
images/081A10.JPG,10
images/077A12.JPG,12
images/044A21.JPG,21
images/003A60.JPG,60
images/001A05.JPG,5
images/047A45.JPG,45
images/080A01.JPG,1
images/025A19.JPG,19
images/057A17.JPG,17
images/063A25.JPG,25
images/002A12.JPG,12
images/057A06.JPG,6
images/009A22a.JPG,22
images/059A16.JPG,16
images/065A06b.JPG,6
images/029A23.JPG,23
images/020A16.JPG,16
images/010A18.JPG,18
images/065A03a.JPG,3
images/046A17.JPG,17
images/034A11.JPG,11
images/048A50.JPG,50
images/063A00.JPG,0
images/027A36.JPG,36
images/015A19.JPG,19
images/044A25.JPG,25
images/081A02.JPG,2
images/017A32.JPG,32
images/013A08.JPG,8
images/048A16.JPG,16
images/060A12.JPG,12
images/001A16.JPG,16
images/035A23a.JPG,23
images/009A16a.JPG,16
images/077A13.JPG,13
images/030A17.JPG,17
images/080A06.JPG,6
images/029A11.JPG,11
images/049A06.JPG,6
images/025A00.JPG,0
images/043A04.JPG,4
images/056A12.JPG,12
images/078A01.JPG,1
images/013A00.JPG,0
images/042A00.JPG,0
images/080A08.JPG,8
images/003A20.JPG,20
images/043A23.JPG,23
images/075A01.JPG,1
images/046A04.JPG,4
images/025A22.JPG,22
images/077A10.JPG,10
images/020A04.JPG,4
images/016A07.JPG,7
images/060A04.JPG,4
images/025A18.JPG,18
images/078A12.JPG,12
images/051A05.JPG,5
images/042A14.JPG,14
images/014A36.JPG,36
images/014A18.JPG,18
images/031A09.JPG,9
images/021A20.JPG,20
images/074A14.JPG,14
images/049A15.JPG,15
images/043A03.JPG,3
images/009A16b.JPG,16
images/001A40.JPG,40
images/002A04.JPG,4
images/034A25.JPG,25
images/047A05.JPG,5
images/075A07.JPG,7
images/035A21.JPG,21
images/007A18.JPG,18
images/051A17.JPG,17
images/056A06.JPG,6
images/046A16.JPG,16
images/063A20.JPG,20
images/002A31.JPG,31
images/074A01.JPG,1
images/065A09.JPG,9
images/032A35.JPG,35
images/073A14.JPG,14
images/054A19.JPG,19
images/003A25.JPG,25
images/056A04.JPG,4
images/047A09.JPG,9
images/065A08.JPG,8
images/080A07.JPG,7
images/043A15.JPG,15
images/042A08.JPG,8
images/025A23.JPG,23
images/048A15.JPG,15
images/020A26.JPG,26
images/049A07.JPG,7
images/044A15.JPG,15
images/049A05.JPG,5
images/081A00.JPG,0
images/002A29.JPG,29
images/005A61.JPG,61
images/061A06.JPG,6
images/016A12.JPG,12
images/078A11.JPG,11
images/035A00.JPG,0
images/027A30.JPG,30
images/067A26.JPG,26
images/017A05.JPG,5
images/029A10.JPG,10
images/054A00.JPG,0
images/044A01.JPG,1
images/061A32.JPG,32
images/021A11.JPG,11
images/014A03.JPG,3
images/029A22.JPG,22
images/078A03.JPG,3
images/017A15.JPG,15
images/047A23.JPG,23
images/047A06.JPG,6
images/053A08.JPG,8
images/054A16.JPG,16
images/034A02.JPG,2
images/025A07.JPG,7
images/078A02.JPG,2
images/021A39.JPG,39
images/005A48.JPG,48
images/057A07.JPG,7
images/014A16.JPG,16
images/061A07.JPG,7
images/061A25.JPG,25
images/074A04.JPG,4
images/015A09.JPG,9
images/043A00.JPG,0
images/014A40.JPG,40
images/002A26.JPG,26
images/025A15.JPG,15
images/049A04.JPG,4
images/046A12.JPG,12
images/031A04.JPG,4
images/048A09.JPG,9
images/049A12.JPG,12
images/030A04.JPG,4
images/037A09.JPG,9
images/001A08.JPG,8
images/031A02.JPG,2
images/005A45.JPG,45
images/029A29.JPG,29
images/001A10.JPG,10
images/048A30.JPG,30
images/054A17.JPG,17
images/074A13.JPG,13
images/073A08.JPG,8
images/027A13.JPG,13
images/060A19.JPG,19
images/081A12.JPG,12
images/063A02.JPG,2
images/069A10.JPG,10
images/065A03b.JPG,3
images/077A14.JPG,14
images/037A19.JPG,19
images/017A19.JPG,19
images/060A20.JPG,20
images/061A19.JPG,19
images/030A18.JPG,18
images/046A18.JPG,18
images/054A18.JPG,18
images/051A00.JPG,0
images/003A58.JPG,58
images/025A12.JPG,12
images/030A00.JPG,0
images/007A38.JPG,38
images/057A23.JPG,23
images/018A11.JPG,11
images/075A06.JPG,6
images/055A04.JPG,4
images/077A11.JPG,11
images/080A05.JPG,5
images/010A05.JPG,5
images/074A02.JPG,2
images/078A13.JPG,13
images/075A00.JPG,0
images/005A30.JPG,30
images/010A07a.JPG,7
images/055A08.JPG,8
images/074A08.JPG,8
images/031A11.JPG,11
images/034A15.JPG,15
images/044A05.JPG,5
images/063A09.JPG,9
images/021A16.JPG,16
images/059A02a.JPG,2
images/043A19.JPG,19
images/047A18.JPG,18
images/037A17.JPG,17
images/013A18.JPG,18
images/048A10.JPG,10
images/029A20.JPG,20
images/009A22b.JPG,22
images/018A33.JPG,33
images/077A03.JPG,3
images/060A06.JPG,6
images/053A12.JPG,12
images/034A21.JPG,21
images/059A14.JPG,14
images/065A07b.JPG,7
images/075A05.JPG,5
images/027A25.JPG,25
images/002A20.JPG,20
images/061A18.JPG,18
images/074A15.JPG,15
images/010A04.JPG,4
images/015A12.JPG,12
images/080A12.JPG,12
images/032A06.JPG,6
images/001A33.JPG,33
images/077A08.JPG,8
images/074A00.JPG,0
images/031A12.JPG,12
images/010A12.JPG,12
images/081A03.JPG,3
images/056A15.JPG,15
images/078A04.JPG,4
images/044A17.JPG,17
images/067A04.JPG,4
images/019A05.JPG,5
images/016A08.JPG,8
images/051A16.JPG,16
images/019A30.JPG,30
images/063A18.JPG,18
images/048A49.JPG,49
images/054A13.JPG,13
images/031A06.JPG,6
images/064A10.JPG,10
images/065A06a.JPG,6
images/013A21.JPG,21
images/053A00.JPG,0
images/015A04.JPG,4
images/073A07.JPG,7
images/046A00.JPG,0
images/073A00.JPG,0
images/035A08.JPG,8
images/060A08.JPG,8
images/054A12.JPG,12
images/002A16.JPG,16
images/042A05.JPG,5
images/069A04.JPG,4
images/020A11.JPG,11
images/015A03.JPG,3
images/018A28.JPG,28
images/053A11.JPG,11
images/048A18.JPG,18
images/029A04.JPG,4
images/042A20.JPG,20
images/001A28.JPG,28
images/069A03.JPG,3
images/031A19.JPG,19
images/029A16.JPG,16
images/047A27.JPG,27
images/080A00.JPG,0
images/074A09.JPG,9
images/018A18.JPG,18
images/021A30.JPG,30
images/060A07.JPG,7
images/030A07.JPG,7
images/029A31.JPG,31
images/032A40.JPG,40
images/032A10.JPG,10
images/053A02.JPG,2
images/064A04.JPG,4
images/010A15.JPG,15
images/042A12.JPG,12
images/046A14.JPG,14
images/065A02b.JPG,2
images/053A15.JPG,15
images/073A12.JPG,12
images/017A38.JPG,38
images/060A02.JPG,2
images/013A34.JPG,34
images/053A18.JPG,18
images/053A04.JPG,4
images/018A16.JPG,16
images/042A01.JPG,1
images/009A05.JPG,5
images/061A30.JPG,30
images/020A36.JPG,36
images/037A08.JPG,8
images/067A33.JPG,33
images/003A23.JPG,23
images/021A18.JPG,18
images/046A02.JPG,2
images/032A33.JPG,33
images/032A24.JPG,24
images/055A14.JPG,14
images/057A05.JPG,5
images/081A06.JPG,6
images/073A09.JPG,9
images/051A24.JPG,24
images/013A16.JPG,16
images/073A15.JPG,15
images/042A28.JPG,28
images/020A24.JPG,24
images/054A09.JPG,9
images/034A44.JPG,44
images/035A12.JPG,12
images/027A11.JPG,11
images/035A14.JPG,14
images/069A00.JPG,0
images/057A18.JPG,18
images/073A16.JPG,16
images/075A03.JPG,3
images/046A01.JPG,1
images/020A22.JPG,22
images/055A22.JPG,22
images/003A18.JPG,18
images/021A05.JPG,5
images/081A05.JPG,5
images/046A20.JPG,20
images/032A15.JPG,15
images/043A27.JPG,27
images/073A06.JPG,6
images/014A22.JPG,22
images/067A28.JPG,28
images/018A06.JPG,6
images/037A11.JPG,11
images/020A13.JPG,13
images/030A16.JPG,16
images/020A08.JPG,8
images/015A17.JPG,17
images/077A06.JPG,6
images/078A09.JPG,9
images/001A43b.JPG,43
images/001A14.JPG,14
images/080A13.JPG,13
images/042A24.JPG,24
images/056A10.JPG,10
images/077A15.JPG,15
images/021A03.JPG,3
images/001A22.JPG,22
images/057A12.JPG,12
images/007A45.JPG,45
images/054A02.JPG,2
images/003A47.JPG,47
images/069A13.JPG,13
images/077A16.JPG,16
images/056A03.JPG,3
images/032A08.JPG,8
images/042A06.JPG,6
images/061A26.JPG,26
images/009A00.JPG,0
images/055A12.JPG,12
images/073A11.JPG,11
images/016A01.JPG,1
images/078A14.JPG,14
images/054A06.JPG,6
images/044A03.JPG,3
images/047A15.JPG,15
images/047A12.JPG,12
images/077A09.JPG,9
images/069A06.JPG,6
images/077A01.JPG,1
images/073A04.JPG,4
images/037A06.JPG,6
images/037A18.JPG,18
images/048A46.JPG,46
images/007A39.JPG,39
images/016A19.JPG,19
images/055A05.JPG,5
images/027A02.JPG,2
images/067A30.JPG,30
images/060A11.JPG,11
images/013A23.JPG,23
images/019A07.JPG,7
images/015A05.JPG,5
images/034A13.JPG,13
images/067A14.JPG,14
images/019A12.JPG,12
images/048A33.JPG,33
images/034A35.JPG,35
images/027A20.JPG,20
images/078A07.JPG,7
images/005A24.JPG,24
images/030A20.JPG,20
images/019A18.JPG,18
images/002A15.JPG,15
images/044A13.JPG,13
images/075A10.JPG,10
images/021A27.JPG,27
images/032A13.JPG,13
images/048A27.JPG,27
images/037A01.JPG,1
images/031A07.JPG,7
images/025A39.JPG,39
images/046A06.JPG,6
images/018A22.JPG,22
images/029A05.JPG,5
images/054A04.JPG,4
images/061A29.JPG,29
images/003A35.JPG,35
images/017A17.JPG,17
images/078A06.JPG,6
images/077A07.JPG,7
images/059A03.JPG,3
images/014A12.JPG,12
images/027A22.JPG,22
images/014A30.JPG,30
images/016A17.JPG,17
images/047A55.JPG,55
images/015A14.JPG,14
images/035A05.JPG,5
images/078A15.JPG,15
images/061A15.JPG,15
images/048A54.JPG,54
images/055A06.JPG,6
images/013A30.JPG,30
images/030A26.JPG,26
images/059A04.JPG,4
images/063A22.JPG,22
images/080A04.JPG,4
images/030A05.JPG,5
images/017A42.JPG,42
images/025A34.JPG,34
images/035A01.JPG,1
images/048A17.JPG,17
images/057A16.JPG,16
images/059A06.JPG,6
images/002A07.JPG,7
images/059A02b.JPG,2
images/016A18.JPG,18
images/048A00.JPG,0
images/007A26.JPG,26
images/029A13.JPG,13
images/051A18.JPG,18
images/015A15.JPG,15
images/002A18.JPG,18
images/035A18.JPG,18
images/009A01.JPG,1
images/067A23.JPG,23
images/060A10.JPG,10
images/018A34.JPG,34
images/001A19.JPG,19
images/035A09.JPG,9
images/074A12.JPG,12
images/005A52.JPG,52
images/074A10.JPG,10
images/042A04.JPG,4
images/043A17.JPG,17
images/044A18.JPG,18
images/010A10.JPG,10
images/031A14.JPG,14
images/067A39.JPG,39
images/020A02.JPG,2
images/051A08.JPG,8
images/075A11.JPG,11
images/043A10.JPG,10
images/035A23b.JPG,23
images/043A13.JPG,13
images/001A43a.JPG,43
images/034A04.JPG,4
images/063A33.JPG,33
images/009A13.JPG,13
images/073A13.JPG,13
images/010A09.JPG,9
images/027A18.JPG,18
images/078A05.JPG,5
images/067A21.JPG,21
images/031A03.JPG,3
images/081A11.JPG,11
images/007A22.JPG,22
images/019A23.JPG,23
images/065A02a.JPG,2
images/016A05.JPG,5
images/016A14.JPG,14
images/069A09.JPG,9
images/016A10.JPG,10
images/051A12.JPG,12
images/057A00.JPG,0
images/073A02.JPG,2
images/074A11.JPG,11
images/073A05.JPG,5
images/042A10.JPG,10
images/043A05.JPG,5
images/054A11.JPG,11
images/061A17.JPG,17
