images/081A05.JPG,5
images/043A00.JPG,0
images/063A02.JPG,2
images/024A10.JPG,10
images/043A05.JPG,5
images/006A36.JPG,36
images/073A12.JPG,12
images/021A16.JPG,16
images/040A05.JPG,5
images/063A09.JPG,9
images/040A06.JPG,6
images/050A16.JPG,16
images/078A08.JPG,8
images/078A13.JPG,13
images/081A11.JPG,11
images/064A15.JPG,15
images/037A02.JPG,2
images/005A18.JPG,18
images/061A07.JPG,7
images/050A00.JPG,0
images/078A04.JPG,4
images/069A11.JPG,11
images/043A03.JPG,3
images/023A16.JPG,16
images/068A10b.JPG,10
images/079A08.JPG,8
images/060A17.JPG,17
images/079A07.JPG,7
images/036A01.JPG,1
images/066A02b.JPG,2
images/052A14.JPG,14
images/048A18.JPG,18
images/035A21.JPG,21
images/039A16.JPG,16
images/042A05.JPG,5
images/036A19.JPG,19
images/070A02.JPG,2
images/007A26.JPG,26
images/044A07.JPG,7
images/048A30.JPG,30
images/059A12.JPG,12
images/021A03.JPG,3
images/012A18.JPG,18
images/046A10.JPG,10
images/008A41.JPG,41
images/022A00.JPG,0
images/039A11.JPG,11
images/023A14.JPG,14
images/022A18.JPG,18
images/005A24.JPG,24
images/066A03.JPG,3
images/015A17.JPG,17
images/046A00.JPG,0
images/025A03.JPG,3
images/036A20.JPG,20
images/066A11.JPG,11
images/053A06.JPG,6
images/003A38.JPG,38
images/047A15.JPG,15
images/048A50.JPG,50
images/027A13.JPG,13
images/073A03.JPG,3
images/022A07.JPG,7
images/046A14.JPG,14
images/012A21.JPG,21
images/068A13.JPG,13
images/075A07.JPG,7
images/035A23a.JPG,23
images/035A16.JPG,16
images/064A03.JPG,3
images/060A06.JPG,6
images/040A10.JPG,10
images/068A00.JPG,0
images/073A00.JPG,0
images/052A02.JPG,2
images/036A17.JPG,17
images/073A05.JPG,5
images/053A11.JPG,11
images/021A18.JPG,18
images/013A21.JPG,21
images/036A11.JPG,11
images/030A00.JPG,0
images/005A48.JPG,48
images/047A27.JPG,27
images/030A18.JPG,18
images/053A03.JPG,3
images/058A01.JPG,1
images/006A31.JPG,31
images/050A14.JPG,14
images/075A11.JPG,11
images/073A09.JPG,9
images/007A22.JPG,22
images/024A05.JPG,5
images/027A11.JPG,11
images/059A02a.JPG,2
images/078A15.JPG,15
images/048A27.JPG,27
images/075A05.JPG,5
images/037A01.JPG,1
images/027A36.JPG,36
images/061A06.JPG,6
images/071A23.JPG,23
images/081A03.JPG,3
images/052A19.JPG,19
images/056A01.JPG,1
images/002A15.JPG,15
images/005A49.JPG,49
images/034A16.JPG,16
images/034A18.JPG,18
images/079A04.JPG,4
images/052A16.JPG,16
images/058A06.JPG,6
images/013A41.JPG,41
images/060A11.JPG,11
images/062A47.JPG,47
images/002A20.JPG,20
images/079A13.JPG,13
images/023A05.JPG,5
images/005A45.JPG,45
images/003A23.JPG,23
images/025A07.JPG,7
images/046A02.JPG,2
images/003A58.JPG,58
images/042A20.JPG,20
images/061A17.JPG,17
images/035A12.JPG,12
images/073A13.JPG,13
images/063A22.JPG,22
images/039A19.JPG,19
images/008A30.JPG,30
images/062A53.JPG,53
images/071A10.JPG,10
images/071A40.JPG,40
images/033A30.JPG,30
images/048A11.JPG,11
images/006A28.JPG,28
images/006A24.JPG,24
images/026A04.JPG,4
images/061A04.JPG,4
images/048A00.JPG,0
images/004A62.JPG,62
images/047A06.JPG,6
images/046A01.JPG,1
images/039A50.JPG,50
images/066A04.JPG,4
images/015A14.JPG,14
images/040A03b.JPG,3
images/037A17.JPG,17
images/017A29.JPG,29
images/069A09.JPG,9
images/079A06.JPG,6
images/037A04.JPG,4
images/052A13.JPG,13
images/044A05.JPG,5
images/033A10.JPG,10
images/022A28.JPG,28
images/022A11.JPG,11
images/017A36.JPG,36
images/008A33.JPG,33
images/053A00.JPG,0
images/037A08.JPG,8
images/026A11.JPG,11
images/079A01.JPG,1
images/025A00.JPG,0
images/056A03.JPG,3
images/066A02a.JPG,2
images/003A47.JPG,47
images/024A18.JPG,18
images/046A08.JPG,8
images/025A18.JPG,18
images/004A51.JPG,51
images/023A25.JPG,25
images/039A07.JPG,7
images/056A02.JPG,2
images/081A07.JPG,7
images/043A10.JPG,10
images/035A01.JPG,1
images/043A15.JPG,15
images/068A11.JPG,11
images/053A04.JPG,4
images/052A07.JPG,7
images/047A12.JPG,12
images/008A31.JPG,31
images/034A11.JPG,11
images/027A30.JPG,30
images/079A12.JPG,12
images/027A16.JPG,16
images/047A09.JPG,9
images/070A14.JPG,14
images/013A25.JPG,25
images/079A05.JPG,5
images/025A23.JPG,23
images/003A35.JPG,35
images/052A17.JPG,17
images/069A02.JPG,2
images/070A06.JPG,6
images/003A25.JPG,25
images/052A04.JPG,4
images/042A01.JPG,1
images/048A10.JPG,10
images/012A14.JPG,14
images/042A12.JPG,12
images/059A02b.JPG,2
images/026A02.JPG,2
images/069A00.JPG,0
images/058A10.JPG,10
images/071A24.JPG,24
images/021A20.JPG,20
images/006A42.JPG,42
images/078A07.JPG,7
images/063A08.JPG,8
images/053A02.JPG,2
images/046A20.JPG,20
images/023A18.JPG,18
images/037A00.JPG,0
images/046A18.JPG,18
images/063A18.JPG,18
images/025A39.JPG,39
images/012A32.JPG,32
images/064A04.JPG,4
images/017A12.JPG,12
images/078A05.JPG,5
images/073A02.JPG,2
images/002A23.JPG,23
images/042A14.JPG,14
images/042A28.JPG,28
images/042A10.JPG,10
images/013A08.JPG,8
images/004A26.JPG,26
images/061A29.JPG,29
images/053A10.JPG,10
images/030A26.JPG,26
images/005A31.JPG,31
images/056A10.JPG,10
images/036A08.JPG,8
images/039A17.JPG,17
images/059A06.JPG,6
images/056A12.JPG,12
images/073A06.JPG,6
images/024A23.JPG,23
images/060A08.JPG,8
images/022A25.JPG,25
images/064A10.JPG,10
images/012A27.JPG,27
images/030A10.JPG,10
images/081A02.JPG,2
images/025A12.JPG,12
images/043A17.JPG,17
images/047A23.JPG,23
images/003A20.JPG,20
images/050A22.JPG,22
images/004A48.JPG,48
images/027A18.JPG,18
images/004A53.JPG,53
images/024A17.JPG,17
images/053A08.JPG,8
images/075A01.JPG,1
images/071A45.JPG,45
images/073A01.JPG,1
images/058A05.JPG,5
images/043A27.JPG,27
images/070A07.JPG,7
images/002A38.JPG,38
images/078A12.JPG,12
images/068A04.JPG,4
images/043A13.JPG,13
images/064A01.JPG,1
images/007A23.JPG,23
images/073A11.JPG,11
images/002A12.JPG,12
images/069A13.JPG,13
images/063A33.JPG,33
images/044A03.JPG,3
images/013A23.JPG,23
images/042A08.JPG,8
images/071A27.JPG,27
images/075A08.JPG,8
images/043A04.JPG,4
images/040A19.JPG,19
images/015A19.JPG,19
images/026A07.JPG,7
images/061A30.JPG,30
images/053A01.JPG,1
images/023A03.JPG,3
images/013A44.JPG,44
images/021A30.JPG,30
images/046A17.JPG,17
images/050A06.JPG,6
images/037A11.JPG,11
images/006A61.JPG,61
images/026A17.JPG,17
images/015A00.JPG,0
images/042A18.JPG,18
images/008A03.JPG,3
images/034A02.JPG,2
images/066A09.JPG,9
images/062A15.JPG,15
images/048A49.JPG,49
images/040A14.JPG,14
images/021A23.JPG,23
images/073A07.JPG,7
images/008A12.JPG,12
images/052A20.JPG,20
images/069A07.JPG,7
images/069A10.JPG,10
images/035A23b.JPG,23
images/030A23.JPG,23
images/048A33.JPG,33
images/073A08.JPG,8
images/021A06.JPG,6
images/078A06.JPG,6
images/073A04.JPG,4
images/058A17.JPG,17
images/025A15.JPG,15
images/027A41.JPG,41
images/044A25.JPG,25
images/023A22.JPG,22
images/069A05.JPG,5
images/069A04.JPG,4
images/015A05.JPG,5
images/039A15.JPG,15
images/071A22.JPG,22
images/015A01.JPG,1
images/063A20.JPG,20
images/033A39.JPG,39
images/069A06.JPG,6
images/060A07.JPG,7
images/060A19.JPG,19
images/007A01.JPG,1
images/005A52.JPG,52
images/004A63.JPG,63
images/035A03.JPG,3
images/034A44.JPG,44
images/053A15.JPG,15
images/002A16.JPG,16
images/013A16.JPG,16
images/015A15.JPG,15
images/036A00.JPG,0
images/017A22.JPG,22
images/004A30.JPG,30
images/044A15.JPG,15
images/058A04.JPG,4
images/037A19.JPG,19
images/044A17.JPG,17
images/017A17.JPG,17
images/036A03.JPG,3
images/033A35.JPG,35
images/070A09.JPG,9
images/081A00.JPG,0
images/062A03.JPG,3
images/061A19.JPG,19
images/078A00.JPG,0
images/044A21.JPG,21
images/063A00.JPG,0
images/007A39.JPG,39
images/012A04.JPG,4
images/058A03.JPG,3
images/046A12.JPG,12
images/081A10.JPG,10
images/027A02.JPG,2
images/047A18.JPG,18
images/030A17.JPG,17
images/047A13.JPG,13
images/017A32.JPG,32
images/034A04.JPG,4
images/012A30.JPG,30
images/022A30.JPG,30
images/068A09.JPG,9
images/033A05.JPG,5
images/043A23.JPG,23
images/021A11.JPG,11
images/017A26.JPG,26
images/017A38.JPG,38
images/002A04.JPG,4
images/079A03.JPG,3
images/013A30.JPG,30
images/071A35.JPG,35
images/005A35.JPG,35
images/078A03.JPG,3
images/040A21.JPG,21
images/073A15.JPG,15
images/004A37.JPG,37
images/058A02.JPG,2
images/003A49.JPG,49
images/060A20.JPG,20
images/021A27.JPG,27
images/070A00.JPG,0
images/042A04.JPG,4
images/044A01.JPG,1
images/058A00.JPG,0
images/023A00.JPG,0
images/048A09.JPG,9
images/033A44.JPG,44
images/034A39.JPG,39
images/008A18.JPG,18
images/070A08.JPG,8
images/024A30.JPG,30
images/030A05.JPG,5
images/053A12.JPG,12
images/021A05.JPG,5
images/081A06.JPG,6
images/013A18.JPG,18
images/062A18.JPG,18
images/078A09.JPG,9
images/079A11.JPG,11
images/062A38.JPG,38
images/005A40.JPG,40
images/059A04.JPG,4
images/059A07.JPG,7
images/034A35.JPG,35
images/064A19.JPG,19
images/047A20.JPG,20
images/026A06.JPG,6
images/060A12.JPG,12
images/025A28.JPG,28
images/022A14.JPG,14
images/012A12.JPG,12
images/002A18.JPG,18
images/002A26.JPG,26
images/008A16.JPG,16
images/015A04.JPG,4
images/002A31.JPG,31
images/008A13.JPG,13
images/015A03.JPG,3
images/012A07.JPG,7
images/081A01.JPG,1
images/022A16.JPG,16
images/033A02.JPG,2
images/025A19.JPG,19
images/053A13.JPG,13
images/022A23.JPG,23
images/048A52.JPG,52
images/060A10.JPG,10
images/039A05.JPG,5
images/008A29.JPG,29
images/075A03.JPG,3
images/042A24.JPG,24
images/017A42.JPG,42
images/062A16.JPG,16
images/006A51.JPG,51
images/068A10a.JPG,10
images/012A26.JPG,26
images/079A00.JPG,0
images/059A16.JPG,16
images/052A10.JPG,10
images/062A54.JPG,54
images/048A15.JPG,15
images/046A04.JPG,4
images/047A11.JPG,11
images/060A02.JPG,2
images/002A07.JPG,7
images/061A32.JPG,32
images/024A25.JPG,25
images/004A28.JPG,28
images/005A30.JPG,30
images/040A12.JPG,12
images/035A05.JPG,5
images/048A54.JPG,54
images/061A10.JPG,10
images/068A03.JPG,3
images/071A00.JPG,0
images/023A09.JPG,9
images/062A35.JPG,35
images/050A03.JPG,3
images/012A23.JPG,23
images/070A03.JPG,3
images/062A41.JPG,41
images/034A21.JPG,21
images/002A29.JPG,29
images/073A16.JPG,16
images/026A19.JPG,19
images/006A55.JPG,55
images/033A25.JPG,25
images/017A05.JPG,5
images/030A20.JPG,20
images/070A12.JPG,12
images/039A02.JPG,2
images/026A15.JPG,15
images/007A37.JPG,37
images/047A33.JPG,33
images/015A07.JPG,7
images/003A18.JPG,18
images/039A35.JPG,35
images/030A16.JPG,16
images/037A13.JPG,13
images/078A01.JPG,1
images/066A08.JPG,8
images/015A12.JPG,12
images/004A21.JPG,21
images/048A16.JPG,16
images/035A08.JPG,8
images/078A14.JPG,14
images/040A16.JPG,16
images/069A03.JPG,3
images/071A18.JPG,18
images/066A00.JPG,0
images/007A18.JPG,18
images/066A07.JPG,7
images/035A18.JPG,18
images/035A07.JPG,7
images/040A09.JPG,9
images/058A13.JPG,13
images/004A40.JPG,40
images/078A11.JPG,11
images/013A19.JPG,19
images/048A46.JPG,46
images/036A15.JPG,15
images/060A05.JPG,5
images/025A22.JPG,22
images/008A06.JPG,6
images/066A06a.JPG,6
images/003A61.JPG,61
images/040A00.JPG,0
images/026A13.JPG,13
images/015A09.JPG,9
images/013A34.JPG,34
images/035A09.JPG,9
images/035A00.JPG,0
images/023A29.JPG,29
images/081A12.JPG,12
images/034A30.JPG,30
images/021A39.JPG,39
images/047A45.JPG,45
images/075A10.JPG,10
images/079A02.JPG,2
images/075A02.JPG,2
images/037A06.JPG,6
images/007A38.JPG,38
images/012A36.JPG,36
images/042A00.JPG,0
images/042A06.JPG,6
images/039A52.JPG,52
images/061A25.JPG,25
images/039A10.JPG,10
images/024A28.JPG,28
images/004A19.JPG,19
images/075A06.JPG,6
images/081A04.JPG,4
images/048A17.JPG,17
images/036A18.JPG,18
images/003A60.JPG,60
images/061A18.JPG,18
images/046A06.JPG,6
images/062A30.JPG,30
images/043A19.JPG,19
images/022A20.JPG,20
images/006A67.JPG,67
images/033A21.JPG,21
images/002A03.JPG,3
images/024A00.JPG,0
images/023A07.JPG,7
images/033A18.JPG,18
images/056A04.JPG,4
images/008A17.JPG,17
images/039A13.JPG,13
images/056A06.JPG,6
images/008A21.JPG,21
images/068A14.JPG,14
images/070A05.JPG,5
images/039A45.JPG,45
images/075A00.JPG,0
images/063A04.JPG,4
images/059A03.JPG,3
images/007A45.JPG,45
images/026A18.JPG,18
images/056A15.JPG,15
images/044A13.JPG,13
images/008A35.JPG,35
images/063A25.JPG,25
images/078A10.JPG,10
images/027A22.JPG,22
images/012A34.JPG,34
images/037A09.JPG,9
images/027A20.JPG,20
images/071A42.JPG,42
images/002A05.JPG,5
images/017A07.JPG,7
images/030A07.JPG,7
images/036A13.JPG,13
images/050A10.JPG,10
images/012A24.JPG,24
images/024A07.JPG,7
images/017A15.JPG,15
images/025A34.JPG,34
images/073A14.JPG,14
images/070A01.JPG,1
images/066A06b.JPG,6
images/036A05.JPG,5
images/015A10.JPG,10
images/006A69.JPG,69
images/022A27.JPG,27
images/061A15.JPG,15
images/066A10.JPG,10
images/079A10.JPG,10
images/047A55.JPG,55
images/030A04.JPG,4
images/021A35.JPG,35
images/078A02.JPG,2
images/035A14.JPG,14
images/012A25.JPG,25
images/002A36.JPG,36
images/047A05.JPG,5
images/034A15.JPG,15
images/071A43.JPG,43
images/071A44.JPG,44
images/006A46.JPG,46
images/017A19.JPG,19
images/023A21.JPG,21
images/060A04.JPG,4
images/081A08.JPG,8
images/034A13.JPG,13
images/006A40.JPG,40
images/079A09.JPG,9
images/053A18.JPG,18
images/026A00.JPG,0
images/052A18.JPG,18
images/040A07.JPG,7
images/022A26.JPG,26
images/024A19.JPG,19
images/044A18.JPG,18
images/068A12.JPG,12
images/002A21.JPG,21
images/050A18.JPG,18
images/027A25.JPG,25
images/061A26.JPG,26
images/008A08.JPG,8
images/034A25.JPG,25
images/036A06.JPG,6
images/033A14.JPG,14
images/005A61.JPG,61
images/037A18.JPG,18
images/062A45.JPG,45
images/046A16.JPG,16
images/059A14.JPG,14
images/003A51.JPG,51
images/058A15.JPG,15
images/040A02.JPG,2
images/013A00.JPG,0
images/040A03a.JPG,3
