images/007A18.JPG,18
images/049A16.JPG,16
images/051A00.JPG,0
images/009A18.JPG,18
images/006A42.JPG,42
images/079A07.JPG,7
images/068A10a.JPG,10
images/060A17.JPG,17
images/063A18.JPG,18
images/081A03.JPG,3
images/077A01.JPG,1
images/031A02.JPG,2
images/063A22.JPG,22
images/051A02.JPG,2
images/032A28.JPG,28
images/032A18.JPG,18
images/035A23a.JPG,23
images/005A49.JPG,49
images/077A07.JPG,7
images/081A01.JPG,1
images/046A00.JPG,0
images/049A12.JPG,12
images/079A05.JPG,5
images/055A12.JPG,12
images/016A17.JPG,17
images/020A08.JPG,8
images/005A45.JPG,45
images/009A11.JPG,11
images/045A06.JPG,6
images/050A06.JPG,6
images/002A21.JPG,21
images/040A05.JPG,5
images/067A14.JPG,14
images/016A12.JPG,12
images/068A03.JPG,3
images/027A02.JPG,2
images/040A19.JPG,19
images/053A06.JPG,6
images/036A03.JPG,3
images/016A16.JPG,16
images/001A16.JPG,16
images/063A00.JPG,0
images/016A18.JPG,18
images/078A07.JPG,7
images/045A32.JPG,32
images/080A09.JPG,9
images/046A20.JPG,20
images/079A13.JPG,13
images/072A17.JPG,17
images/065A03b.JPG,3
images/029A23.JPG,23
images/010A15.JPG,15
images/042A10.JPG,10
images/002A26.JPG,26
images/031A16.JPG,16
images/078A08.JPG,8
images/042A05.JPG,5
images/080A07.JPG,7
images/015A09.JPG,9
images/049A08.JPG,8
images/011A42.JPG,42
images/010A05.JPG,5
images/007A37.JPG,37
images/048A15.JPG,15
images/041A02.JPG,2
images/032A13.JPG,13
images/036A05.JPG,5
images/065A02a.JPG,2
images/042A28.JPG,28
images/072A41.JPG,41
images/028A16.JPG,16
images/060A12.JPG,12
images/028A34.JPG,34
images/047A06.JPG,6
images/048A09.JPG,9
images/048A00.JPG,0
images/041A24.JPG,24
images/077A12.JPG,12
images/056A04.JPG,4
images/011A05.JPG,5
images/067A28.JPG,28
images/029A33.JPG,33
images/002A16.JPG,16
images/077A10.JPG,10
images/001A22.JPG,22
images/034A02.JPG,2
images/005A52.JPG,52
images/007A26.JPG,26
images/078A10.JPG,10
images/060A04.JPG,4
images/025A00.JPG,0
images/063A25.JPG,25
images/005A61.JPG,61
images/028A18.JPG,18
images/001A19.JPG,19
images/041A13.JPG,13
images/001A08.JPG,8
images/029A29.JPG,29
images/072A45.JPG,45
images/059A12.JPG,12
images/045A48.JPG,48
images/073A13.JPG,13
images/047A12.JPG,12
images/035A14.JPG,14
images/017A32.JPG,32
images/072A29.JPG,29
images/048A50.JPG,50
images/049A07.JPG,7
images/073A14.JPG,14
images/017A38.JPG,38
images/028A14.JPG,14
images/079A08.JPG,8
images/074A01.JPG,1
images/029A20.JPG,20
images/006A40.JPG,40
images/002A23.JPG,23
images/005A30.JPG,30
images/035A05.JPG,5
images/064A10.JPG,10
images/047A23.JPG,23
images/042A20.JPG,20
images/006A46.JPG,46
images/065A03a.JPG,3
images/048A17.JPG,17
images/016A08.JPG,8
images/065A08.JPG,8
images/077A15.JPG,15
images/080A02.JPG,2
images/004A51.JPG,51
images/001A29.JPG,29
images/032A24.JPG,24
images/048A49.JPG,49
images/067A39.JPG,39
images/078A04.JPG,4
images/016A19.JPG,19
images/074A07.JPG,7
images/078A09.JPG,9
images/053A12.JPG,12
images/014A12.JPG,12
images/068A04.JPG,4
images/079A10.JPG,10
images/010A10.JPG,10
images/027A13.JPG,13
images/073A16.JPG,16
images/010A09.JPG,9
images/041A06.JPG,6
images/079A12.JPG,12
images/059A02a.JPG,2
images/051A05.JPG,5
images/027A25.JPG,25
images/001A18.JPG,18
images/014A40.JPG,40
images/065A13.JPG,13
images/014A42.JPG,42
images/011A07.JPG,7
images/014A36.JPG,36
images/054A16.JPG,16
images/016A03.JPG,3
images/054A09.JPG,9
images/063A33.JPG,33
images/080A00.JPG,0
images/049A05.JPG,5
images/049A17.JPG,17
images/004A28.JPG,28
images/002A29.JPG,29
images/054A02.JPG,2
images/047A20.JPG,20
images/048A30.JPG,30
images/074A14.JPG,14
images/074A04.JPG,4
images/042A06.JPG,6
images/045A19.JPG,19
images/079A02.JPG,2
images/028A37.JPG,37
images/074A12.JPG,12
images/060A05.JPG,5
images/006A31.JPG,31
images/048A16.JPG,16
images/067A21.JPG,21
images/020A30.JPG,30
images/035A16.JPG,16
images/034A39.JPG,39
images/056A02.JPG,2
images/049A10.JPG,10
images/004A21.JPG,21
images/060A02.JPG,2
images/056A10.JPG,10
images/032A40.JPG,40
images/020A26.JPG,26
images/009A00.JPG,0
images/046A16.JPG,16
images/063A09.JPG,9
images/006A24.JPG,24
images/002A31.JPG,31
images/060A07.JPG,7
images/015A15.JPG,15
images/025A15.JPG,15
images/064A19.JPG,19
images/001A43b.JPG,43
images/053A10.JPG,10
images/027A18.JPG,18
images/050A03.JPG,3
images/029A31.JPG,31
images/064A04.JPG,4
images/081A11.JPG,11
images/047A13.JPG,13
images/005A31.JPG,31
images/025A28.JPG,28
images/051A08.JPG,8
images/056A03.JPG,3
images/048A11.JPG,11
images/017A26.JPG,26
images/059A14.JPG,14
images/019A07.JPG,7
images/019A00.JPG,0
images/060A20.JPG,20
images/031A19.JPG,19
images/065A10.JPG,10
images/034A21.JPG,21
images/035A01.JPG,1
images/073A03.JPG,3
images/068A12.JPG,12
images/077A13.JPG,13
images/002A04.JPG,4
images/078A06.JPG,6
images/048A52.JPG,52
images/050A14.JPG,14
images/002A36.JPG,36
images/006A28.JPG,28
images/034A04.JPG,4
images/065A09.JPG,9
images/017A29.JPG,29
images/005A35.JPG,35
images/073A00.JPG,0
images/080A04.JPG,4
images/059A07.JPG,7
images/014A30.JPG,30
images/050A10.JPG,10
images/007A39.JPG,39
images/017A07.JPG,7
images/080A10.JPG,10
images/079A00.JPG,0
images/034A11.JPG,11
images/072A27.JPG,27
images/054A06.JPG,6
images/074A02.JPG,2
images/059A02b.JPG,2
images/040A09.JPG,9
images/060A06.JPG,6
images/077A16.JPG,16
images/019A23.JPG,23
images/020A11.JPG,11
images/055A06.JPG,6
images/051A16.JPG,16
images/027A20.JPG,20
images/081A10.JPG,10
images/031A07.JPG,7
images/060A10.JPG,10
images/001A05.JPG,5
images/046A04.JPG,4
images/011A02.JPG,2
images/015A10.JPG,10
images/040A00.JPG,0
images/081A02.JPG,2
images/001A10.JPG,10
images/065A12.JPG,12
images/035A07.JPG,7
images/068A11.JPG,11
images/015A12.JPG,12
images/041A19.JPG,19
images/031A00.JPG,0
images/027A11.JPG,11
images/005A40.JPG,40
images/009A16b.JPG,16
images/048A46.JPG,46
images/080A12.JPG,12
images/067A26.JPG,26
images/042A24.JPG,24
images/074A03.JPG,3
images/031A15.JPG,15
images/054A10.JPG,10
images/049A15.JPG,15
images/009A14.JPG,14
images/054A11.JPG,11
images/050A16.JPG,16
images/031A06.JPG,6
images/053A04.JPG,4
images/028A35.JPG,35
images/004A48.JPG,48
images/025A22.JPG,22
images/016A07.JPG,7
images/025A07.JPG,7
images/053A11.JPG,11
images/019A30.JPG,30
images/049A06.JPG,6
images/016A04.JPG,4
images/020A18.JPG,18
images/054A04.JPG,4
images/035A03.JPG,3
images/080A13.JPG,13
images/011A17.JPG,17
images/005A24.JPG,24
images/065A06b.JPG,6
images/077A09.JPG,9
images/004A26.JPG,26
images/028A28.JPG,28
images/019A12.JPG,12
images/072A19.JPG,19
images/009A01.JPG,1
images/028A26.JPG,26
images/042A12.JPG,12
images/046A14.JPG,14
images/050A22.JPG,22
images/048A10.JPG,10
images/056A06.JPG,6
images/029A22.JPG,22
images/004A53.JPG,53
images/049A04.JPG,4
images/077A08.JPG,8
images/019A15.JPG,15
images/034A18.JPG,18
images/065A07b.JPG,7
images/073A02.JPG,2
images/032A15.JPG,15
images/040A03b.JPG,3
images/007A22.JPG,22
images/081A08.JPG,8
images/077A06.JPG,6
images/053A02.JPG,2
images/064A15.JPG,15
images/010A07b.JPG,7
images/011A15.JPG,15
images/045A08.JPG,8
images/014A14.JPG,14
images/025A19.JPG,19
images/017A05.JPG,5
images/014A03.JPG,3
images/036A11.JPG,11
images/056A12.JPG,12
images/047A27.JPG,27
images/051A15.JPG,15
images/031A04.JPG,4
images/015A14.JPG,14
images/072A34.JPG,34
images/036A15.JPG,15
images/025A18.JPG,18
images/073A12.JPG,12
images/042A00.JPG,0
images/047A09.JPG,9
images/011A34.JPG,34
images/073A04.JPG,4
images/078A03.JPG,3
images/048A27.JPG,27
images/020A04.JPG,4
images/010A06.JPG,6
images/010A07a.JPG,7
images/036A00.JPG,0
images/010A18.JPG,18
images/029A05.JPG,5
images/073A01.JPG,1
images/002A18.JPG,18
images/054A17.JPG,17
images/007A01.JPG,1
images/010A04.JPG,4
images/019A03.JPG,3
images/081A04.JPG,4
images/040A14.JPG,14
images/029A13.JPG,13
images/074A00.JPG,0
images/025A23.JPG,23
images/006A67.JPG,67
images/029A16.JPG,16
images/045A28.JPG,28
images/046A02.JPG,2
images/027A16.JPG,16
images/042A08.JPG,8
images/048A33.JPG,33
images/020A20.JPG,20
images/068A09.JPG,9
images/079A11.JPG,11
images/042A01.JPG,1
images/034A13.JPG,13
images/002A07.JPG,7
images/020A22.JPG,22
images/014A18.JPG,18
images/028A20.JPG,20
images/041A00.JPG,0
images/072A14.JPG,14
images/045A43.JPG,43
images/074A05.JPG,5
images/080A08.JPG,8
images/041A21.JPG,21
images/051A12.JPG,12
images/063A02.JPG,2
images/077A02.JPG,2
images/054A18.JPG,18
images/045A18.JPG,18
images/055A05.JPG,5
images/067A30.JPG,30
images/040A10.JPG,10
images/010A16.JPG,16
images/020A16.JPG,16
images/016A10.JPG,10
images/009A16a.JPG,16
images/020A13.JPG,13
images/040A12.JPG,12
images/059A04.JPG,4
images/017A17.JPG,17
images/056A15.JPG,15
images/004A19.JPG,19
images/056A01.JPG,1
images/035A09.JPG,9
images/060A08.JPG,8
images/015A17.JPG,17
images/078A05.JPG,5
images/036A18.JPG,18
images/073A06.JPG,6
images/051A18.JPG,18
images/048A54.JPG,54
images/032A20.JPG,20
images/060A19.JPG,19
images/011A11.JPG,11
images/060A11.JPG,11
images/073A07.JPG,7
images/053A18.JPG,18
images/047A55.JPG,55
images/017A22.JPG,22
images/046A06.JPG,6
images/011A27.JPG,27
images/073A11.JPG,11
images/004A30.JPG,30
images/077A14.JPG,14
images/051A14.JPG,14
images/016A01.JPG,1
images/072A02.JPG,2
images/063A20.JPG,20
images/074A10.JPG,10
images/080A03.JPG,3
images/068A13.JPG,13
images/017A36.JPG,36
images/078A12.JPG,12
images/067A23.JPG,23
images/032A06.JPG,6
images/032A33.JPG,33
images/036A20.JPG,20
images/067A33.JPG,33
images/031A11.JPG,11
images/035A18.JPG,18
images/072A21.JPG,21
images/001A43a.JPG,43
images/002A38.JPG,38
images/048A18.JPG,18
images/029A11.JPG,11
images/029A04.JPG,4
images/006A55.JPG,55
images/027A36.JPG,36
images/014A16.JPG,16
images/054A19.JPG,19
images/036A08.JPG,8
images/040A02.JPG,2
images/009A09.JPG,9
images/055A23.JPG,23
images/031A12.JPG,12
images/078A11.JPG,11
images/031A09.JPG,9
images/074A09.JPG,9
images/035A21.JPG,21
images/046A12.JPG,12
images/063A04.JPG,4
images/065A11.JPG,11
images/007A38.JPG,38
images/078A14.JPG,14
images/042A14.JPG,14
images/025A34.JPG,34
images/029A01.JPG,1
images/068A14.JPG,14
images/077A03.JPG,3
images/011A14.JPG,14
images/015A00.JPG,0
images/045A40.JPG,40
images/031A14.JPG,14
images/025A39.JPG,39
images/027A22.JPG,22
images/035A00.JPG,0
images/034A25.JPG,25
images/072A13.JPG,13
images/050A00.JPG,0
images/017A15.JPG,15
images/074A15.JPG,15
images/001A02.JPG,2
images/034A35.JPG,35
images/053A13.JPG,13
images/068A00.JPG,0
images/080A01.JPG,1
images/027A30.JPG,30
images/015A07.JPG,7
images/002A05.JPG,5
images/067A04.JPG,4
images/047A05.JPG,5
images/079A01.JPG,1
images/073A09.JPG,9
images/011A20.JPG,20
images/074A11.JPG,11
images/025A12.JPG,12
images/035A23b.JPG,23
images/004A62.JPG,62
images/015A03.JPG,3
images/080A05.JPG,5
images/045A12.JPG,12
images/011A40.JPG,40
images/079A04.JPG,4
images/072A11.JPG,11
images/042A18.JPG,18
images/046A10.JPG,10
images/040A16.JPG,16
images/009A13.JPG,13
images/068A10b.JPG,10
images/073A08.JPG,8
images/001A33.JPG,33
images/002A15.JPG,15
images/047A45.JPG,45
images/067A17.JPG,17
images/046A18.JPG,18
images/081A12.JPG,12
images/004A37.JPG,37
images/036A13.JPG,13
images/078A13.JPG,13
images/064A03.JPG,3
images/005A18.JPG,18
images/009A03.JPG,3
images/055A14.JPG,14
images/065A06a.JPG,6
images/074A08.JPG,8
images/001A40.JPG,40
images/041A04.JPG,4
images/079A09.JPG,9
images/081A06.JPG,6
images/072A07.JPG,7
images/028A41.JPG,41
images/080A06.JPG,6
images/046A17.JPG,17
images/002A20.JPG,20
images/042A04.JPG,4
images/034A15.JPG,15
images/047A33.JPG,33
images/073A15.JPG,15
images/053A00.JPG,0
images/020A24.JPG,24
images/073A05.JPG,5
images/015A05.JPG,5
images/054A12.JPG,12
images/081A07.JPG,7
images/078A01.JPG,1
images/072A25.JPG,25
images/080A14.JPG,14
images/035A08.JPG,8
images/036A19.JPG,19
images/077A00.JPG,0
images/006A51.JPG,51
images/046A01.JPG,1
images/002A03.JPG,3
images/036A06.JPG,6
images/034A44.JPG,44
images/053A01.JPG,1
images/010A12.JPG,12
images/065A02b.JPG,2
images/041A20.JPG,20
images/040A07.JPG,7
images/054A13.JPG,13
images/059A06.JPG,6
images/036A01.JPG,1
images/053A03.JPG,3
images/053A08.JPG,8
images/005A48.JPG,48
images/079A03.JPG,3
images/054A00.JPG,0
images/015A04.JPG,4
images/031A03.JPG,3
images/004A63.JPG,63
images/011A13.JPG,13
images/009A05.JPG,5
images/045A03.JPG,3
images/025A03.JPG,3
images/065A07a.JPG,7
images/016A05.JPG,5
images/040A21.JPG,21
images/074A13.JPG,13
images/036A17.JPG,17
images/017A12.JPG,12
images/016A14.JPG,14
images/006A69.JPG,69
images/035A12.JPG,12
images/006A61.JPG,61
images/009A22b.JPG,22
images/029A10.JPG,10
images/046A08.JPG,8
images/011A30.JPG,30
images/007A23.JPG,23
images/045A25.JPG,25
images/064A01.JPG,1
images/047A15.JPG,15
images/077A11.JPG,11
images/078A00.JPG,0
images/074A06.JPG,6
images/027A41.JPG,41
images/020A02.JPG,2
images/002A12.JPG,12
images/015A01.JPG,1
images/032A35.JPG,35
images/078A02.JPG,2
images/050A18.JPG,18
images/010A01.JPG,1
images/055A22.JPG,22
images/078A15.JPG,15
images/041A09.JPG,9
images/055A08.JPG,8
images/001A14.JPG,14
images/032A10.JPG,10
images/040A03a.JPG,3
images/034A16.JPG,16
images/051A17.JPG,17
images/047A11.JPG,11
images/017A42.JPG,42
images/055A04.JPG,4
images/045A17.JPG,17
images/014A22.JPG,22
images/032A08.JPG,8
images/081A05.JPG,5
images/019A27.JPG,27
images/001A28.JPG,28
images/079A06.JPG,6
images/007A45.JPG,45
images/063A08.JPG,8
images/015A19.JPG,19
images/004A40.JPG,40
images/009A22a.JPG,22
images/081A00.JPG,0
images/047A18.JPG,18
images/077A04.JPG,4
images/019A18.JPG,18
images/065A04.JPG,4
images/059A03.JPG,3
images/059A16.JPG,16
images/006A36.JPG,36
images/020A36.JPG,36
images/034A30.JPG,30
images/019A05.JPG,5
images/040A06.JPG,6
images/028A46.JPG,46
images/053A15.JPG,15
images/051A24.JPG,24
images/017A19.JPG,19
