images/022A20.JPG,20
images/004A37.JPG,37
images/011A27.JPG,27
images/001A22.JPG,22
images/007A45.JPG,45
images/053A03.JPG,3
images/076A12.JPG,12
images/030A07.JPG,7
images/072A29.JPG,29
images/070A06.JPG,6
images/064A10.JPG,10
images/031A14.JPG,14
images/006A55.JPG,55
images/066A03.JPG,3
images/021A05.JPG,5
images/036A20.JPG,20
images/080A10.JPG,10
images/073A14.JPG,14
images/034A11.JPG,11
images/028A14.JPG,14
images/051A14.JPG,14
images/023A03.JPG,3
images/007A38.JPG,38
images/070A07.JPG,7
images/036A05.JPG,5
images/015A12.JPG,12
images/039A16.JPG,16
images/031A04.JPG,4
images/068A14.JPG,14
images/076A10.JPG,10
images/013A25.JPG,25
images/006A61.JPG,61
images/076A09.JPG,9
images/070A03.JPG,3
images/058A02.JPG,2
images/063A33.JPG,33
images/016A14.JPG,14
images/058A04.JPG,4
images/008A12.JPG,12
images/040A16.JPG,16
images/033A25.JPG,25
images/037A13.JPG,13
images/020A04.JPG,4
images/001A28.JPG,28
images/034A44.JPG,44
images/050A18.JPG,18
images/013A00.JPG,0
images/069A02.JPG,2
images/035A03.JPG,3
images/035A07.JPG,7
images/066A06b.JPG,6
images/053A04.JPG,4
images/072A19.JPG,19
images/022A23.JPG,23
images/034A15.JPG,15
images/071A40.JPG,40
images/058A00.JPG,0
images/037A04.JPG,4
images/069A09.JPG,9
images/036A18.JPG,18
images/080A08.JPG,8
images/007A01.JPG,1
images/012A32.JPG,32
images/066A06a.JPG,6
images/058A06.JPG,6
images/040A03a.JPG,3
images/044A07.JPG,7
images/016A08.JPG,8
images/027A36.JPG,36
images/015A00.JPG,0
images/018A25.JPG,25
images/008A33.JPG,33
images/012A30.JPG,30
images/015A05.JPG,5
images/031A09.JPG,9
images/063A02.JPG,2
images/004A40.JPG,40
images/065A11.JPG,11
images/061A17.JPG,17
images/082A23.JPG,23
images/007A39.JPG,39
images/034A21.JPG,21
images/036A00.JPG,0
images/028A46.JPG,46
images/031A15.JPG,15
images/016A16.JPG,16
images/051A02.JPG,2
images/039A05.JPG,5
images/076A08.JPG,8
images/020A26.JPG,26
images/068A03.JPG,3
images/077A15.JPG,15
images/035A23b.JPG,23
images/073A16.JPG,16
images/008A41.JPG,41
images/001A43a.JPG,43
images/023A14.JPG,14
images/079A12.JPG,12
images/018A29.JPG,29
images/006A40.JPG,40
images/004A48.JPG,48
images/062A54.JPG,54
images/015A03.JPG,3
images/071A44.JPG,44
images/070A00.JPG,0
images/071A43.JPG,43
images/035A00.JPG,0
images/022A11.JPG,11
images/073A12.JPG,12
images/035A01.JPG,1
images/008A17.JPG,17
images/040A14.JPG,14
images/001A10.JPG,10
images/077A08.JPG,8
images/044A25.JPG,25
images/020A08.JPG,8
images/051A15.JPG,15
images/062A45.JPG,45
images/016A07.JPG,7
images/018A34.JPG,34
images/077A09.JPG,9
images/025A03.JPG,3
images/064A19.JPG,19
images/080A04.JPG,4
images/033A18.JPG,18
images/004A19.JPG,19
images/034A35.JPG,35
images/001A19.JPG,19
images/058A15.JPG,15
images/039A45.JPG,45
images/073A04.JPG,4
images/068A09.JPG,9
images/035A21.JPG,21
images/036A01.JPG,1
images/068A12.JPG,12
images/022A28.JPG,28
images/037A08.JPG,8
images/022A14.JPG,14
images/068A10a.JPG,10
images/015A04.JPG,4
images/048A15.JPG,15
images/048A17.JPG,17
images/022A26.JPG,26
images/071A45.JPG,45
images/004A30.JPG,30
images/027A20.JPG,20
images/082A16.JPG,16
images/044A18.JPG,18
images/050A00.JPG,0
images/062A38.JPG,38
images/001A29.JPG,29
images/080A09.JPG,9
images/035A09.JPG,9
images/026A04.JPG,4
images/050A16.JPG,16
images/023A16.JPG,16
images/012A07.JPG,7
images/069A06.JPG,6
images/021A20.JPG,20
images/050A14.JPG,14
images/068A13.JPG,13
images/025A19.JPG,19
images/044A13.JPG,13
images/003A60.JPG,60
images/034A39.JPG,39
images/036A06.JPG,6
images/011A15.JPG,15
images/060A07.JPG,7
images/073A13.JPG,13
images/071A10.JPG,10
images/080A05.JPG,5
images/051A08.JPG,8
images/035A14.JPG,14
images/011A30.JPG,30
images/065A07a.JPG,7
images/079A07.JPG,7
images/072A07.JPG,7
images/071A22.JPG,22
images/071A24.JPG,24
images/030A00.JPG,0
images/011A17.JPG,17
images/073A08.JPG,8
images/037A02.JPG,2
images/048A16.JPG,16
images/040A02.JPG,2
images/039A52.JPG,52
images/028A26.JPG,26
images/008A08.JPG,8
images/065A12.JPG,12
images/053A15.JPG,15
images/048A00.JPG,0
images/065A06a.JPG,6
images/025A00.JPG,0
images/044A01.JPG,1
images/020A16.JPG,16
images/062A41.JPG,41
images/030A16.JPG,16
images/013A30.JPG,30
images/026A15.JPG,15
images/066A09.JPG,9
images/004A21.JPG,21
images/034A13.JPG,13
images/035A12.JPG,12
images/021A06.JPG,6
images/022A27.JPG,27
images/035A05.JPG,5
images/016A03.JPG,3
images/021A39.JPG,39
images/015A01.JPG,1
images/063A00.JPG,0
images/079A00.JPG,0
images/080A13.JPG,13
images/016A01.JPG,1
images/003A49.JPG,49
images/077A16.JPG,16
images/033A10.JPG,10
images/082A31.JPG,31
images/062A18.JPG,18
images/018A06.JPG,6
images/040A05.JPG,5
images/037A11.JPG,11
images/006A69.JPG,69
images/060A04.JPG,4
images/031A19.JPG,19
images/079A11.JPG,11
images/065A07b.JPG,7
images/061A29.JPG,29
images/008A03.JPG,3
images/048A54.JPG,54
images/051A18.JPG,18
images/030A10.JPG,10
images/079A10.JPG,10
images/065A08.JPG,8
images/070A08.JPG,8
images/060A08.JPG,8
images/069A07.JPG,7
images/069A11.JPG,11
images/058A10.JPG,10
images/077A03.JPG,3
images/011A14.JPG,14
images/027A18.JPG,18
images/058A13.JPG,13
images/001A40.JPG,40
images/003A47.JPG,47
images/077A11.JPG,11
images/028A16.JPG,16
images/072A45.JPG,45
images/061A07.JPG,7
images/022A25.JPG,25
images/027A25.JPG,25
images/012A36.JPG,36
images/033A35.JPG,35
images/003A25.JPG,25
images/070A02.JPG,2
images/006A51.JPG,51
images/063A04.JPG,4
images/053A12.JPG,12
images/036A17.JPG,17
images/066A02b.JPG,2
images/027A22.JPG,22
images/062A16.JPG,16
images/016A19.JPG,19
images/022A18.JPG,18
images/053A11.JPG,11
images/063A22.JPG,22
images/063A08.JPG,8
images/060A19.JPG,19
images/040A09.JPG,9
images/013A19.JPG,19
images/020A22.JPG,22
images/077A02.JPG,2
images/016A17.JPG,17
images/039A15.JPG,15
images/058A01.JPG,1
images/072A34.JPG,34
images/068A10b.JPG,10
images/034A02.JPG,2
images/079A09.JPG,9
images/012A21.JPG,21
images/006A28.JPG,28
images/026A07.JPG,7
images/020A13.JPG,13
images/070A01.JPG,1
images/007A23.JPG,23
images/003A20.JPG,20
images/016A18.JPG,18
images/066A11.JPG,11
images/008A18.JPG,18
images/023A18.JPG,18
images/082A20.JPG,20
images/061A15.JPG,15
images/035A23a.JPG,23
images/021A35.JPG,35
images/025A12.JPG,12
images/011A05.JPG,5
images/071A35.JPG,35
images/076A13.JPG,13
images/039A17.JPG,17
images/044A15.JPG,15
images/020A36.JPG,36
images/048A33.JPG,33
images/061A25.JPG,25
images/013A21.JPG,21
images/069A05.JPG,5
images/018A22.JPG,22
images/022A00.JPG,0
images/051A16.JPG,16
images/007A22.JPG,22
images/031A03.JPG,3
images/030A05.JPG,5
images/077A13.JPG,13
images/031A06.JPG,6
images/007A26.JPG,26
images/034A04.JPG,4
images/048A49.JPG,49
images/039A13.JPG,13
images/027A41.JPG,41
images/080A14.JPG,14
images/063A09.JPG,9
images/048A30.JPG,30
images/022A30.JPG,30
images/026A00.JPG,0
images/082A27.JPG,27
images/076A16.JPG,16
images/012A25.JPG,25
images/073A15.JPG,15
images/072A14.JPG,14
images/037A06.JPG,6
images/070A05.JPG,5
images/073A03.JPG,3
images/028A28.JPG,28
images/068A04.JPG,4
images/020A30.JPG,30
images/082A03.JPG,3
images/023A07.JPG,7
images/061A19.JPG,19
images/037A19.JPG,19
images/011A40.JPG,40
images/065A10.JPG,10
images/003A61.JPG,61
images/071A18.JPG,18
images/020A18.JPG,18
images/048A18.JPG,18
images/020A11.JPG,11
images/011A02.JPG,2
images/080A06.JPG,6
images/003A38.JPG,38
images/025A18.JPG,18
images/079A06.JPG,6
images/004A28.JPG,28
images/070A12.JPG,12
images/070A09.JPG,9
images/076A05.JPG,5
images/012A12.JPG,12
images/053A06.JPG,6
images/012A24.JPG,24
images/003A51.JPG,51
images/080A02.JPG,2
images/051A17.JPG,17
images/076A02.JPG,2
images/033A05.JPG,5
images/015A14.JPG,14
images/025A22.JPG,22
images/065A06b.JPG,6
images/023A09.JPG,9
images/069A10.JPG,10
images/048A27.JPG,27
images/073A00.JPG,0
images/066A07.JPG,7
images/003A35.JPG,35
images/048A50.JPG,50
images/079A08.JPG,8
images/061A04.JPG,4
images/040A10.JPG,10
images/028A35.JPG,35
images/011A07.JPG,7
images/062A35.JPG,35
images/033A21.JPG,21
images/028A18.JPG,18
images/079A13.JPG,13
images/072A41.JPG,41
images/065A02a.JPG,2
images/022A16.JPG,16
images/008A16.JPG,16
images/004A53.JPG,53
images/034A30.JPG,30
images/022A07.JPG,7
images/037A01.JPG,1
images/030A23.JPG,23
images/061A32.JPG,32
images/073A01.JPG,1
images/039A50.JPG,50
images/044A17.JPG,17
images/072A11.JPG,11
images/051A12.JPG,12
images/020A24.JPG,24
images/008A06.JPG,6
images/077A04.JPG,4
images/051A24.JPG,24
images/003A58.JPG,58
images/016A12.JPG,12
images/013A34.JPG,34
images/076A00.JPG,0
images/072A21.JPG,21
images/069A13.JPG,13
images/039A10.JPG,10
images/048A10.JPG,10
images/039A02.JPG,2
images/039A19.JPG,19
images/061A10.JPG,10
images/080A07.JPG,7
images/040A21.JPG,21
images/060A12.JPG,12
images/080A01.JPG,1
images/007A18.JPG,18
images/015A09.JPG,9
images/027A13.JPG,13
images/031A16.JPG,16
images/015A15.JPG,15
images/048A52.JPG,52
images/006A31.JPG,31
images/058A05.JPG,5
images/036A19.JPG,19
images/026A13.JPG,13
images/028A34.JPG,34
images/044A21.JPG,21
images/006A42.JPG,42
images/066A04.JPG,4
images/033A30.JPG,30
images/001A02.JPG,2
images/015A07.JPG,7
images/063A20.JPG,20
images/069A03.JPG,3
images/011A42.JPG,42
images/021A03.JPG,3
images/016A05.JPG,5
images/025A23.JPG,23
images/065A04.JPG,4
images/044A03.JPG,3
images/004A63.JPG,63
images/031A00.JPG,0
images/068A00.JPG,0
images/011A34.JPG,34
images/040A03b.JPG,3
images/079A03.JPG,3
images/037A00.JPG,0
images/058A17.JPG,17
images/064A04.JPG,4
images/023A29.JPG,29
images/040A00.JPG,0
images/053A10.JPG,10
images/050A06.JPG,6
images/008A30.JPG,30
images/008A29.JPG,29
images/066A02a.JPG,2
images/076A07.JPG,7
images/027A02.JPG,2
images/066A00.JPG,0
images/076A03.JPG,3
images/076A14.JPG,14
images/076A15.JPG,15
images/007A37.JPG,37
images/031A11.JPG,11
images/035A16.JPG,16
images/013A16.JPG,16
images/050A03.JPG,3
images/020A02.JPG,2
images/072A25.JPG,25
images/031A07.JPG,7
images/053A02.JPG,2
images/040A07.JPG,7
images/061A26.JPG,26
images/073A06.JPG,6
images/063A18.JPG,18
images/004A51.JPG,51
images/028A41.JPG,41
images/023A22.JPG,22
images/033A44.JPG,44
images/015A17.JPG,17
images/031A02.JPG,2
images/012A04.JPG,4
images/008A31.JPG,31
images/062A30.JPG,30
images/030A04.JPG,4
images/048A09.JPG,9
images/040A12.JPG,12
images/028A37.JPG,37
images/068A11.JPG,11
images/062A53.JPG,53
images/039A11.JPG,11
images/012A34.JPG,34
images/001A18.JPG,18
images/025A34.JPG,34
images/070A14.JPG,14
images/080A03.JPG,3
images/037A17.JPG,17
images/004A62.JPG,62
images/015A19.JPG,19
images/030A17.JPG,17
images/073A02.JPG,2
images/077A06.JPG,6
images/028A20.JPG,20
images/003A18.JPG,18
images/021A18.JPG,18
images/076A04.JPG,4
images/012A23.JPG,23
images/026A19.JPG,19
images/025A28.JPG,28
images/026A18.JPG,18
images/018A16.JPG,16
images/073A07.JPG,7
images/040A06.JPG,6
images/026A02.JPG,2
images/034A25.JPG,25
images/001A33.JPG,33
images/069A00.JPG,0
images/053A00.JPG,0
images/064A03.JPG,3
images/066A08.JPG,8
images/025A39.JPG,39
images/006A46.JPG,46
images/021A23.JPG,23
images/016A04.JPG,4
images/060A20.JPG,20
images/076A11.JPG,11
images/018A18.JPG,18
images/082A22.JPG,22
images/039A07.JPG,7
images/036A13.JPG,13
images/020A20.JPG,20
images/013A23.JPG,23
images/033A02.JPG,2
images/023A00.JPG,0
images/037A18.JPG,18
images/061A06.JPG,6
images/006A36.JPG,36
images/072A27.JPG,27
images/050A10.JPG,10
images/023A25.JPG,25
images/079A01.JPG,1
images/013A18.JPG,18
images/011A20.JPG,20
images/027A11.JPG,11
images/008A13.JPG,13
images/001A14.JPG,14
images/012A27.JPG,27
images/023A21.JPG,21
images/063A25.JPG,25
images/077A12.JPG,12
images/006A67.JPG,67
images/079A02.JPG,2
images/036A11.JPG,11
images/065A03b.JPG,3
images/018A11.JPG,11
images/060A11.JPG,11
images/036A15.JPG,15
images/061A18.JPG,18
images/044A05.JPG,5
images/053A13.JPG,13
images/023A05.JPG,5
images/073A11.JPG,11
images/061A30.JPG,30
images/001A16.JPG,16
images/065A09.JPG,9
images/015A10.JPG,10
images/065A02b.JPG,2
images/079A04.JPG,4
images/076A01.JPG,1
images/025A15.JPG,15
images/012A26.JPG,26
images/077A07.JPG,7
images/012A18.JPG,18
images/062A47.JPG,47
images/050A22.JPG,22
images/058A03.JPG,3
images/072A02.JPG,2
images/073A09.JPG,9
images/013A41.JPG,41
images/021A11.JPG,11
images/062A03.JPG,3
images/060A06.JPG,6
images/077A10.JPG,10
images/082A25.JPG,25
images/035A08.JPG,8
images/071A42.JPG,42
images/072A17.JPG,17
images/060A17.JPG,17
images/071A23.JPG,23
images/030A26.JPG,26
images/071A00.JPG,0
images/021A27.JPG,27
images/064A01.JPG,1
images/034A16.JPG,16
images/008A21.JPG,21
images/027A16.JPG,16
images/037A09.JPG,9
images/066A10.JPG,10
images/001A05.JPG,5
images/026A06.JPG,6
images/006A24.JPG,24
images/012A14.JPG,14
images/082A00.JPG,0
images/018A36.JPG,36
images/033A14.JPG,14
images/051A05.JPG,5
images/051A00.JPG,0
images/060A05.JPG,5
images/069A04.JPG,4
images/030A18.JPG,18
images/062A15.JPG,15
images/011A13.JPG,13
images/079A05.JPG,5
images/003A23.JPG,23
images/018A33.JPG,33
images/008A35.JPG,35
images/004A26.JPG,26
images/021A16.JPG,16
images/048A11.JPG,11
images/021A30.JPG,30
images/082A21.JPG,21
images/001A43b.JPG,43
images/039A35.JPG,35
images/013A44.JPG,44
images/072A13.JPG,13
images/048A46.JPG,46
images/080A12.JPG,12
images/077A14.JPG,14
images/082A18.JPG,18
images/076A17.JPG,17
images/026A11.JPG,11
images/080A00.JPG,0
images/033A39.JPG,39
images/025A07.JPG,7
images/018A28.JPG,28
images/064A15.JPG,15
images/013A08.JPG,8
images/031A12.JPG,12
images/016A10.JPG,10
images/060A02.JPG,2
images/026A17.JPG,17
images/001A08.JPG,8
images/030A20.JPG,20
images/077A01.JPG,1
images/040A19.JPG,19
images/076A06.JPG,6
images/027A30.JPG,30
images/053A08.JPG,8
images/073A05.JPG,5
images/053A18.JPG,18
images/011A11.JPG,11
images/060A10.JPG,10
images/036A03.JPG,3
images/065A03a.JPG,3
images/035A18.JPG,18
images/034A18.JPG,18
images/077A00.JPG,0
images/036A08.JPG,8
images/065A13.JPG,13
images/071A27.JPG,27
images/053A01.JPG,1
