images/002A29.JPG,29
images/080A06.JPG,6
images/065A10.JPG,10
images/051A16.JPG,16
images/074A04.JPG,4
images/007A38.JPG,38
images/072A27.JPG,27
images/049A04.JPG,4
images/010A07b.JPG,7
images/054A10.JPG,10
images/048A50.JPG,50
images/079A11.JPG,11
images/043A10.JPG,10
images/064A15.JPG,15
images/019A30.JPG,30
images/024A05.JPG,5
images/052A13.JPG,13
images/074A10.JPG,10
images/049A06.JPG,6
images/065A09.JPG,9
images/036A00.JPG,0
images/007A23.JPG,23
images/080A01.JPG,1
images/043A17.JPG,17
images/079A08.JPG,8
images/019A05.JPG,5
images/003A58.JPG,58
images/009A05.JPG,5
images/074A14.JPG,14
images/065A11.JPG,11
images/002A38.JPG,38
images/003A47.JPG,47
images/024A10.JPG,10
images/035A00.JPG,0
images/072A41.JPG,41
images/042A24.JPG,24
images/057A17.JPG,17
images/037A19.JPG,19
images/074A07.JPG,7
images/048A27.JPG,27
images/058A02.JPG,2
images/006A55.JPG,55
images/066A10.JPG,10
images/011A15.JPG,15
images/042A10.JPG,10
images/021A27.JPG,27
images/023A18.JPG,18
images/019A03.JPG,3
images/075A02.JPG,2
images/010A15.JPG,15
images/019A18.JPG,18
images/035A05.JPG,5
images/074A06.JPG,6
images/011A11.JPG,11
images/075A06.JPG,6
images/058A01.JPG,1
images/037A01.JPG,1
images/066A02a.JPG,2
images/024A19.JPG,19
images/074A11.JPG,11
images/036A15.JPG,15
images/062A41.JPG,41
images/006A46.JPG,46
images/070A06.JPG,6
images/021A05.JPG,5
images/003A51.JPG,51
images/008A06.JPG,6
images/077A10.JPG,10
images/037A18.JPG,18
images/075A01.JPG,1
images/058A13.JPG,13
images/074A03.JPG,3
images/078A15.JPG,15
images/077A15.JPG,15
images/049A17.JPG,17
images/047A06.JPG,6
images/041A20.JPG,20
images/027A11.JPG,11
images/023A25.JPG,25
images/037A08.JPG,8
images/004A48.JPG,48
images/077A02.JPG,2
images/067A23.JPG,23
images/014A36.JPG,36
images/041A04.JPG,4
images/076A03.JPG,3
images/050A18.JPG,18
images/074A02.JPG,2
images/009A18.JPG,18
images/054A13.JPG,13
images/044A01.JPG,1
images/010A04.JPG,4
images/049A10.JPG,10
images/063A02.JPG,2
images/044A18.JPG,18
images/011A13.JPG,13
images/004A21.JPG,21
images/021A16.JPG,16
images/079A04.JPG,4
images/006A69.JPG,69
images/032A40.JPG,40
images/015A09.JPG,9
images/032A08.JPG,8
images/003A18.JPG,18
images/043A00.JPG,0
images/002A07.JPG,7
images/077A07.JPG,7
images/004A62.JPG,62
images/039A10.JPG,10
images/054A19.JPG,19
images/035A03.JPG,3
images/066A03.JPG,3
images/024A07.JPG,7
images/049A12.JPG,12
images/049A16.JPG,16
images/070A14.JPG,14
images/028A26.JPG,26
images/048A54.JPG,54
images/052A20.JPG,20
images/049A07.JPG,7
images/035A21.JPG,21
images/052A14.JPG,14
images/077A11.JPG,11
images/076A06.JPG,6
images/051A15.JPG,15
images/039A07.JPG,7
images/079A02.JPG,2
images/077A16.JPG,16
images/063A25.JPG,25
images/057A25.JPG,25
images/014A22.JPG,22
images/044A21.JPG,21
images/015A15.JPG,15
images/040A00.JPG,0
images/059A03.JPG,3
images/027A20.JPG,20
images/070A01.JPG,1
images/042A18.JPG,18
images/032A13.JPG,13
images/023A00.JPG,0
images/052A10.JPG,10
images/006A31.JPG,31
images/014A30.JPG,30
images/006A36.JPG,36
images/042A20.JPG,20
images/037A02.JPG,2
images/063A00.JPG,0
images/077A04.JPG,4
images/008A29.JPG,29
images/062A53.JPG,53
images/015A17.JPG,17
images/066A11.JPG,11
images/048A11.JPG,11
images/074A05.JPG,5
images/009A00.JPG,0
images/065A07a.JPG,7
images/002A12.JPG,12
images/072A29.JPG,29
images/037A17.JPG,17
images/076A00.JPG,0
images/079A03.JPG,3
images/036A03.JPG,3
images/057A05.JPG,5
images/066A04.JPG,4
images/075A07.JPG,7
images/011A02.JPG,2
images/072A07.JPG,7
images/065A02b.JPG,2
images/070A00.JPG,0
images/072A11.JPG,11
images/065A04.JPG,4
images/004A53.JPG,53
images/004A26.JPG,26
images/051A08.JPG,8
images/008A21.JPG,21
images/003A60.JPG,60
images/070A07.JPG,7
images/021A11.JPG,11
images/032A28.JPG,28
images/042A04.JPG,4
images/028A28.JPG,28
images/039A15.JPG,15
images/055A06.JPG,6
images/028A46.JPG,46
images/036A08.JPG,8
images/047A20.JPG,20
images/047A23.JPG,23
images/076A10.JPG,10
images/044A07.JPG,7
images/074A01.JPG,1
images/037A09.JPG,9
images/078A06.JPG,6
images/055A22.JPG,22
images/072A21.JPG,21
images/057A12.JPG,12
images/067A30.JPG,30
images/059A04.JPG,4
images/080A08.JPG,8
images/047A27.JPG,27
images/014A18.JPG,18
images/047A15.JPG,15
images/072A14.JPG,14
images/047A45.JPG,45
images/066A07.JPG,7
images/054A04.JPG,4
images/070A08.JPG,8
images/047A05.JPG,5
images/041A00.JPG,0
images/065A02a.JPG,2
images/010A12.JPG,12
images/009A16b.JPG,16
images/043A23.JPG,23
images/002A03.JPG,3
images/028A41.JPG,41
images/044A05.JPG,5
images/067A17.JPG,17
images/039A02.JPG,2
images/023A03.JPG,3
images/078A04.JPG,4
images/028A16.JPG,16
images/075A08.JPG,8
images/015A10.JPG,10
images/063A20.JPG,20
images/024A17.JPG,17
images/078A01.JPG,1
images/027A13.JPG,13
images/050A16.JPG,16
images/079A12.JPG,12
images/002A20.JPG,20
images/002A23.JPG,23
images/048A17.JPG,17
images/070A02.JPG,2
images/011A34.JPG,34
images/054A17.JPG,17
images/079A05.JPG,5
images/006A51.JPG,51
images/076A15.JPG,15
images/058A15.JPG,15
images/064A01.JPG,1
images/003A20.JPG,20
images/048A49.JPG,49
images/015A01.JPG,1
images/043A15.JPG,15
images/014A12.JPG,12
images/023A09.JPG,9
images/057A00.JPG,0
images/015A12.JPG,12
images/054A00.JPG,0
images/077A08.JPG,8
images/078A09.JPG,9
images/067A14.JPG,14
images/041A06.JPG,6
images/021A20.JPG,20
images/042A08.JPG,8
images/055A08.JPG,8
images/054A09.JPG,9
images/059A06.JPG,6
images/066A09.JPG,9
images/027A02.JPG,2
images/065A07b.JPG,7
images/010A07a.JPG,7
images/077A01.JPG,1
images/021A18.JPG,18
images/066A06b.JPG,6
images/008A12.JPG,12
images/002A26.JPG,26
images/054A12.JPG,12
images/080A03.JPG,3
images/028A34.JPG,34
images/042A05.JPG,5
images/080A02.JPG,2
images/037A04.JPG,4
images/009A22a.JPG,22
images/007A01.JPG,1
images/062A30.JPG,30
images/011A05.JPG,5
images/002A05.JPG,5
images/039A11.JPG,11
images/077A06.JPG,6
images/011A40.JPG,40
images/035A09.JPG,9
images/024A28.JPG,28
images/076A16.JPG,16
images/074A08.JPG,8
images/040A14.JPG,14
images/052A02.JPG,2
images/004A51.JPG,51
images/009A14.JPG,14
images/008A41.JPG,41
images/006A24.JPG,24
images/058A05.JPG,5
images/010A06.JPG,6
images/047A13.JPG,13
images/040A12.JPG,12
images/011A07.JPG,7
images/002A21.JPG,21
images/075A11.JPG,11
images/067A26.JPG,26
images/076A14.JPG,14
images/072A17.JPG,17
images/051A17.JPG,17
images/015A07.JPG,7
images/049A05.JPG,5
images/067A04.JPG,4
images/055A23.JPG,23
images/021A35.JPG,35
images/074A09.JPG,9
images/064A19.JPG,19
images/035A23b.JPG,23
images/063A04.JPG,4
images/019A07.JPG,7
images/027A30.JPG,30
images/041A02.JPG,2
images/009A13.JPG,13
images/048A16.JPG,16
images/047A55.JPG,55
images/070A12.JPG,12
images/019A27.JPG,27
images/009A03.JPG,3
images/057A23.JPG,23
images/057A07.JPG,7
images/072A25.JPG,25
images/080A10.JPG,10
images/035A01.JPG,1
images/007A45.JPG,45
images/039A13.JPG,13
images/066A02b.JPG,2
images/076A12.JPG,12
images/049A08.JPG,8
images/074A12.JPG,12
images/063A18.JPG,18
images/051A12.JPG,12
images/051A02.JPG,2
images/006A67.JPG,67
images/043A03.JPG,3
images/014A42.JPG,42
images/066A06a.JPG,6
images/039A45.JPG,45
images/041A21.JPG,21
images/036A18.JPG,18
images/052A07.JPG,7
images/080A12.JPG,12
images/023A29.JPG,29
images/076A08.JPG,8
images/003A25.JPG,25
images/010A09.JPG,9
images/077A12.JPG,12
images/076A01.JPG,1
images/008A31.JPG,31
images/014A40.JPG,40
images/015A19.JPG,19
images/032A24.JPG,24
images/080A04.JPG,4
images/050A10.JPG,10
images/047A33.JPG,33
images/032A20.JPG,20
images/072A02.JPG,2
images/074A13.JPG,13
images/010A01.JPG,1
images/032A06.JPG,6
images/078A02.JPG,2
images/035A18.JPG,18
images/048A46.JPG,46
images/062A03.JPG,3
images/079A07.JPG,7
images/004A37.JPG,37
images/059A02b.JPG,2
images/072A45.JPG,45
images/002A04.JPG,4
images/075A00.JPG,0
images/074A00.JPG,0
images/078A08.JPG,8
images/040A19.JPG,19
images/009A16a.JPG,16
images/059A16.JPG,16
images/050A00.JPG,0
images/044A13.JPG,13
images/078A14.JPG,14
images/023A21.JPG,21
images/027A22.JPG,22
images/037A06.JPG,6
images/039A50.JPG,50
images/032A18.JPG,18
images/040A02.JPG,2
images/010A18.JPG,18
images/027A36.JPG,36
images/055A14.JPG,14
images/008A03.JPG,3
images/004A63.JPG,63
images/004A30.JPG,30
images/054A18.JPG,18
images/075A10.JPG,10
images/055A05.JPG,5
images/019A12.JPG,12
images/040A05.JPG,5
images/048A09.JPG,9
images/009A22b.JPG,22
images/050A06.JPG,6
images/062A45.JPG,45
images/041A13.JPG,13
images/062A35.JPG,35
images/065A08.JPG,8
images/079A00.JPG,0
images/040A07.JPG,7
images/052A16.JPG,16
images/042A01.JPG,1
images/063A33.JPG,33
images/032A15.JPG,15
images/008A16.JPG,16
images/043A19.JPG,19
images/036A11.JPG,11
images/015A04.JPG,4
images/080A09.JPG,9
images/003A49.JPG,49
images/078A11.JPG,11
images/051A24.JPG,24
images/040A09.JPG,9
images/015A14.JPG,14
images/006A40.JPG,40
images/062A38.JPG,38
images/041A24.JPG,24
images/058A17.JPG,17
images/028A37.JPG,37
images/080A00.JPG,0
images/057A06.JPG,6
images/006A61.JPG,61
images/007A37.JPG,37
images/008A30.JPG,30
images/050A14.JPG,14
images/078A05.JPG,5
images/080A14.JPG,14
images/035A07.JPG,7
images/080A07.JPG,7
images/004A40.JPG,40
images/021A39.JPG,39
images/024A23.JPG,23
images/051A05.JPG,5
images/067A21.JPG,21
images/035A08.JPG,8
images/058A00.JPG,0
images/079A01.JPG,1
images/039A52.JPG,52
images/015A00.JPG,0
images/043A13.JPG,13
images/040A06.JPG,6
images/076A13.JPG,13
images/037A11.JPG,11
images/059A14.JPG,14
images/052A19.JPG,19
images/014A14.JPG,14
images/010A05.JPG,5
images/040A16.JPG,16
images/065A12.JPG,12
images/043A04.JPG,4
images/078A07.JPG,7
images/065A03b.JPG,3
images/076A05.JPG,5
images/079A10.JPG,10
images/039A19.JPG,19
images/007A39.JPG,39
images/024A00.JPG,0
images/072A34.JPG,34
images/077A14.JPG,14
images/062A54.JPG,54
images/055A12.JPG,12
images/076A09.JPG,9
images/076A04.JPG,4
images/077A00.JPG,0
images/057A18.JPG,18
images/047A09.JPG,9
images/072A13.JPG,13
images/079A13.JPG,13
images/076A11.JPG,11
images/037A00.JPG,0
images/070A05.JPG,5
images/079A09.JPG,9
images/051A14.JPG,14
images/002A36.JPG,36
images/058A06.JPG,6
images/006A42.JPG,42
images/048A52.JPG,52
images/062A15.JPG,15
images/004A19.JPG,19
images/023A05.JPG,5
images/008A18.JPG,18
images/043A27.JPG,27
images/011A30.JPG,30
images/008A17.JPG,17
images/035A23a.JPG,23
images/044A25.JPG,25
images/052A18.JPG,18
images/003A38.JPG,38
images/076A17.JPG,17
images/036A05.JPG,5
images/044A15.JPG,15
images/010A16.JPG,16
images/037A13.JPG,13
images/077A13.JPG,13
images/036A06.JPG,6
images/008A33.JPG,33
images/008A35.JPG,35
images/048A15.JPG,15
images/078A10.JPG,10
images/015A05.JPG,5
images/032A35.JPG,35
images/021A30.JPG,30
images/008A08.JPG,8
images/023A16.JPG,16
images/065A13.JPG,13
images/048A10.JPG,10
images/035A14.JPG,14
images/050A03.JPG,3
images/019A00.JPG,0
images/067A28.JPG,28
images/055A04.JPG,4
images/059A12.JPG,12
images/009A09.JPG,9
images/019A15.JPG,15
images/039A35.JPG,35
images/052A04.JPG,4
images/062A16.JPG,16
images/024A25.JPG,25
images/009A11.JPG,11
images/007A26.JPG,26
images/049A15.JPG,15
images/080A05.JPG,5
images/042A06.JPG,6
images/032A33.JPG,33
images/042A14.JPG,14
images/028A14.JPG,14
images/066A00.JPG,0
images/039A17.JPG,17
images/028A35.JPG,35
images/043A05.JPG,5
images/027A18.JPG,18
images/076A07.JPG,7
images/072A19.JPG,19
images/074A15.JPG,15
images/027A25.JPG,25
images/062A47.JPG,47
images/048A30.JPG,30
images/023A22.JPG,22
images/027A41.JPG,41
images/027A16.JPG,16
images/044A03.JPG,3
images/041A19.JPG,19
images/003A23.JPG,23
images/007A22.JPG,22
images/078A00.JPG,0
images/019A23.JPG,23
images/023A07.JPG,7
images/048A33.JPG,33
images/009A01.JPG,1
images/062A18.JPG,18
images/008A13.JPG,13
images/003A61.JPG,61
images/054A06.JPG,6
images/064A03.JPG,3
images/064A10.JPG,10
images/077A09.JPG,9
images/040A03b.JPG,3
images/078A13.JPG,13
images/011A42.JPG,42
images/058A03.JPG,3
images/014A16.JPG,16
images/075A05.JPG,5
images/067A33.JPG,33
images/047A11.JPG,11
images/003A35.JPG,35
images/059A02a.JPG,2
images/011A27.JPG,27
images/075A03.JPG,3
images/070A09.JPG,9
images/028A20.JPG,20
images/059A07.JPG,7
images/058A04.JPG,4
images/021A06.JPG,6
images/023A14.JPG,14
images/047A18.JPG,18
images/021A03.JPG,3
images/065A03a.JPG,3
images/067A39.JPG,39
images/052A17.JPG,17
images/011A20.JPG,20
images/079A06.JPG,6
images/002A15.JPG,15
images/039A05.JPG,5
images/054A02.JPG,2
images/076A02.JPG,2
images/039A16.JPG,16
images/040A10.JPG,10
images/032A10.JPG,10
images/047A12.JPG,12
images/042A28.JPG,28
images/036A20.JPG,20
images/051A18.JPG,18
images/044A17.JPG,17
images/004A28.JPG,28
images/054A16.JPG,16
images/042A00.JPG,0
images/042A12.JPG,12
images/024A18.JPG,18
images/007A18.JPG,18
images/015A03.JPG,3
images/058A10.JPG,10
images/036A01.JPG,1
images/035A12.JPG,12
images/011A14.JPG,14
images/010A10.JPG,10
images/065A06b.JPG,6
images/024A30.JPG,30
images/006A28.JPG,28
images/048A00.JPG,0
images/036A13.JPG,13
images/021A23.JPG,23
images/002A31.JPG,31
images/014A03.JPG,3
images/078A12.JPG,12
images/050A22.JPG,22
images/040A03a.JPG,3
images/078A03.JPG,3
images/036A17.JPG,17
images/041A09.JPG,9
images/040A21.JPG,21
images/054A11.JPG,11
images/051A00.JPG,0
images/080A13.JPG,13
images/063A22.JPG,22
images/048A18.JPG,18
images/064A04.JPG,4
images/077A03.JPG,3
images/063A08.JPG,8
images/066A08.JPG,8
images/036A19.JPG,19
images/057A16.JPG,16
images/035A16.JPG,16
images/028A18.JPG,18
images/011A17.JPG,17
images/070A03.JPG,3
images/063A09.JPG,9
images/002A16.JPG,16
images/002A18.JPG,18
images/065A06a.JPG,6
