images/045A32.JPG,32
images/053A06.JPG,6
images/056A04.JPG,4
images/041A24.JPG,24
images/038A08.JPG,8
images/071A42.JPG,42
images/015A00.JPG,0
images/020A22.JPG,22
images/063A08.JPG,8
images/030A05.JPG,5
images/063A33.JPG,33
images/026A02.JPG,2
images/062A53.JPG,53
images/067A33.JPG,33
images/081A01.JPG,1
images/075A10.JPG,10
images/040A03a.JPG,3
images/020A02.JPG,2
images/059A14.JPG,14
images/040A12.JPG,12
images/058A01.JPG,1
images/031A14.JPG,14
images/067A39.JPG,39
images/007A38.JPG,38
images/048A54.JPG,54
images/071A27.JPG,27
images/009A14.JPG,14
images/054A18.JPG,18
images/026A04.JPG,4
images/078A14.JPG,14
images/017A42.JPG,42
images/024A07.JPG,7
images/063A25.JPG,25
images/028A37.JPG,37
images/075A00.JPG,0
images/026A17.JPG,17
images/063A09.JPG,9
images/016A12.JPG,12
images/001A18.JPG,18
images/028A18.JPG,18
images/075A03.JPG,3
images/050A03.JPG,3
images/009A16a.JPG,16
images/073A06.JPG,6
images/005A31.JPG,31
images/065A04.JPG,4
images/059A07.JPG,7
images/024A30.JPG,30
images/054A19.JPG,19
images/044A13.JPG,13
images/010A09.JPG,9
images/005A35.JPG,35
images/076A15.JPG,15
images/058A15.JPG,15
images/031A12.JPG,12
images/040A16.JPG,16
images/064A01.JPG,1
images/059A06.JPG,6
images/053A02.JPG,2
images/026A18.JPG,18
images/061A17.JPG,17
images/011A30.JPG,30
images/079A11.JPG,11
images/079A02.JPG,2
images/049A16.JPG,16
images/001A02.JPG,2
images/056A15.JPG,15
images/057A16.JPG,16
images/050A10.JPG,10
images/078A15.JPG,15
images/009A16b.JPG,16
images/075A08.JPG,8
images/035A01.JPG,1
images/015A09.JPG,9
images/038A34.JPG,34
images/082A21.JPG,21
images/028A20.JPG,20
images/064A19.JPG,19
images/018A16.JPG,16
images/033A14.JPG,14
images/033A44.JPG,44
images/026A11.JPG,11
images/030A20.JPG,20
images/054A11.JPG,11
images/057A06.JPG,6
images/016A16.JPG,16
images/075A05.JPG,5
images/079A07.JPG,7
images/048A30.JPG,30
images/061A07.JPG,7
images/018A28.JPG,28
images/071A44.JPG,44
images/009A00.JPG,0
images/017A19.JPG,19
images/048A49.JPG,49
images/035A09.JPG,9
images/073A16.JPG,16
images/020A30.JPG,30
images/013A08.JPG,8
images/073A14.JPG,14
images/054A16.JPG,16
images/011A07.JPG,7
images/050A14.JPG,14
images/045A06.JPG,6
images/070A03.JPG,3
images/010A01.JPG,1
images/017A26.JPG,26
images/054A13.JPG,13
images/076A01.JPG,1
images/063A18.JPG,18
images/057A07.JPG,7
images/062A35.JPG,35
images/081A07.JPG,7
images/049A04.JPG,4
images/018A22.JPG,22
images/017A15.JPG,15
images/057A05.JPG,5
images/015A04.JPG,4
images/003A47.JPG,47
images/016A03.JPG,3
images/078A13.JPG,13
images/075A06.JPG,6
images/030A04.JPG,4
images/038A17.JPG,17
images/018A25.JPG,25
images/078A03.JPG,3
images/038A00.JPG,0
images/024A10.JPG,10
images/073A05.JPG,5
images/075A11.JPG,11
images/013A41.JPG,41
images/013A18.JPG,18
images/044A18.JPG,18
images/017A05.JPG,5
images/044A25.JPG,25
images/061A06.JPG,6
images/067A26.JPG,26
images/066A00.JPG,0
images/073A01.JPG,1
images/062A54.JPG,54
images/020A20.JPG,20
images/059A04.JPG,4
images/024A05.JPG,5
images/082A20.JPG,20
images/076A16.JPG,16
images/035A14.JPG,14
images/070A09.JPG,9
images/053A11.JPG,11
images/058A10.JPG,10
images/066A02a.JPG,2
images/013A25.JPG,25
images/005A61.JPG,61
images/074A01.JPG,1
images/007A45.JPG,45
images/045A25.JPG,25
images/031A03.JPG,3
images/062A45.JPG,45
images/016A19.JPG,19
images/059A16.JPG,16
images/010A05.JPG,5
images/027A30.JPG,30
images/016A14.JPG,14
images/006A36.JPG,36
images/078A10.JPG,10
images/048A15.JPG,15
images/076A07.JPG,7
images/076A17.JPG,17
images/041A19.JPG,19
images/027A41.JPG,41
images/011A11.JPG,11
images/010A12.JPG,12
images/079A12.JPG,12
images/053A00.JPG,0
images/040A21.JPG,21
images/076A02.JPG,2
images/003A60.JPG,60
images/076A05.JPG,5
images/009A22b.JPG,22
images/058A05.JPG,5
images/015A01.JPG,1
images/078A06.JPG,6
images/044A15.JPG,15
images/061A26.JPG,26
images/076A14.JPG,14
images/082A18.JPG,18
images/066A11.JPG,11
images/048A17.JPG,17
images/038A10.JPG,10
images/045A17.JPG,17
images/035A05.JPG,5
images/048A52.JPG,52
images/061A04.JPG,4
images/048A33.JPG,33
images/074A12.JPG,12
images/033A39.JPG,39
images/033A10.JPG,10
images/010A06.JPG,6
images/049A06.JPG,6
images/081A06.JPG,6
images/030A10.JPG,10
images/057A25.JPG,25
images/038A14.JPG,14
images/015A03.JPG,3
images/058A04.JPG,4
images/066A10.JPG,10
images/041A21.JPG,21
images/018A11.JPG,11
images/065A02a.JPG,2
images/065A03a.JPG,3
images/071A23.JPG,23
images/038A13.JPG,13
images/035A18.JPG,18
images/013A19.JPG,19
images/005A49.JPG,49
images/044A05.JPG,5
images/001A14.JPG,14
images/010A10.JPG,10
images/066A08.JPG,8
images/010A18.JPG,18
images/003A49.JPG,49
images/062A18.JPG,18
images/061A19.JPG,19
images/020A16.JPG,16
images/031A11.JPG,11
images/053A08.JPG,8
images/026A00.JPG,0
images/024A18.JPG,18
images/081A04.JPG,4
images/026A13.JPG,13
images/011A17.JPG,17
images/040A05.JPG,5
images/041A02.JPG,2
images/031A15.JPG,15
images/011A13.JPG,13
images/017A32.JPG,32
images/075A01.JPG,1
images/079A08.JPG,8
images/013A21.JPG,21
images/066A09.JPG,9
images/053A04.JPG,4
images/048A00.JPG,0
images/001A19.JPG,19
images/038A21.JPG,21
images/066A02b.JPG,2
images/061A10.JPG,10
images/038A05.JPG,5
images/001A28.JPG,28
images/071A43.JPG,43
images/018A06.JPG,6
images/031A00.JPG,0
images/062A16.JPG,16
images/054A10.JPG,10
images/024A00.JPG,0
images/053A10.JPG,10
images/078A09.JPG,9
images/076A03.JPG,3
images/006A28.JPG,28
images/031A07.JPG,7
images/018A34.JPG,34
images/081A02.JPG,2
images/024A28.JPG,28
images/015A07.JPG,7
images/024A23.JPG,23
images/009A11.JPG,11
images/018A36.JPG,36
images/030A07.JPG,7
images/041A00.JPG,0
images/038A01.JPG,1
images/041A13.JPG,13
images/040A02.JPG,2
images/038A23.JPG,23
images/013A44.JPG,44
images/074A13.JPG,13
images/081A11.JPG,11
images/027A25.JPG,25
images/005A30.JPG,30
images/016A18.JPG,18
images/016A10.JPG,10
images/028A34.JPG,34
images/015A17.JPG,17
images/027A13.JPG,13
images/011A20.JPG,20
images/049A07.JPG,7
images/058A03.JPG,3
images/007A01.JPG,1
images/076A11.JPG,11
images/061A18.JPG,18
images/003A51.JPG,51
images/003A20.JPG,20
images/003A23.JPG,23
images/053A01.JPG,1
images/020A13.JPG,13
images/065A07a.JPG,7
images/045A43.JPG,43
images/049A12.JPG,12
images/026A19.JPG,19
images/054A09.JPG,9
images/033A05.JPG,5
images/079A10.JPG,10
images/050A06.JPG,6
images/064A15.JPG,15
images/015A15.JPG,15
images/073A04.JPG,4
images/081A03.JPG,3
images/041A04.JPG,4
images/065A03b.JPG,3
images/013A00.JPG,0
images/035A23b.JPG,23
images/003A25.JPG,25
images/001A10.JPG,10
images/005A18.JPG,18
images/057A17.JPG,17
images/035A00.JPG,0
images/044A03.JPG,3
images/054A02.JPG,2
images/065A08.JPG,8
images/065A07b.JPG,7
images/049A08.JPG,8
images/031A16.JPG,16
images/062A38.JPG,38
images/040A09.JPG,9
images/063A00.JPG,0
images/030A18.JPG,18
images/076A12.JPG,12
images/028A14.JPG,14
images/048A50.JPG,50
images/079A04.JPG,4
images/062A30.JPG,30
images/062A47.JPG,47
images/001A08.JPG,8
images/061A30.JPG,30
images/045A28.JPG,28
images/054A12.JPG,12
images/045A08.JPG,8
images/033A02.JPG,2
images/010A16.JPG,16
images/074A00.JPG,0
images/031A06.JPG,6
images/028A35.JPG,35
images/071A18.JPG,18
images/070A07.JPG,7
images/074A15.JPG,15
images/040A14.JPG,14
images/074A07.JPG,7
images/011A27.JPG,27
images/075A07.JPG,7
images/065A11.JPG,11
images/058A13.JPG,13
images/078A01.JPG,1
images/006A67.JPG,67
images/035A23a.JPG,23
images/030A17.JPG,17
images/071A40.JPG,40
images/035A03.JPG,3
images/078A12.JPG,12
images/027A18.JPG,18
images/040A03b.JPG,3
images/067A04.JPG,4
images/020A36.JPG,36
images/035A08.JPG,8
images/073A07.JPG,7
images/071A10.JPG,10
images/005A40.JPG,40
images/013A16.JPG,16
images/074A05.JPG,5
images/073A03.JPG,3
images/074A09.JPG,9
images/071A22.JPG,22
images/001A16.JPG,16
images/031A09.JPG,9
images/016A07.JPG,7
images/010A04.JPG,4
images/018A18.JPG,18
images/030A16.JPG,16
images/033A21.JPG,21
images/044A17.JPG,17
images/076A08.JPG,8
images/048A46.JPG,46
images/024A17.JPG,17
images/059A02a.JPG,2
images/071A00.JPG,0
images/053A13.JPG,13
images/010A07a.JPG,7
images/038A03.JPG,3
images/007A22.JPG,22
images/056A12.JPG,12
images/058A06.JPG,6
images/073A09.JPG,9
images/076A06.JPG,6
images/078A08.JPG,8
images/005A48.JPG,48
images/048A09.JPG,9
images/058A00.JPG,0
images/048A11.JPG,11
images/028A16.JPG,16
images/006A40.JPG,40
images/056A06.JPG,6
images/009A09.JPG,9
images/035A12.JPG,12
images/074A14.JPG,14
images/026A07.JPG,7
images/016A08.JPG,8
images/079A06.JPG,6
images/038A04.JPG,4
images/059A12.JPG,12
images/071A45.JPG,45
images/082A00.JPG,0
images/058A17.JPG,17
images/071A35.JPG,35
images/070A06.JPG,6
images/006A31.JPG,31
images/028A26.JPG,26
images/056A02.JPG,2
images/065A09.JPG,9
images/073A00.JPG,0
images/062A15.JPG,15
images/009A18.JPG,18
images/035A21.JPG,21
images/007A39.JPG,39
images/017A22.JPG,22
images/057A00.JPG,0
images/057A23.JPG,23
images/013A34.JPG,34
images/082A25.JPG,25
images/009A01.JPG,1
images/001A40.JPG,40
images/073A13.JPG,13
images/048A16.JPG,16
images/049A17.JPG,17
images/079A01.JPG,1
images/028A41.JPG,41
images/076A00.JPG,0
images/070A02.JPG,2
images/028A28.JPG,28
images/026A15.JPG,15
images/081A05.JPG,5
images/041A09.JPG,9
images/001A43a.JPG,43
images/013A23.JPG,23
images/003A18.JPG,18
images/059A02b.JPG,2
images/067A14.JPG,14
images/030A23.JPG,23
images/064A04.JPG,4
images/040A07.JPG,7
images/075A02.JPG,2
images/028A46.JPG,46
images/078A11.JPG,11
images/018A33.JPG,33
images/045A18.JPG,18
images/082A22.JPG,22
images/082A23.JPG,23
images/003A61.JPG,61
images/024A19.JPG,19
images/081A00.JPG,0
images/066A03.JPG,3
images/013A30.JPG,30
images/031A04.JPG,4
images/070A05.JPG,5
images/067A23.JPG,23
images/001A05.JPG,5
images/011A34.JPG,34
images/074A04.JPG,4
images/079A03.JPG,3
images/056A03.JPG,3
images/011A02.JPG,2
images/076A09.JPG,9
images/016A04.JPG,4
images/030A26.JPG,26
images/003A58.JPG,58
images/011A40.JPG,40
images/009A13.JPG,13
images/054A17.JPG,17
images/063A02.JPG,2
images/070A00.JPG,0
images/031A02.JPG,2
images/063A20.JPG,20
images/011A42.JPG,42
images/050A16.JPG,16
images/066A06b.JPG,6
images/035A16.JPG,16
images/067A30.JPG,30
images/006A55.JPG,55
images/061A29.JPG,29
images/065A13.JPG,13
images/059A03.JPG,3
images/076A04.JPG,4
images/054A00.JPG,0
images/006A24.JPG,24
images/070A01.JPG,1
images/045A03.JPG,3
images/045A19.JPG,19
images/049A05.JPG,5
images/078A05.JPG,5
images/010A15.JPG,15
images/053A12.JPG,12
images/074A03.JPG,3
images/064A10.JPG,10
images/078A07.JPG,7
images/040A19.JPG,19
images/011A14.JPG,14
images/076A13.JPG,13
images/006A46.JPG,46
images/082A16.JPG,16
images/079A05.JPG,5
images/027A20.JPG,20
images/024A25.JPG,25
images/070A08.JPG,8
images/015A10.JPG,10
images/067A28.JPG,28
images/015A12.JPG,12
images/010A07b.JPG,7
images/074A08.JPG,8
images/056A10.JPG,10
images/016A05.JPG,5
images/016A17.JPG,17
images/007A18.JPG,18
images/040A00.JPG,0
images/027A16.JPG,16
images/045A48.JPG,48
images/027A36.JPG,36
images/048A18.JPG,18
images/033A25.JPG,25
images/005A45.JPG,45
images/007A26.JPG,26
images/015A14.JPG,14
images/065A06a.JPG,6
images/064A03.JPG,3
images/073A15.JPG,15
images/073A08.JPG,8
images/016A01.JPG,1
images/007A23.JPG,23
images/066A07.JPG,7
images/018A29.JPG,29
images/001A29.JPG,29
images/081A12.JPG,12
images/015A05.JPG,5
images/074A11.JPG,11
images/015A19.JPG,19
images/011A15.JPG,15
images/045A12.JPG,12
images/041A20.JPG,20
images/020A11.JPG,11
images/020A18.JPG,18
images/044A07.JPG,7
images/071A24.JPG,24
images/045A40.JPG,40
images/020A04.JPG,4
images/017A36.JPG,36
images/048A10.JPG,10
images/050A22.JPG,22
images/017A17.JPG,17
images/005A52.JPG,52
images/070A14.JPG,14
images/082A27.JPG,27
images/070A12.JPG,12
images/027A02.JPG,2
images/074A10.JPG,10
images/049A15.JPG,15
images/073A02.JPG,2
images/009A22a.JPG,22
images/050A00.JPG,0
images/079A13.JPG,13
images/062A03.JPG,3
images/063A22.JPG,22
images/062A41.JPG,41
images/044A01.JPG,1
images/009A05.JPG,5
images/049A10.JPG,10
images/061A15.JPG,15
images/078A02.JPG,2
images/061A25.JPG,25
images/057A12.JPG,12
images/030A00.JPG,0
images/048A27.JPG,27
images/079A00.JPG,0
images/067A21.JPG,21
images/033A30.JPG,30
images/026A06.JPG,6
images/063A04.JPG,4
images/040A06.JPG,6
images/005A24.JPG,24
images/073A12.JPG,12
images/006A61.JPG,61
images/031A19.JPG,19
images/011A05.JPG,5
images/020A24.JPG,24
images/009A03.JPG,3
images/017A38.JPG,38
images/076A10.JPG,10
images/074A02.JPG,2
images/074A06.JPG,6
images/001A33.JPG,33
images/061A32.JPG,32
images/038A11.JPG,11
images/082A31.JPG,31
images/027A22.JPG,22
images/006A69.JPG,69
images/066A04.JPG,4
images/017A07.JPG,7
images/020A26.JPG,26
images/007A37.JPG,37
images/067A17.JPG,17
images/065A10.JPG,10
images/050A18.JPG,18
images/065A12.JPG,12
images/079A09.JPG,9
images/033A18.JPG,18
images/033A35.JPG,35
images/035A07.JPG,7
images/057A18.JPG,18
images/017A29.JPG,29
images/041A06.JPG,6
images/053A03.JPG,3
images/056A01.JPG,1
images/054A04.JPG,4
images/006A42.JPG,42
images/044A21.JPG,21
images/078A04.JPG,4
images/082A03.JPG,3
images/020A08.JPG,8
images/001A43b.JPG,43
images/078A00.JPG,0
images/017A12.JPG,12
images/066A06a.JPG,6
images/065A06b.JPG,6
images/054A06.JPG,6
images/053A15.JPG,15
images/081A08.JPG,8
images/065A02b.JPG,2
images/003A38.JPG,38
images/001A22.JPG,22
images/040A10.JPG,10
images/081A10.JPG,10
images/073A11.JPG,11
images/058A02.JPG,2
images/006A51.JPG,51
images/053A18.JPG,18
images/027A11.JPG,11
images/003A35.JPG,35
