images/032A15.JPG,15
images/025A34.JPG,34
images/008A31.JPG,31
images/046A00.JPG,0
images/002A18.JPG,18
images/069A05.JPG,5
images/038A34.JPG,34
images/071A44.JPG,44
images/022A23.JPG,23
images/030A16.JPG,16
images/021A23.JPG,23
images/071A40.JPG,40
images/073A03.JPG,3
images/019A03.JPG,3
images/043A03.JPG,3
images/052A02.JPG,2
images/082A00.JPG,0
images/069A04.JPG,4
images/043A10.JPG,10
images/073A11.JPG,11
images/070A07.JPG,7
images/010A06.JPG,6
images/067A17.JPG,17
images/045A08.JPG,8
images/038A01.JPG,1
images/032A33.JPG,33
images/081A12.JPG,12
images/057A23.JPG,23
images/072A41.JPG,41
images/070A01.JPG,1
images/057A12.JPG,12
images/014A03.JPG,3
images/073A02.JPG,2
images/048A17.JPG,17
images/062A35.JPG,35
images/036A11.JPG,11
images/027A18.JPG,18
images/078A12.JPG,12
images/078A06.JPG,6
images/045A48.JPG,48
images/029A13.JPG,13
images/023A14.JPG,14
images/034A04.JPG,4
images/019A27.JPG,27
images/059A16.JPG,16
images/054A19.JPG,19
images/073A09.JPG,9
images/074A01.JPG,1
images/008A17.JPG,17
images/046A20.JPG,20
images/034A02.JPG,2
images/028A26.JPG,26
images/038A08.JPG,8
images/022A28.JPG,28
images/043A00.JPG,0
images/046A18.JPG,18
images/036A05.JPG,5
images/034A35.JPG,35
images/068A00.JPG,0
images/074A06.JPG,6
images/045A03.JPG,3
images/082A03.JPG,3
images/048A49.JPG,49
images/077A06.JPG,6
images/062A18.JPG,18
images/045A06.JPG,6
images/071A10.JPG,10
images/068A14.JPG,14
images/028A34.JPG,34
images/074A10.JPG,10
images/052A17.JPG,17
images/074A08.JPG,8
images/076A14.JPG,14
images/078A09.JPG,9
images/081A07.JPG,7
images/023A05.JPG,5
images/012A30.JPG,30
images/029A10.JPG,10
images/017A38.JPG,38
images/078A00.JPG,0
images/003A18.JPG,18
images/012A23.JPG,23
images/038A21.JPG,21
images/072A21.JPG,21
images/002A31.JPG,31
images/003A38.JPG,38
images/040A12.JPG,12
images/029A20.JPG,20
images/037A19.JPG,19
images/054A18.JPG,18
images/039A35.JPG,35
images/038A03.JPG,3
images/032A20.JPG,20
images/029A23.JPG,23
images/036A06.JPG,6
images/045A43.JPG,43
images/037A02.JPG,2
images/002A05.JPG,5
images/069A13.JPG,13
images/017A42.JPG,42
images/074A02.JPG,2
images/042A10.JPG,10
images/034A18.JPG,18
images/060A11.JPG,11
images/021A39.JPG,39
images/023A29.JPG,29
images/054A13.JPG,13
images/044A17.JPG,17
images/028A18.JPG,18
images/012A12.JPG,12
images/069A03.JPG,3
images/034A21.JPG,21
images/017A12.JPG,12
images/043A23.JPG,23
images/077A10.JPG,10
images/014A16.JPG,16
images/070A12.JPG,12
images/072A29.JPG,29
images/060A19.JPG,19
images/011A34.JPG,34
images/046A16.JPG,16
images/036A00.JPG,0
images/042A18.JPG,18
images/029A33.JPG,33
images/057A00.JPG,0
images/069A10.JPG,10
images/077A11.JPG,11
images/011A15.JPG,15
images/011A13.JPG,13
images/032A28.JPG,28
images/066A09.JPG,9
images/017A36.JPG,36
images/027A13.JPG,13
images/023A18.JPG,18
images/055A22.JPG,22
images/068A11.JPG,11
images/012A26.JPG,26
images/030A26.JPG,26
images/021A11.JPG,11
images/017A26.JPG,26
images/048A15.JPG,15
images/076A03.JPG,3
images/072A34.JPG,34
images/073A14.JPG,14
images/077A16.JPG,16
images/072A17.JPG,17
images/040A03b.JPG,3
images/030A18.JPG,18
images/074A04.JPG,4
images/021A35.JPG,35
images/053A01.JPG,1
images/059A02b.JPG,2
images/066A04.JPG,4
images/023A25.JPG,25
images/064A19.JPG,19
images/044A21.JPG,21
images/002A38.JPG,38
images/036A08.JPG,8
images/011A14.JPG,14
images/062A03.JPG,3
images/044A18.JPG,18
images/008A30.JPG,30
images/062A30.JPG,30
images/066A07.JPG,7
images/042A04.JPG,4
images/076A17.JPG,17
images/067A04.JPG,4
images/029A01.JPG,1
images/046A10.JPG,10
images/069A09.JPG,9
images/070A00.JPG,0
images/008A33.JPG,33
images/045A40.JPG,40
images/076A04.JPG,4
images/025A23.JPG,23
images/052A10.JPG,10
images/074A09.JPG,9
images/019A12.JPG,12
images/071A43.JPG,43
images/053A18.JPG,18
images/053A10.JPG,10
images/040A00.JPG,0
images/021A18.JPG,18
images/028A41.JPG,41
images/076A11.JPG,11
images/077A09.JPG,9
images/044A05.JPG,5
images/078A05.JPG,5
images/046A17.JPG,17
images/030A04.JPG,4
images/064A10.JPG,10
images/003A20.JPG,20
images/054A10.JPG,10
images/082A23.JPG,23
images/076A07.JPG,7
images/011A40.JPG,40
images/076A12.JPG,12
images/081A06.JPG,6
images/054A04.JPG,4
images/044A07.JPG,7
images/076A06.JPG,6
images/008A35.JPG,35
images/072A13.JPG,13
images/073A04.JPG,4
images/054A02.JPG,2
images/011A30.JPG,30
images/067A28.JPG,28
images/003A60.JPG,60
images/028A28.JPG,28
images/069A00.JPG,0
images/071A27.JPG,27
images/039A11.JPG,11
images/071A18.JPG,18
images/078A10.JPG,10
images/060A05.JPG,5
images/042A06.JPG,6
images/042A14.JPG,14
images/060A10.JPG,10
images/055A06.JPG,6
images/027A30.JPG,30
images/078A14.JPG,14
images/054A11.JPG,11
images/023A22.JPG,22
images/040A02.JPG,2
images/048A27.JPG,27
images/048A46.JPG,46
images/019A15.JPG,15
images/071A35.JPG,35
images/029A11.JPG,11
images/034A44.JPG,44
images/012A04.JPG,4
images/081A02.JPG,2
images/039A15.JPG,15
images/046A14.JPG,14
images/023A21.JPG,21
images/017A07.JPG,7
images/081A10.JPG,10
images/008A08.JPG,8
images/036A03.JPG,3
images/023A00.JPG,0
images/025A12.JPG,12
images/074A07.JPG,7
images/077A01.JPG,1
images/048A11.JPG,11
images/019A18.JPG,18
images/076A05.JPG,5
images/029A16.JPG,16
images/036A15.JPG,15
images/037A13.JPG,13
images/008A21.JPG,21
images/014A36.JPG,36
images/021A05.JPG,5
images/078A01.JPG,1
images/008A41.JPG,41
images/003A51.JPG,51
images/011A11.JPG,11
images/034A11.JPG,11
images/042A00.JPG,0
images/012A07.JPG,7
images/032A08.JPG,8
images/053A08.JPG,8
images/002A12.JPG,12
images/019A30.JPG,30
images/067A14.JPG,14
images/003A35.JPG,35
images/067A21.JPG,21
images/025A00.JPG,0
images/052A07.JPG,7
images/069A06.JPG,6
images/019A00.JPG,0
images/046A02.JPG,2
images/025A15.JPG,15
images/070A09.JPG,9
images/010A09.JPG,9
images/019A23.JPG,23
images/010A15.JPG,15
images/060A07.JPG,7
images/042A08.JPG,8
images/017A22.JPG,22
images/054A09.JPG,9
images/029A29.JPG,29
images/078A15.JPG,15
images/062A15.JPG,15
images/081A11.JPG,11
images/037A18.JPG,18
images/028A35.JPG,35
images/068A04.JPG,4
images/048A09.JPG,9
images/025A28.JPG,28
images/012A25.JPG,25
images/046A04.JPG,4
images/042A05.JPG,5
images/045A32.JPG,32
images/032A18.JPG,18
images/039A19.JPG,19
images/040A21.JPG,21
images/011A27.JPG,27
images/027A36.JPG,36
images/038A23.JPG,23
images/040A14.JPG,14
images/002A21.JPG,21
images/053A00.JPG,0
images/027A22.JPG,22
images/060A06.JPG,6
images/030A05.JPG,5
images/072A19.JPG,19
images/070A08.JPG,8
images/057A05.JPG,5
images/038A14.JPG,14
images/076A02.JPG,2
images/011A02.JPG,2
images/027A20.JPG,20
images/073A15.JPG,15
images/039A52.JPG,52
images/055A14.JPG,14
images/070A14.JPG,14
images/076A10.JPG,10
images/030A00.JPG,0
images/062A38.JPG,38
images/014A12.JPG,12
images/045A12.JPG,12
images/012A34.JPG,34
images/043A19.JPG,19
images/032A40.JPG,40
images/002A07.JPG,7
images/042A20.JPG,20
images/044A25.JPG,25
images/071A45.JPG,45
images/054A00.JPG,0
images/003A61.JPG,61
images/069A07.JPG,7
images/059A03.JPG,3
images/010A12.JPG,12
images/012A18.JPG,18
images/074A15.JPG,15
images/073A00.JPG,0
images/014A18.JPG,18
images/029A31.JPG,31
images/019A05.JPG,5
images/070A02.JPG,2
images/077A02.JPG,2
images/010A18.JPG,18
images/053A04.JPG,4
images/073A13.JPG,13
images/062A53.JPG,53
images/040A03a.JPG,3
images/025A03.JPG,3
images/064A04.JPG,4
images/025A18.JPG,18
images/012A14.JPG,14
images/076A13.JPG,13
images/054A12.JPG,12
images/023A16.JPG,16
images/072A11.JPG,11
images/036A17.JPG,17
images/025A22.JPG,22
images/008A03.JPG,3
images/008A16.JPG,16
images/077A15.JPG,15
images/067A39.JPG,39
images/008A29.JPG,29
images/048A33.JPG,33
images/059A12.JPG,12
images/059A02a.JPG,2
images/029A04.JPG,4
images/012A32.JPG,32
images/028A37.JPG,37
images/027A25.JPG,25
images/059A07.JPG,7
images/017A15.JPG,15
images/010A07a.JPG,7
images/040A05.JPG,5
images/043A13.JPG,13
images/054A17.JPG,17
images/060A12.JPG,12
images/003A49.JPG,49
images/077A08.JPG,8
images/078A04.JPG,4
images/002A26.JPG,26
images/040A06.JPG,6
images/072A02.JPG,2
images/039A16.JPG,16
images/023A09.JPG,9
images/053A06.JPG,6
images/028A20.JPG,20
images/038A00.JPG,0
images/053A15.JPG,15
images/076A00.JPG,0
images/036A13.JPG,13
images/040A09.JPG,9
images/043A17.JPG,17
images/022A27.JPG,27
images/081A00.JPG,0
images/011A17.JPG,17
images/069A02.JPG,2
images/038A11.JPG,11
images/030A07.JPG,7
images/027A11.JPG,11
images/002A36.JPG,36
images/068A12.JPG,12
images/032A06.JPG,6
images/068A09.JPG,9
images/082A18.JPG,18
images/037A17.JPG,17
images/027A16.JPG,16
images/044A15.JPG,15
images/074A00.JPG,0
images/040A19.JPG,19
images/073A07.JPG,7
images/077A00.JPG,0
images/072A07.JPG,7
images/066A06b.JPG,6
images/046A08.JPG,8
images/002A20.JPG,20
images/034A16.JPG,16
images/022A30.JPG,30
images/054A06.JPG,6
images/028A16.JPG,16
images/039A07.JPG,7
images/045A25.JPG,25
images/076A16.JPG,16
images/021A16.JPG,16
images/010A07b.JPG,7
images/036A20.JPG,20
images/060A04.JPG,4
images/076A15.JPG,15
images/017A29.JPG,29
images/067A30.JPG,30
images/039A17.JPG,17
images/034A39.JPG,39
images/066A10.JPG,10
images/072A14.JPG,14
images/042A24.JPG,24
images/055A08.JPG,8
images/042A01.JPG,1
images/048A54.JPG,54
images/071A00.JPG,0
images/077A07.JPG,7
images/017A05.JPG,5
images/039A50.JPG,50
images/055A23.JPG,23
images/068A13.JPG,13
images/060A17.JPG,17
images/039A10.JPG,10
images/057A18.JPG,18
images/052A13.JPG,13
images/055A12.JPG,12
images/042A12.JPG,12
images/081A05.JPG,5
images/052A20.JPG,20
images/073A06.JPG,6
images/046A06.JPG,6
images/052A14.JPG,14
images/040A10.JPG,10
images/082A25.JPG,25
images/010A04.JPG,4
images/071A22.JPG,22
images/044A01.JPG,1
images/011A05.JPG,5
images/037A09.JPG,9
images/034A30.JPG,30
images/037A11.JPG,11
images/022A20.JPG,20
images/019A07.JPG,7
images/048A00.JPG,0
images/012A27.JPG,27
images/025A19.JPG,19
images/072A25.JPG,25
images/044A13.JPG,13
images/010A05.JPG,5
images/082A21.JPG,21
images/036A18.JPG,18
images/030A23.JPG,23
images/034A13.JPG,13
images/081A08.JPG,8
images/062A45.JPG,45
images/012A36.JPG,36
images/066A08.JPG,8
images/010A16.JPG,16
images/072A45.JPG,45
images/022A11.JPG,11
images/082A16.JPG,16
images/052A04.JPG,4
images/048A30.JPG,30
images/070A03.JPG,3
images/039A45.JPG,45
images/039A05.JPG,5
images/014A42.JPG,42
images/068A03.JPG,3
images/029A05.JPG,5
images/067A26.JPG,26
images/002A29.JPG,29
images/069A11.JPG,11
images/077A12.JPG,12
images/074A11.JPG,11
images/076A09.JPG,9
images/022A07.JPG,7
images/053A12.JPG,12
images/081A04.JPG,4
images/043A05.JPG,5
images/072A27.JPG,27
images/025A07.JPG,7
images/042A28.JPG,28
images/073A16.JPG,16
images/012A21.JPG,21
images/057A16.JPG,16
images/017A19.JPG,19
images/076A08.JPG,8
images/032A13.JPG,13
images/038A05.JPG,5
images/027A02.JPG,2
images/078A03.JPG,3
images/022A00.JPG,0
images/053A03.JPG,3
images/010A01.JPG,1
images/054A16.JPG,16
images/073A12.JPG,12
images/045A28.JPG,28
images/014A22.JPG,22
images/048A18.JPG,18
images/060A08.JPG,8
images/053A13.JPG,13
images/045A19.JPG,19
images/067A23.JPG,23
images/066A02a.JPG,2
images/071A24.JPG,24
images/059A14.JPG,14
images/038A10.JPG,10
images/053A11.JPG,11
images/039A02.JPG,2
images/012A24.JPG,24
images/068A10b.JPG,10
images/059A06.JPG,6
images/082A31.JPG,31
images/034A25.JPG,25
images/074A13.JPG,13
images/002A04.JPG,4
images/030A20.JPG,20
images/077A14.JPG,14
images/017A17.JPG,17
images/057A06.JPG,6
images/021A20.JPG,20
images/030A10.JPG,10
images/014A30.JPG,30
images/059A04.JPG,4
images/008A13.JPG,13
images/039A13.JPG,13
images/048A50.JPG,50
images/066A06a.JPG,6
images/011A20.JPG,20
images/081A01.JPG,1
images/057A07.JPG,7
images/078A08.JPG,8
images/017A32.JPG,32
images/066A11.JPG,11
images/037A06.JPG,6
images/028A14.JPG,14
images/002A16.JPG,16
images/043A04.JPG,4
images/011A07.JPG,7
images/021A06.JPG,6
images/062A47.JPG,47
images/014A40.JPG,40
images/073A01.JPG,1
images/067A33.JPG,33
images/076A01.JPG,1
images/040A16.JPG,16
images/037A01.JPG,1
images/052A16.JPG,16
images/074A05.JPG,5
images/022A25.JPG,25
images/038A13.JPG,13
images/023A07.JPG,7
images/002A03.JPG,3
images/074A12.JPG,12
images/036A01.JPG,1
images/037A04.JPG,4
images/043A27.JPG,27
images/010A10.JPG,10
images/044A03.JPG,3
images/037A00.JPG,0
images/064A01.JPG,1
images/021A27.JPG,27
images/003A25.JPG,25
images/077A13.JPG,13
images/057A25.JPG,25
images/078A02.JPG,2
images/077A04.JPG,4
images/062A54.JPG,54
images/060A02.JPG,2
images/023A03.JPG,3
images/052A19.JPG,19
images/082A22.JPG,22
images/074A14.JPG,14
images/022A16.JPG,16
images/021A30.JPG,30
images/038A04.JPG,4
images/003A47.JPG,47
images/062A41.JPG,41
images/022A18.JPG,18
images/045A18.JPG,18
images/030A17.JPG,17
images/008A18.JPG,18
images/038A17.JPG,17
images/032A35.JPG,35
images/040A07.JPG,7
images/064A15.JPG,15
images/062A16.JPG,16
images/032A24.JPG,24
images/060A20.JPG,20
images/066A02b.JPG,2
images/077A03.JPG,3
images/008A12.JPG,12
images/055A05.JPG,5
images/003A23.JPG,23
images/052A18.JPG,18
images/028A46.JPG,46
images/048A16.JPG,16
images/048A10.JPG,10
images/048A52.JPG,52
images/066A00.JPG,0
images/043A15.JPG,15
images/073A05.JPG,5
images/078A11.JPG,11
images/029A22.JPG,22
images/064A03.JPG,3
images/055A04.JPG,4
images/070A05.JPG,5
images/002A23.JPG,23
images/070A06.JPG,6
images/082A27.JPG,27
images/036A19.JPG,19
images/034A15.JPG,15
images/071A23.JPG,23
images/027A41.JPG,41
images/066A03.JPG,3
images/057A17.JPG,17
images/081A03.JPG,3
images/022A26.JPG,26
images/071A42.JPG,42
images/068A10a.JPG,10
images/014A14.JPG,14
images/021A03.JPG,3
images/045A17.JPG,17
images/022A14.JPG,14
images/002A15.JPG,15
images/073A08.JPG,8
images/003A58.JPG,58
images/074A03.JPG,3
images/037A08.JPG,8
images/082A20.JPG,20
images/025A39.JPG,39
images/011A42.JPG,42
images/008A06.JPG,6
images/032A10.JPG,10
images/046A01.JPG,1
images/053A02.JPG,2
images/078A07.JPG,7
images/078A13.JPG,13
images/046A12.JPG,12
